tree
version=v4
num_class=1
num_tree_per_iteration=1
label_index=0
max_feature_idx=7
objective=binary sigmoid:1
feature_names=withdrawal_amount channel_deviation_score velocity_10m velocity_24h distance_from_last_terminal_km is_off_hours failed_auth_attempts amount_to_avg_ratio
feature_infos=[100:79000] [0:0.99980000000000002] [0:10] [0:23] [0.10000000000000001:2173.46] [0:1] [0:4] [0.02:38.119999999999997]
tree_sizes=573 471 793 685 903 465 681 574 579 1241 364 582 685 577 364 580 682 1124 475 581 688 692 1421 1456 1675 1563 2543 2549 2004 1859 1745 1973 2002 1785 2090 2417 2002 1882 2124 3344 1747 2191 1774 1965 3127 1968 1884 2653 2116 2435 2670 1894 2221 2000 1888 2114 2091 1898 2130 2348 2128 2576 1980 1792 1914 2589 2114 3372 2006 2433 1673 1538 2134 2360 2255 1569 2320 2577 2258 2923 2903 2145 2900 2214 2357 2135 3133 3171 2599 2190 3051 1586 1994 2953 2141 2134 1696 1772 2485 1353 2356 2121 2367 2834 1813 1804 2119 3184 2140 2051 1662 1793 1927 2228 2523 1593 2694 3268 3617 1919 2383 2477 2574 2618 2330 3050 1920 2379 1941 2695 2134 1710 1489 1710 2363 2032 1255 1607 2856 1791 1702 1914 2281 2258 2378 2392 1385 1489 2515 1819 1721 1580 1693 2075 2040 2011 2294 1366 1141 1375 1492 2331 1687 3194 2427 1932 1365 1147 1360 1145 2368 1462 1265 2642 1476 2271 1970 1608 2091 1154 928 1034 1511 1388 929 1451 1040 1043 812 1173 1155 924 804 922 1020 810 698 915 1362 1033 812 1915 1491 806 1690 807 808 1359 1147 1250 1138 1588 1685 1698 919 1588 1260 811 1253 1249 1464 1031 806 1146 918 1366 928 924 918 1030 690 1033 1033 695 816 705 1249 1247 595 703 1138 926 701 1036 816 817 704 921 593 1033 593 482 486 705 815 1040 1031 484 596 703 486 925 819 485 925 376 473 485 1038 915 1024 918 1025 707 1017 1019 813 1018 702 704 1021 811 706 811 1021 914 902 920 911 912 806 806 812 915 1020 701 704 706 815 703 1025 702 600 917 705 596 593 594 704 703 597 706 596 597 707 489 601 596 597 598 487 490 490 491 491 490 491 491 490 379 379 380 380 379 380 379 380 379 379 380 380 379 380 379

Tree=0
num_leaves=4
num_cat=0
split_feature=1 0 0
split_gain=1.33333e+06 4.65661e-10 1.13687e-13
threshold=0.14640000000000003 59500.000000000007 17900.000000000004
decision_type=2 2 2
left_child=2 -2 -1
right_child=1 -3 -4
leaf_value=-4.2353528616936451 -0.85125818864832992 -0.85125818864832992 -4.2353528616936451
leaf_weight=581.80993351154029 554.96868658065796 27.166299343109131 0.32504999078810115
leaf_count=39378 572 28 22
internal_value=-2.54331 -0.851258 -4.23535
internal_weight=1164.27 582.135 582.135
internal_count=40000 600 39400
is_linear=0
shrinkage=1


Tree=1
num_leaves=3
num_cat=0
split_feature=1 0
split_gain=9858.59 1.13687e-13
threshold=0.14640000000000003 17050.000000000004
decision_type=2 2
left_child=1 -1
right_child=-2 -3
leaf_value=-0.050723734387728252 0.1671296253004535 -0.050723734387728252
leaf_weight=553.69490669667721 8260.8758926391602 0.45006698369979758
leaf_count=39368 600 32
internal_value=0.153435 -0.0507237
internal_weight=8815.02 554.145
internal_count=40000 39400
is_linear=0
shrinkage=0.05


Tree=2
num_leaves=6
num_cat=0
split_feature=1 1 4 4 4
split_gain=7944.8 1.13687e-13 1.77636e-15 1.77636e-15 4.44089e-16
threshold=0.14640000000000003 0.085650000000000018 10.385000000000003 5.3250000000000011 5.9350000000000014
decision_type=2 2 2 2 2
left_child=1 -1 3 -3 -5
right_child=-2 2 -4 4 -6
leaf_value=-0.050687939083596582 0.14910219972551406 -0.050687939083596603 -0.050687939083596312 -0.05068793908359627 -0.050687939083596548
leaf_weight=517.1598160546273 8781.7571640014648 8.4209667425602621 0.33469661138951856 0.29453301802277643 1.2718471232801674
leaf_count=38629 600 629 25 22 95
internal_value=0.137782 -0.0506879 -0.0506879 -0.0506879 -0.0506879
internal_weight=9309.24 527.482 10.322 9.98735 1.56638
internal_count=40000 39400 771 746 117
is_linear=0
shrinkage=0.05


Tree=3
num_leaves=5
num_cat=0
split_feature=1 0 0 0
split_gain=6589.67 1.13687e-13 1.11022e-16 1.11022e-16
threshold=0.14640000000000003 14550.000000000002 18050.000000000004 15650.000000000002
decision_type=2 2 2 2
left_child=1 -1 3 -3
right_child=-2 2 -4 -5
leaf_value=-0.050653936735249462 0.13537466694615735 -0.050653936735249462 -0.050653936735249275 -0.050653936735249296
leaf_weight=501.205296930857 9177.4166107177734 0.30583832412958045 0.26760853361338377 0.30583832412958145
leaf_count=39331 600 24 21 24
internal_value=0.125725 -0.0506539 -0.0506539 -0.0506539
internal_weight=9679.5 502.085 0.879285 0.611677
internal_count=40000 39400 69 48
is_linear=0
shrinkage=0.05


Tree=4
num_leaves=7
num_cat=0
split_feature=1 0 0 1 4 0
split_gain=5584.8 7.27596e-12 5.68434e-14 5.68434e-14 1.42109e-14 2.22045e-16
threshold=0.14640000000000003 51000.000000000007 13300.000000000002 0.060050000000000006 9.0550000000000015 18050.000000000004
decision_type=2 2 2 2 2 2
left_child=2 -2 3 -1 -5 -4
right_child=1 -3 5 4 -6 -7
leaf_value=-0.050621637679610414 0.12456525369622529 0.12456525369622529 -0.050621637679610421 -0.050621637679610414 -0.050621637679610414 -0.050621637679610212
leaf_weight=377.42763948440552 8867.3522357940674 599.57185935974121 0.95821523666381725 93.371403694152832 5.8827137947082511 0.2547154426574707
leaf_count=31117 562 38 79 7698 485 21
internal_value=0.116147 0.124565 -0.0506216 -0.0506216 -0.0506216 -0.0506216
internal_weight=9944.82 9466.92 477.895 476.682 99.2541 1.21293
internal_count=40000 600 39400 39300 8183 100
is_linear=0
shrinkage=0.05


Tree=5
num_leaves=3
num_cat=0
split_feature=1 0
split_gain=4812.73 7.27596e-12
threshold=0.14640000000000003 59500.000000000007
decision_type=2 2
left_child=-1 -2
right_child=1 -3
leaf_value=-0.050590953794131657 0.11583221883663596 0.11583221883663596
leaf_weight=454.85625434666872 9214.9028930664062 451.07916259765625
leaf_count=39400 572 28
internal_value=0.108353 0.115832
internal_weight=10120.8 9665.98
internal_count=40000 600
is_linear=0
shrinkage=0.05


Tree=6
num_leaves=5
num_cat=0
split_feature=1 0 0 1
split_gain=4202.6 7.27596e-12 7.27596e-12 1.13687e-13
threshold=0.14640000000000003 61500.000000000007 34250.000000000007 0.052050000000000006
decision_type=2 2 2 2
left_child=3 2 -2 -1
right_child=1 -3 -4 -5
leaf_value=-0.050561800276573123 0.10863180570200025 0.10863180570200025 0.10863180570200025 -0.050561800276573123
leaf_weight=305.35948026459664 7128.7875480651855 391.51235961914062 2267.5090827941895 127.55633861292154
leaf_count=27791 437 24 139 11609
internal_value=0.101889 0.108632 0.108632 -0.0505618
internal_weight=10220.7 9787.81 9396.3 432.916
internal_count=40000 600 576 39400
is_linear=0
shrinkage=0.05


Tree=7
num_leaves=4
num_cat=0
split_feature=1 0 0
split_gain=3709.33 7.27596e-12 5.68434e-14
threshold=0.14640000000000003 63500.000000000007 17550.000000000004
decision_type=2 2 2
left_child=2 -2 -1
right_child=1 -3 -4
leaf_value=-0.050534101944255054 0.1025962762525359 0.1025962762525359 -0.050534101944255054
leaf_weight=411.72949531674385 9515.5696868896484 328.12309265136719 0.29280772805213828
leaf_count=39372 580 20 28
internal_value=0.0964443 0.102596 -0.0505341
internal_weight=10255.7 9843.69 412.022
internal_count=40000 600 39400
is_linear=0
shrinkage=0.05


Tree=8
num_leaves=4
num_cat=0
split_feature=1 0 0
split_gain=3302.94 7.27596e-12 1.13687e-13
threshold=0.14640000000000003 58500.000000000007 12950.000000000002
decision_type=2 2 2
left_child=2 -2 -1
right_child=1 -3 -4
leaf_value=-0.050507782343302735 0.097467688130482413 0.097467688130482413 -0.050507782343302735
leaf_weight=390.96239275299013 9351.1830711364746 492.16753005981445 1.1644375417381514
leaf_count=39283 570 30 117
internal_value=0.0917987 0.0974677 -0.0505078
internal_weight=10235.5 9843.35 392.127
internal_count=40000 600 39400
is_linear=0
shrinkage=0.05


Tree=9
num_leaves=10
num_cat=0
split_feature=1 1 1 1 1 1 7 4 4
split_gain=2962.8 7.27596e-12 5.68434e-14 5.68434e-14 1.77636e-15 8.88178e-16 8.88178e-16 4.44089e-16 2.22045e-16
threshold=0.14640000000000003 0.80825000000000002 0.088850000000000026 0.082450000000000009 0.084350000000000022 0.083750000000000005 1.2350000000000001 2.0450000000000004 0.96500000000000008
decision_type=2 2 2 2 2 2 2 2 2
left_child=2 -2 3 -1 5 -5 -6 8 -4
right_child=1 -3 7 4 6 -7 -8 -9 -10
leaf_value=-0.050482773125686699 0.093059438486257751 0.093059438486257751 -0.050482773125686657 -0.05048277312568672 -0.050482773125686692 -0.050482773125686636 -0.050482773125686664 -0.050482773125686657 -0.050482773125686581
leaf_weight=360.55699043534696 6530.1399230957031 3265.0699615478516 0.54935522750019972 2.1974209100007993 5.8913612328469753 1.0229373201727869 1.4396895617246626 1.0987104550004003 0.4262238834053278
leaf_count=38067 400 200 58 232 622 108 152 116 45
internal_value=0.0877914 0.0930594 -0.0504828 -0.0504828 -0.0504828 -0.0504828 -0.0504828 -0.0504828 -0.0504828
internal_weight=10168.4 9795.21 373.183 371.108 10.5514 3.22036 7.33105 2.07429 0.975579
internal_count=40000 600 39400 39181 1114 340 774 219 103
is_linear=0
shrinkage=0.05


Tree=10
num_leaves=2
num_cat=0
split_feature=1
split_gain=2674.26
threshold=0.14640000000000003
decision_type=2
left_child=-1
right_child=-2
leaf_value=-0.050459005275383544 0.08923315144876301
leaf_weight=355.14533258974552 9706.5959930419922
leaf_count=39400 600
internal_value=0.0843025
internal_weight=10061.7
internal_count=40000
is_linear=0
shrinkage=0.05


Tree=11
num_leaves=4
num_cat=0
split_feature=1 3 1
split_gain=2426.67 3.63798e-12 5.68434e-14
threshold=0.14640000000000003 15.500000000000002 0.073350000000000012
decision_type=2 2 2
left_child=2 -2 -1
right_child=1 -3 -4
leaf_value=-0.050436419015672175 0.085883901823162509 0.085883901823162509 -0.050436419015672175
leaf_weight=306.21650092490017 8609.5387811660767 974.36338710784912 31.755658200010657
leaf_count=35698 539 61 3702
internal_value=0.0812404 0.0858839 -0.0504364
internal_weight=9921.87 9583.9 337.972
internal_count=40000 600 39400
is_linear=0
shrinkage=0.05


Tree=12
num_leaves=5
num_cat=0
split_feature=1 0 0 0
split_gain=2212.09 3.63798e-12 5.68434e-14 1.11022e-16
threshold=0.14640000000000003 63500.000000000007 14050.000000000002 18050.000000000004
decision_type=2 2 2 2
left_child=2 -2 -1 -4
right_child=1 -3 3 -5
leaf_value=-0.050414953263350916 0.082930684987481851 0.082930684987481851 -0.050414953263350916 -0.050414953263350618
leaf_weight=320.93681889399886 9118.2865905761719 314.42367553710938 0.51426949817687173 0.17142316605895758
leaf_count=39316 580 20 63 21
internal_value=0.078534 0.0829307 -0.050415 -0.050415
internal_weight=9754.33 9432.71 321.623 0.685693
internal_count=40000 600 39400 84
is_linear=0
shrinkage=0.05


Tree=13
num_leaves=4
num_cat=0
split_feature=1 0 0
split_gain=2024.5 3.63798e-12 5.68434e-14
threshold=0.14640000000000003 63500.000000000007 18050.000000000004
decision_type=2 2 2
left_child=2 -2 -1
right_child=1 -3 -4
leaf_value=-0.050394549383325139 0.080309894924735878 0.080309894924735878 -0.050394549383325139
leaf_weight=305.8944037174806 8949.3044853210449 308.59670639038086 0.16312711033970018
leaf_count=39379 580 20 21
internal_value=0.0761272 0.0803099 -0.0503945
internal_weight=9563.96 9257.9 306.058
internal_count=40000 600 39400
is_linear=0
shrinkage=0.05


Tree=14
num_leaves=2
num_cat=0
split_feature=1
split_gain=1859.26
threshold=0.14640000000000003
decision_type=2
left_child=-1
right_child=-2
leaf_value=-0.05037516191626204 0.077970891103347817
leaf_weight=291.24015588313341 9063.7418746948242
leaf_count=39400 600
internal_value=0.0739752
internal_weight=9354.98
internal_count=40000
is_linear=0
shrinkage=0.05


Tree=15
num_leaves=4
num_cat=0
split_feature=1 0 0
split_gain=1712.73 3.63798e-12 1.13687e-13
threshold=0.14640000000000003 53500.000000000007 850.00000000000011
decision_type=2 2 2
left_child=2 -2 -1
right_child=1 -3 -4
leaf_value=-0.050356729280182026 0.075872830691135554 0.075872830691135554 -0.050356729280182026
leaf_weight=19.125132024288177 8366.9934968948364 486.96787548065186 258.00991827249527
leaf_count=2719 567 33 36681
internal_value=0.0720417 0.0758728 -0.0503567
internal_weight=9131.1 8853.96 277.135
internal_count=40000 600 39400
is_linear=0
shrinkage=0.05


Tree=16
num_leaves=5
num_cat=0
split_feature=1 0 0 0
split_gain=1582.01 3.63798e-12 2.27374e-13 5.68434e-14
threshold=0.14640000000000003 47500.000000000007 63500.000000000007 15300.000000000002
decision_type=2 2 2 2
left_child=3 -2 -3 -1
right_child=1 2 -4 -5
leaf_value=-0.050339211369049321 0.073982414141446948 0.073982414141446948 0.073982414141446948 -0.050339211369049321
leaf_weight=263.3737817639485 7883.723804473877 460.36343383789062 287.72714614868164 0.33465537708252568
leaf_count=39350 548 32 20 50
internal_value=0.0702969 0.0739824 0.0739824 -0.0503392
internal_weight=8895.52 8631.81 748.091 263.708
internal_count=40000 600 52 39400
is_linear=0
shrinkage=0.05


Tree=17
num_leaves=9
num_cat=0
split_feature=1 2 3 1 1 4 4 7
split_gain=1464.77 3.63798e-12 1.81899e-12 2.84217e-14 1.77636e-15 1.77636e-15 1.77636e-15 5.55112e-17
threshold=0.14640000000000003 5.5000000000000009 9.5000000000000018 0.079550000000000023 0.089450000000000016 10.385000000000003 9.2050000000000018 1.0250000000000001
decision_type=2 2 2 2 2 2 2 2
left_child=3 2 -2 -1 5 6 -5 -7
right_child=1 -3 -4 4 -6 7 -8 -9
leaf_value=-0.050322558261996969 0.072272176504150604 0.072272176504150604 0.072272176504150604 -0.05032255826199699 -0.050322558261996823 -0.050322558261996699 -0.050322558261996608 -0.050322558261996587
leaf_weight=237.82766639348119 4858.0820693969727 1260.0212860107422 2282.0385513305664 11.731209637597196 0.64324222225695926 0.3375429483130582 0.25474939495325166 0.13374343235045671
leaf_count=37343 347 90 163 1842 101 53 40 21
internal_value=0.0687163 0.0722722 0.0722722 -0.0503226 -0.0503226 -0.0503226 -0.0503226 -0.0503226
internal_weight=8651.07 8400.14 7140.12 250.928 13.1005 12.4572 11.986 0.471286
internal_count=40000 600 510 39400 2057 1956 1882 74
is_linear=0
shrinkage=0.05


Tree=18
num_leaves=3
num_cat=0
split_feature=1 0
split_gain=1359.13 2.84217e-14
threshold=0.14640000000000003 17050.000000000004
decision_type=2 2
left_child=1 -1
right_child=-2 -3
leaf_value=-0.050306730104326042 0.070719311016877326 -0.050306730104326042
leaf_weight=238.56953174248338 8161.4152908325195 0.19391955435275932
leaf_count=39368 600 32
internal_value=0.0672793 -0.0503067
internal_weight=8400.18 238.763
internal_count=40000 39400
is_linear=0
shrinkage=0.05


Tree=19
num_leaves=4
num_cat=0
split_feature=1 3 0
split_gain=1263.54 1.81899e-12 5.68434e-14
threshold=0.14640000000000003 12.500000000000002 14650.000000000002
decision_type=2 2 2
left_child=2 -2 -1
right_child=1 -3 -4
leaf_value=-0.050291682431338386 0.069304664116125889 0.069304664116125889 -0.050291682431338386
leaf_weight=226.82756605092436 6004.3180322647095 1913.4639883041382 0.35749934148043294
leaf_count=39338 455 145 62
internal_value=0.0659688 0.0693047 -0.0502917
internal_weight=8144.97 7917.78 227.185
internal_count=40000 600 39400
is_linear=0
shrinkage=0.05


Tree=20
num_leaves=5
num_cat=0
split_feature=1 6 0 0
split_gain=1176.71 3.63798e-12 2.84217e-14 1.11022e-16
threshold=0.14640000000000003 2.5000000000000004 13300.000000000002 17550.000000000004
decision_type=2 2 2 2
left_child=2 -2 -1 -4
right_child=1 -3 3 -5
leaf_value=-0.050277372168605616 0.068012071406225741 0.068012071406225741 -0.050277372168605616 -0.050277372168605283
leaf_weight=215.61642978340387 6482.0829219818115 1189.0211277008057 0.39502246677875419 0.15361984819173813
leaf_count=39300 507 93 72 28
internal_value=0.0647701 0.0680121 -0.0502774 -0.0502774
internal_weight=7887.27 7671.1 216.165 0.548642
internal_count=40000 600 39400 100
is_linear=0
shrinkage=0.05


Tree=21
num_leaves=5
num_cat=0
split_feature=1 2 1 1
split_gain=1097.56 1.81899e-12 2.84217e-14 8.88178e-16
threshold=0.14640000000000003 5.5000000000000009 0.084950000000000012 0.085650000000000018
decision_type=2 2 2 2
left_child=2 -2 -1 -4
right_child=1 -3 3 -5
leaf_value=-0.050263769759093052 0.066827759899085862 0.066827759899085862 -0.050263769759093052 -0.050263769759093038
leaf_weight=201.07257585506886 6309.539909362793 1113.4482192993164 0.57944482890888949 4.0247924602590501
leaf_count=38518 510 90 111 771
internal_value=0.0636708 0.0668278 -0.0502638 -0.0502638
internal_weight=7628.66 7422.99 205.677 4.60424
internal_count=40000 600 39400 882
is_linear=0
shrinkage=0.05


Tree=22
num_leaves=12
num_cat=0
split_feature=2 4 0 7 4 2 0 0 0 0 0
split_gain=993.317 1.54276 27.6464 0.00690176 0.0279772 0.0673898 2.03768e-06 3.63798e-12 2.84217e-14 8.88178e-16 1.11022e-16
threshold=1.0000000180025095e-35 8.0350000000000019 21550.000000000004 3.0850000000000004 324.17000000000002 2.5000000000000004 11450.000000000002 59500.000000000007 750.00000000000011 4950.0000000000009 9150.0000000000018
decision_type=2 2 2 2 2 2 2 2 2 2 2
left_child=8 2 9 4 5 -3 -5 -8 -1 -2 -11
right_child=1 3 -4 6 -6 -7 7 -9 -10 10 -12
leaf_value=-0.050250841787932723 -0.050250841787932723 0.061203195933747373 0.065739953487159122 0.065735365304108145 0.065739953487159122 0.065739953487159122 0.065739953487159122 0.065739953487159122 -0.050250841787932723 -0.050250841787932647 -0.050250841787932224
leaf_weight=9.1340849711559695 4.8079359717667094 12.444783595390616 95.664237976074219 251.12855843920261 143.49635696411133 23.916059494018555 6313.8397064208984 334.82483291625977 180.63534650951624 0.521521980408579 0.099337520077824593
leaf_count=1839 968 99 8 23 12 2 528 28 36368 105 20
internal_value=0.0626603 0.0656442 0.0595111 0.0657318 0.065426 0.0641872 0.0657398 0.06574 -0.0502508 -0.0502508 -0.0502508
internal_weight=7370.51 7180.74 101.093 7079.65 179.857 36.3608 6899.79 6648.66 189.769 5.4288 0.62086
internal_count=40000 1793 1101 692 113 101 579 556 38207 1093 125
is_linear=0
shrinkage=0.05


Tree=23
num_leaves=12
num_cat=0
split_feature=1 7 2 4 0 7 0 1 1 1 0
split_gain=959.09 1.0121e-06 1.50349e-08 1.51791e-07 2.45564e-10 5.01821e-13 2.84217e-14 8.88178e-16 2.22045e-16 1.11022e-16 5.55112e-17
threshold=0.14640000000000003 3.2350000000000008 1.0000000180025095e-35 8.1350000000000033 11950.000000000002 1.2150000000000001 17550.000000000004 0.062550000000000008 0.080050000000000024 0.077050000000000021 1850.0000000000002
decision_type=2 2 2 2 2 2 2 2 2 2 2
left_child=2 -2 6 7 -3 10 -1 -4 9 -9 -5
right_child=1 4 3 5 -6 -7 -8 8 -10 -11 -12
leaf_value=-0.05023854747458345 0.064741859946566158 0.064738537560755524 -0.05023854747458345 -0.050266674749725009 0.064738491366935241 -0.050266796636078685 -0.05023854747458345 -0.050238547474583388 -0.050238547474583263 -0.050238547474583006 -0.050266674749724974
leaf_weight=180.43445014581084 230.95459079742432 300.20428848266602 4.1586735844612113 0.21635838970541943 6396.6496353149414 0.10558810830116272 0.12286990135908027 0.62852680310606934 0.2646428644657135 0.11341837048530579 0.20580432191491127
leaf_count=38181 20 26 880 41 554 20 26 133 56 24 39
internal_value=0.0617284 0.0647386 -0.0502386 -0.0502412 0.0647385 -0.0502667 -0.0502385 -0.0502385 -0.0502385 -0.0502385 -0.0502667
internal_weight=7114.06 6927.81 186.25 5.69301 6696.85 0.527751 180.557 5.16526 1.00659 0.741945 0.422163
internal_count=40000 600 39400 1193 580 100 38207 1093 213 157 80
is_linear=0
shrinkage=0.05


Tree=24
num_leaves=14
num_cat=0
split_feature=1 4 2 4 0 0 0 0 1 0 0 0 0
split_gain=898.052 8.1028e-07 1.29281e-08 1.30518e-07 4.36557e-11 1.81899e-12 3.79918e-13 2.84217e-14 2.84217e-14 8.88178e-16 8.88178e-16 5.55112e-17 5.55112e-17
threshold=0.14640000000000003 11.635000000000003 1.0000000180025095e-35 8.1350000000000033 11450.000000000002 52500.000000000007 3550.0000000000005 16550.000000000004 0.017450000000000004 8850.0000000000018 5550.0000000000009 2550.0000000000005 6650.0000000000009
decision_type=2 2 2 2 2 2 2 2 2 2 2 2 2
left_child=2 -2 7 9 -3 -6 11 8 -1 10 -4 -5 -12
right_child=1 4 3 6 5 -7 -8 -9 -10 -11 12 -13 -14
leaf_value=-0.050226859760691689 0.063817563780865005 0.063814584477451849 -0.050226859760691689 -0.050253598621381949 0.063814567137622236 0.063814567213845208 -0.050253703607111191 -0.050226859760691689 -0.050226859760691689 -0.050226859760691245 -0.050226859760691439 -0.050253598626085541 -0.050226859760691293
leaf_weight=41.410984215326607 233.92956352233887 389.83512115478516 4.514291873201727 0.29121469426900137 5680.451208114624 378.69675064086914 0.11050589103251696 0.16636334592476387 130.21304048597813 0.098918746225535759 0.17535595921799529 0.10041885823011398 0.12589658610522747
leaf_count=9210 21 35 1004 58 510 34 22 37 28960 22 39 20 28
internal_value=0.0608688 0.0638147 -0.0502269 -0.0502293 0.0638146 0.0638146 -0.0502536 -0.0502269 -0.0502269 -0.0502269 -0.0502269 -0.0502536 -0.0502269
internal_weight=6860.12 6682.91 177.207 5.4166 6448.98 6059.15 0.502139 171.79 171.624 4.91446 4.81554 0.391634 0.301253
internal_count=40000 600 39400 1193 579 544 100 38207 38170 1093 1071 78 67
is_linear=0
shrinkage=0.05


Tree=25
num_leaves=13
num_cat=0
split_feature=1 7 2 4 0 4 0 7 0 0 0 1
split_gain=841.802 7.05433e-07 1.11167e-08 1.12227e-07 1.74623e-10 1.27329e-10 1.81899e-12 3.72313e-13 2.84217e-14 2.84217e-14 2.22045e-16 1.11022e-16
threshold=0.14640000000000003 3.2350000000000008 1.0000000180025095e-35 8.1350000000000033 11950.000000000002 11.635000000000003 63500.000000000007 1.2150000000000001 16050.000000000002 10350.000000000002 14050.000000000002 0.022050000000000004
decision_type=2 2 2 2 2 2 2 2 2 2 2 2
left_child=2 -2 8 -4 -3 -6 -7 11 9 -1 -11 -5
right_child=1 4 3 7 5 6 -8 -9 -10 10 -12 -13
leaf_value=-0.050215749536563839 0.062963456072439652 0.062960580108558512 -0.050215749536563839 -0.050241168660393354 0.062960501651501993 0.062960540810416077 0.062960540810416077 -0.050241278992473118 -0.050215749536563839 -0.050215749536563839 -0.050215749536563575 -0.050241168661433605
leaf_weight=162.09121369756758 214.72785472869873 279.10993576049805 4.6757903555408111 0.10987607203423966 214.69917297363281 5517.7785491943359 214.69955444335938 0.095587375573813915 0.16683972906321187 1.0181501414626826 0.17111767083406437 0.27230156864970922
leaf_count=37890 20 26 1093 23 20 514 20 20 39 238 40 57
internal_value=0.0600737 0.0629606 -0.0502158 -0.0502181 0.0629605 0.0629605 0.0629605 -0.0502412 -0.0502157 -0.0502157 -0.0502157 -0.0502412
internal_weight=6609.62 6441.02 168.601 5.15356 6226.29 5947.18 5732.48 0.477765 163.447 163.28 1.18927 0.382178
internal_count=40000 600 39400 1193 580 554 534 100 38207 38168 278 80
is_linear=0
shrinkage=0.05


Tree=26
num_leaves=22
num_cat=0
split_feature=1 7 2 7 0 7 1 7 1 7 7 0 7 3 0 0 2 3 0 0 0
split_gain=789.851 5.86178e-07 9.56197e-09 5.028e-10 6.49377e-10 7.58312e-10 6.61716e-10 4.56486e-10 4.0977e-10 3.48637e-10 3.04966e-10 1.90345e-10 3.08676e-10 2.92406e-10 1.89175e-10 4.87352e-11 7.27596e-12 2.72848e-12 1.7053e-12 4.54747e-13 2.84217e-14
threshold=0.14640000000000003 3.2350000000000008 1.0000000180025095e-35 0.7350000000000001 2350.0000000000005 0.62500000000000011 0.030750000000000003 2.3550000000000004 0.015250000000000001 1.7350000000000001 3.0850000000000004 1050.0000000000002 0.21500000000000002 1.5000000000000002 11950.000000000002 2250.0000000000005 6.5000000000000009 11.500000000000002 37500.000000000007 53500.000000000007 17900.000000000004
decision_type=2 2 2 2 2 2 2 2 2 2 2 2 2 2 2 2 2 2 2 2 2
left_child=2 -2 20 4 11 -6 -7 8 15 -10 -9 12 -4 -13 -3 -5 17 -16 -18 -19 -1
right_child=1 14 3 7 5 6 -8 10 9 -11 -12 13 -14 -15 16 -17 18 19 -20 -21 -22
leaf_value=-0.050205181431801207 0.062172397168841348 0.062169730500372146 -0.050208439562336574 -0.050206523021669086 -0.050213506724715855 -0.05021082352520178 -0.050205181431800666 -0.05021143481889373 -0.05020732354768697 -0.050205181431800999 -0.050207422437587745 -0.050208713693573541 -0.050206030567119392 -0.050207315552710519 0.062169688482204048 -0.050205181431801076 0.062169677863837848 0.06216968700180589 0.062169684129874087 0.062169688829398363 -0.050205181431801207
leaf_weight=155.42639892501757 206.78812217712402 268.78889465332031 0.20228762878105033 0.081877916585654797 0.1055545643903314 0.11681470926851034 0.093613197561353445 0.087848590686917194 1.5898729935288427 0.21571736829355348 0.10274465894326568 0.65305982390418627 0.38808861561119556 0.87501692585647106 3918.1078195571899 0.39073334634304047 217.09819316864014 1116.5055656433105 217.09826946258545 258.45038890838623 0.081402780488132431
leaf_count=38187 20 26 49 20 25 28 23 21 387 53 25 158 95 213 379 96 21 108 21 25 20
internal_value=0.0593369 0.0621698 -0.0502052 -0.0502074 -0.0502079 -0.05021 -0.0502083 -0.0502069 -0.0502067 -0.0502071 -0.0502093 -0.0502076 -0.0502069 -0.0502079 0.0621697 -0.0502054 0.0621697 0.0621697 0.0621697 0.0621697 -0.0502052
internal_weight=6363.25 6202.84 160.411 4.90323 2.43444 0.315982 0.210428 2.46879 2.2782 1.80559 0.190593 2.11845 0.590376 1.52808 5996.05 0.472611 5727.26 5293.06 434.196 1374.96 155.508
internal_count=40000 600 39400 1193 591 76 51 602 556 440 46 515 144 371 580 116 554 512 42 133 38207
is_linear=0
shrinkage=0.05


Tree=27
num_leaves=22
num_cat=0
split_feature=1 7 2 7 0 7 1 7 1 7 7 0 7 3 0 0 2 3 2 0 1
split_gain=741.776 4.84688e-07 8.23513e-09 4.32978e-10 5.589e-10 6.5257e-10 5.69876e-10 3.92737e-10 3.52982e-10 3.00312e-10 2.62375e-10 1.63803e-10 2.65961e-10 2.51822e-10 1.20053e-10 4.19713e-11 9.09495e-12 9.09495e-13 6.82121e-13 5.68434e-14 2.22045e-16
threshold=0.14640000000000003 3.2350000000000008 1.0000000180025095e-35 0.7350000000000001 2350.0000000000005 0.62500000000000011 0.030750000000000003 2.3550000000000004 0.015250000000000001 1.7350000000000001 3.0850000000000004 1050.0000000000002 0.21500000000000002 1.5000000000000002 11950.000000000002 2250.0000000000005 6.5000000000000009 16.500000000000004 7.5000000000000009 10550.000000000002 0.0078500000000000011
decision_type=2 2 2 2 2 2 2 2 2 2 2 2 2 2 2 2 2 2 2 2 2
left_child=2 -2 19 4 11 -6 -7 8 15 -10 -9 12 -4 -13 -3 -5 17 -16 -18 -1 -21
right_child=1 14 3 7 5 6 -8 10 9 -11 -12 13 -14 -15 16 -17 18 -19 -20 20 -22
leaf_value=-0.050195132275259527 0.061438658680969351 0.061436181881891386 -0.050198232836043834 -0.050196408683627451 -0.050203051186376073 -0.050200500231602843 -0.050195132275258958 -0.050201079721085742 -0.050197170525719072 -0.050195132275259319 -0.050197264219006027 -0.050198492914731066 -0.050195940345901205 -0.050197162707362408 0.06143614801529737 -0.050195132275259395 0.06143613761150335 0.061436145682919857 0.061436141947389056 -0.050195132275259527 -0.050195132275259485
leaf_weight=146.81010787375271 198.99229717254639 258.65501022338867 0.19246008596383024 0.077899981988594713 0.10042699263431121 0.11113986652344465 0.089065005304291844 0.083580967504531034 1.5126321953721342 0.20523675135336805 0.097753022331744432 0.6213330377358941 0.36923364736139774 0.83250597072765231 4844.7979803085327 0.37174958735704422 198.96490669250488 248.70623302459717 218.8614444732666 0.11229935451410611 1.0300561483018098
leaf_count=37912 20 26 49 20 25 28 23 21 387 53 25 158 95 213 487 96 20 25 22 29 266
internal_value=0.0586531 0.0614362 -0.0501952 -0.0501973 -0.0501978 -0.0501998 -0.0501981 -0.0501968 -0.0501966 -0.0501969 -0.050199 -0.0501975 -0.0501967 -0.0501977 0.0614361 -0.0501954 0.0614361 0.0614361 0.0614361 -0.0501951 -0.0501951
internal_weight=6121.6 5968.98 152.617 4.66502 2.31616 0.300632 0.200205 2.34885 2.16752 1.71787 0.181334 2.01553 0.561694 1.45384 5769.99 0.44965 5511.33 5093.5 417.826 147.952 1.14236
internal_count=40000 600 39400 1193 591 76 51 602 556 440 46 515 144 371 580 116 554 512 42 38207 295
is_linear=0
shrinkage=0.05


Tree=28
num_leaves=17
num_cat=0
split_feature=1 4 2 4 7 0 0 7 0 0 7 7 0 7 0 0
split_gain=697.205 4.12592e-07 7.07348e-09 7.15109e-08 7.3851e-10 1.10958e-10 9.09495e-13 2.3026e-13 2.84217e-14 8.88178e-16 4.44089e-16 4.44089e-16 2.22045e-16 1.11022e-16 5.55112e-17 2.77556e-17
threshold=0.14640000000000003 11.635000000000003 1.0000000180025095e-35 8.1350000000000033 3.2950000000000004 11950.000000000002 62500.000000000007 1.2150000000000001 17900.000000000004 1150.0000000000002 2.3350000000000004 1.5650000000000002 1050.0000000000002 0.32500000000000007 2350.0000000000005 1550.0000000000002
decision_type=2 2 2 2 2 2 2 2 2 2 2 2 2 2 2 2
left_child=2 -2 8 9 -3 -6 -7 14 -1 12 11 -11 13 -4 15 -5
right_child=1 4 3 7 5 6 -8 -9 -10 10 -12 -13 -14 -15 -16 -17
leaf_value=-0.050185580539634879 0.060757000842620569 0.060754600262076908 -0.050185581214060838 -0.05020744313670103 0.060754731896813068 0.060754696366232076 0.060754696366232076 -0.050207536351856819 -0.050185580539634879 -0.050185578606176985 -0.050185577549428241 -0.050185579857987987 -0.050185578333398907 -0.050185580844565453 -0.050207442333118017 -0.050207443190808859
leaf_weight=140.68916322570294 200.92429065704346 200.89549446105957 0.37210448179393907 0.12343967892229546 229.59665679931641 4888.4867124557495 220.02973461151123 0.082330089062452316 0.073684323579071953 2.8994652449619034 0.14736757148057211 0.37578961136750866 0.10684172017499804 0.12526314426213503 0.11932458728551865 0.086407752707600594
leaf_count=38187 21 21 101 30 24 511 23 20 20 787 40 102 29 34 29 21
internal_value=0.0580176 0.0607548 -0.0501856 -0.0501876 0.0607547 0.0607547 0.0607547 -0.0502075 -0.0501856 -0.0501856 -0.0501856 -0.0501856 -0.0501856 -0.0501856 -0.0502074 -0.0502074
internal_weight=5885.13 5739.93 145.201 4.43833 5539.01 5338.11 5108.52 0.411502 140.763 4.02683 3.42262 3.27525 0.604209 0.497368 0.329172 0.209847
internal_count=40000 600 39400 1193 579 558 534 100 38207 1093 929 889 164 135 80 51
is_linear=0
shrinkage=0.05


Tree=29
num_leaves=16
num_cat=0
split_feature=2 7 4 3 0 5 0 7 4 4 0 0 7 0 7
split_gain=635.28 0.920693 18.9541 0.000424577 0.000768699 0.00120399 0.00239513 3.66533e-07 5.84338e-08 2.00089e-10 2.18279e-11 2.84217e-14 2.22045e-15 4.44089e-16 2.22045e-16
threshold=1.0000000180025095e-35 2.5750000000000006 58.635000000000005 3.5000000000000004 23250.000000000004 1.0000000180025095e-35 19200.000000000004 3.5950000000000002 8.1350000000000033 11.635000000000003 12350.000000000002 17550.000000000004 0.7350000000000001 1150.0000000000002 0.84500000000000008
decision_type=2 2 2 2 2 2 2 2 2 2 2 2 2 2 2
left_child=11 2 8 4 5 6 -3 -5 12 -9 -11 -1 13 -2 -14
right_child=1 3 -4 7 -6 -7 -8 9 -10 10 -12 -13 14 -15 -16
leaf_value=-0.050176498498557147 -0.050176497657662522 0.059315190712515356 0.060120639392097636 0.060123025941068442 0.06012075466061248 0.06012072584364743 0.06012075466061248 0.060120702181989893 -0.050197285326066279 0.060120771803448818 0.06012075466061248 -0.050176498498557147 -0.050176498860471236 -0.050176496249567049 -0.050176498836316578
leaf_weight=133.83026000554673 0.57484313892200534 18.522225891239941 82.740517616271973 183.89645862579346 128.70844650268555 36.773772239685059 18.386920928955078 183.86856079101562 0.37190115265548218 193.06290340423584 4670.2779159545898 0.091133987065403654 0.3575243807863443 1.2828787274193016 1.5002012453041969
leaf_count=38181 164 40 9 20 14 4 2 20 95 21 508 26 102 366 428
internal_value=0.0574261 0.0600365 0.0549284 0.0601181 0.060047 0.0599182 0.0597165 0.0601208 -0.0501784 0.0601208 0.0601208 -0.0501765 -0.0501765 -0.0501765 -0.0501765
internal_weight=5654.25 5520.33 86.8279 5433.5 202.391 73.6829 36.9091 5231.11 4.08735 5047.21 4863.34 133.921 3.71545 1.85772 1.85773
internal_count=40000 1793 1164 629 60 46 42 569 1155 549 529 38207 1060 530 530
is_linear=0
shrinkage=0.05


Tree=30
num_leaves=15
num_cat=0
split_feature=2 7 4 3 4 0 0 7 4 4 0 7 0 0
split_gain=597.988 0.858583 17.8453 0.000483436 0.000899452 0.00139494 0.00277302 3.07037e-07 5.02702e-08 1.57343e-10 3.09228e-11 1.77636e-15 1.11022e-15 2.22045e-16
threshold=1.0000000180025095e-35 2.5750000000000006 58.635000000000005 3.5000000000000004 324.17000000000002 35750.000000000007 29250.000000000004 3.5950000000000002 8.1350000000000033 11.635000000000003 12350.000000000002 0.74500000000000011 1050.0000000000002 2350.0000000000005
decision_type=2 2 2 2 2 2 2 2 2 2 2 2 2 2
left_child=-1 2 8 4 5 6 -3 -5 11 -9 -11 12 -2 -13
right_child=1 3 -4 7 -6 -7 -8 9 -10 10 -12 13 -14 -15
leaf_value=-0.050167859353383318 -0.050167859884769683 0.058645914529358016 0.059530107229333912 0.059532334124220654 0.05953130681205554 0.059530212360581494 0.059530212360581494 0.059530165322462185 -0.050187625810983585 0.059530233538322964 0.059530212700765223 -0.050167859209406154 -0.050167856929532031 -0.050167859792053737
leaf_weight=127.41135198972188 0.45019179908558715 17.802755455719307 79.466119766235352 176.6192798614502 123.62454128265381 35.318546295166016 17.659273147583008 176.59210205078125 0.35382969514466811 185.42258644104004 4485.455379486084 0.28678868594579388 1.3405677580740301 1.4572879162151364
leaf_count=38207 135 40 9 20 14 4 2 20 95 21 508 86 402 437
internal_value=0.0568745 0.0594469 0.0544124 0.0595273 0.0594499 0.0593078 0.0590863 0.0595303 -0.0501697 0.0595302 0.0595302 -0.0501679 -0.0501679 -0.0501679
internal_weight=5429.26 5301.85 83.3548 5218.49 194.405 70.7806 35.462 5024.09 3.88867 4847.47 4670.88 3.53484 1.79076 1.74408
internal_count=40000 1793 1164 629 60 46 42 569 1155 549 529 1060 537 523
is_linear=0
shrinkage=0.05


Tree=31
num_leaves=17
num_cat=0
split_feature=2 4 0 7 4 6 7 3 7 4 0 7 0 0 0 0
split_gain=563.253 0.80167 15.8276 0.00437699 0.0177067 0.0439008 2.07704e-06 1.42699e-07 7.59741e-08 5.18412e-11 1.42109e-14 2.22045e-15 8.88178e-16 8.88178e-16 8.88178e-16 4.44089e-16
threshold=1.0000000180025095e-35 8.0350000000000019 21550.000000000004 3.0850000000000004 324.17000000000002 2.5000000000000004 3.9550000000000005 3.5000000000000004 2.5950000000000002 12.855000000000002 6150.0000000000009 0.72500000000000009 15300.000000000002 9950.0000000000018 7050.0000000000009 1050.0000000000002
decision_type=2 2 2 2 2 2 2 2 2 2 2 2 2 2 2 2
left_child=10 2 8 4 5 -3 -5 -8 11 -9 -1 15 13 14 -12 -2
right_child=1 3 -4 6 -6 -7 7 9 -10 -11 12 -13 -14 -15 -16 -17
leaf_value=-0.050159646531981086 -0.050159645867789288 0.054652220468130314 0.058979390743213525 0.058973988690531401 0.058979327354284065 0.05899971935964568 0.058980879655953999 0.058979409316553932 -0.050198595796369927 0.058979437504336152 -0.050159646531981086 -0.050159646955030758 -0.050159646531980788 -0.050159646531981045 -0.050159646531981072 -0.050159643978367779
leaf_weight=114.25918828276917 0.42830403917469073 8.8252204856835323 67.803367614746094 177.99298970773816 101.7045373916626 16.977447509765625 178.0043478012085 169.50866317749023 0.13003655662760127 4364.8576288223267 2.4080280975904307 1.6973531816620377 0.15228636190295208 1.0437961055431513 3.3534725944045931 1.2373196471016852
leaf_count=36014 135 99 8 23 12 2 21 20 33 515 759 535 48 329 1057 390
internal_value=0.0563598 0.0588969 0.0536323 0.0589718 0.0586825 0.0575128 0.0589793 0.0589795 -0.0501611 0.0589794 -0.0501596 -0.0501596 -0.0501596 -0.0501596 -0.0501596 -0.0501596
internal_weight=5210.38 5089.17 71.2964 5017.87 127.507 25.8027 4890.36 4712.37 3.49301 4534.37 121.217 3.36298 6.95758 6.8053 5.7615 1.66562
internal_count=40000 1793 1101 692 113 101 579 556 1093 535 38207 1060 2193 2145 1816 525
is_linear=0
shrinkage=0.05


Tree=32
num_leaves=17
num_cat=0
split_feature=1 7 3 2 4 7 7 4 7 2 1 7 7 1 1 3
split_gain=548.31 8.18033e-07 1.19747e-07 3.99501e-08 1.97749e-07 6.53486e-08 4.74074e-09 1.18234e-10 1.09139e-10 9.09495e-13 2.84217e-14 1.33227e-15 4.44089e-16 5.55112e-17 5.55112e-17 5.55112e-17
threshold=0.14640000000000003 3.2350000000000008 3.5000000000000004 1.0000000180025095e-35 8.1350000000000033 2.5950000000000002 1.2150000000000001 11.635000000000003 4.2700000000000005 6.5000000000000009 0.067950000000000024 1.8150000000000002 0.92500000000000016 0.05655000000000001 0.042550000000000011 1.5000000000000002
decision_type=2 2 2 2 2 2 2 2 2 2 2 2 2 2 2 2
left_child=3 -2 -3 10 5 11 13 -4 -9 -10 -1 12 -5 15 -13 -6
right_child=1 2 7 4 6 -7 -8 8 9 -11 -12 14 -14 -15 -16 -17
leaf_value=-0.050151838722654045 0.058468806012596297 0.05846649954021154 0.058465108940512191 -0.050151835223075314 -0.050188465467429014 -0.050188870509689336 -0.050202207528817058 0.05846519151666503 0.058465150844784569 0.058465151136239159 -0.050151838722654045 -0.050151838207270621 -0.050151836248044694 -0.050188466698296241 -0.050151838722653386 -0.050188466967117498
leaf_weight=99.337226898642257 162.67397785186768 170.77483463287354 162.62372970581055 2.0886950499843815 0.1197138656862079 0.12371795834042121 0.079424936790019274 170.75611400604248 3951.7710933685303 260.19891357421875 15.985231492668388 0.093568922951817401 0.94172523962333787 0.074821271933615208 0.075458985520526767 0.1047499030828476
leaf_count=32911 20 21 20 692 32 33 20 21 486 32 5296 31 312 20 25 28
internal_value=0.0558786 0.0584653 0.0584652 -0.050152 -0.0501571 -0.0501532 -0.0501913 0.0584652 0.0584652 0.0584652 -0.0501518 -0.0501518 -0.0501518 -0.0501885 -0.0501518 -0.0501885
internal_weight=4997.82 4878.8 4716.12 119.024 3.70188 3.32317 0.37871 4545.35 4382.73 4211.97 115.322 3.19945 3.03042 0.299285 0.169028 0.224464
internal_count=40000 600 580 39400 1193 1093 100 559 539 518 38207 1060 1004 80 56 60
is_linear=0
shrinkage=0.05


Tree=33
num_leaves=15
num_cat=0
split_feature=1 7 3 2 4 7 7 4 7 1 1 7 7 3
split_gain=517.062 6.84918e-07 1.00008e-07 3.43817e-08 1.70122e-07 5.62161e-08 4.07913e-09 1.2551e-10 8.00355e-11 1.42109e-14 8.88178e-16 4.44089e-16 3.33067e-16 1.11022e-16
threshold=0.14640000000000003 3.2350000000000008 3.5000000000000004 1.0000000180025095e-35 8.1350000000000033 2.5950000000000002 1.2150000000000001 11.635000000000003 4.2700000000000005 0.082050000000000026 0.019450000000000005 0.7350000000000001 0.38500000000000006 1.5000000000000002
decision_type=2 2 2 2 2 2 2 2 2 2 2 2 2 2
left_child=3 -2 -3 9 5 10 13 -4 -9 -1 12 -12 -5 -6
right_child=1 2 7 4 6 -7 -8 8 -10 -11 11 -13 -14 -15
leaf_value=-0.050144410013681674 0.057987841282933987 0.057985684529731019 0.057984381853242853 -0.050144407124264927 -0.050179239354774023 -0.050179624110735191 -0.050192308092858066 0.057984461808994275 0.057984426160417095 -0.050144410013681674 -0.050144408450271218 -0.050144407024301618 -0.050144409197341255 -0.050179241236275929
leaf_weight=105.69950667535886 155.9911470413208 163.75885438919067 155.94242095947266 0.16655026352964375 0.14236968336626876 0.11770530347712327 0.075565861538052559 163.74070024490356 4038.9236097335815 4.0144505510106674 1.0940615080762657 1.1112923151813445 0.67194457235746086 0.14237007242627442
leaf_count=36809 20 21 20 58 40 33 20 21 518 1398 381 387 234 40
internal_value=0.0554293 0.0579846 0.0579845 -0.0501446 -0.0501494 -0.0501457 -0.050182 0.0579844 0.0579844 -0.0501444 -0.0501444 -0.0501444 -0.0501444 -0.0501792
internal_weight=4791.59 4678.36 4522.37 113.236 3.52186 3.16155 0.360306 4358.61 4202.66 109.714 3.04385 2.20535 0.838495 0.28474
internal_count=40000 600 580 39400 1193 1093 100 559 539 38207 1060 768 292 80
is_linear=0
shrinkage=0.05


Tree=34
num_leaves=18
num_cat=0
split_feature=1 7 2 4 7 2 0 6 0 7 4 0 4 0 0 7 1
split_gain=487.85 5.76613e-07 2.9634e-08 1.46355e-07 4.83618e-08 6.52471e-09 1.52486e-08 5.86238e-09 4.64559e-09 3.50871e-09 6.00267e-11 2.63753e-11 3.86535e-12 4.54747e-13 4.44089e-15 8.88178e-16 2.22045e-16
threshold=0.14640000000000003 3.2350000000000008 1.0000000180025095e-35 8.1350000000000033 2.5950000000000002 2.5000000000000004 18050.000000000004 2.5000000000000004 15300.000000000002 1.2150000000000001 12.395000000000001 12350.000000000002 324.17000000000002 47500.000000000007 2350.0000000000005 0.7350000000000001 0.017150000000000002
decision_type=2 2 2 2 2 2 2 2 2 2 2 2 2 2 2 2 2
left_child=2 -2 -1 4 14 6 8 12 -3 -5 -7 -12 -8 -13 15 -4 -16
right_child=1 5 3 9 -6 10 7 -9 -10 -11 11 13 -14 -15 16 -17 -18
leaf_value=-0.050137343016463436 0.057537818883615047 0.057534876085813792 -0.05013734792226953 -0.050170468458629158 -0.050170833008102766 0.057534587923301406 0.057534615152581681 0.057534949496193324 0.057535250064274429 -0.050182893861283974 0.057534639423236278 0.057534617843306247 0.057534608268947941 0.057534617605781928 -0.050137343255192979 -0.050137344432419143 -0.050137343583760596
leaf_weight=104.37747951876372 149.51448535919189 186.83952474594116 1.2785204597748818 0.27089899801649142 0.11198387062177051 164.41412830352783 657.65830707550049 149.47269678115845 149.47708415985107 0.071893616113811731 149.46815586090088 2249.4910254478455 306.40879106521606 321.35585689544678 0.32509483792819072 0.24586954852566112 1.0463111349381504
leaf_count=38207 20 25 468 80 33 22 88 20 20 20 20 301 41 43 119 90 383
internal_value=0.0550087 0.0575348 -0.0501375 -0.0501421 -0.0501386 0.0575347 0.0575347 0.0575347 0.057535 -0.0501731 0.0575346 0.0575346 0.0575346 0.0575346 -0.0501373 -0.0501373 -0.0501373
internal_weight=4591.83 4484.1 107.728 3.35057 3.00778 4334.59 1449.86 1113.54 336.317 0.342793 2884.73 2720.32 964.067 2570.85 2.8958 1.52439 1.37141
internal_count=40000 600 39400 1193 1093 580 194 149 45 100 386 364 129 344 1060 558 502
is_linear=0
shrinkage=0.05


Tree=35
num_leaves=21
num_cat=0
split_feature=1 7 2 4 7 2 0 6 0 7 4 7 2 0 7 1 0 0 0 0
split_gain=460.511 4.85063e-07 2.54929e-08 1.25906e-07 4.16052e-08 5.48425e-09 1.271e-08 4.95129e-09 3.87257e-09 3.01963e-09 5.00222e-11 2.13731e-11 2.27374e-12 1.42109e-14 1.77636e-15 1.55431e-15 8.88178e-16 5.55112e-17 2.77556e-17 1.38778e-17
threshold=0.14640000000000003 3.2350000000000008 1.0000000180025095e-35 8.1350000000000033 2.5950000000000002 2.5000000000000004 18050.000000000004 2.5000000000000004 15300.000000000002 1.2150000000000001 12.395000000000001 4.8850000000000007 1.5000000000000002 15650.000000000002 0.7350000000000001 0.01685 1150.0000000000002 2350.0000000000005 1350.0000000000002 17900.000000000004
decision_type=2 2 2 2 2 2 2 2 2 2 2 2 2 2 2 2 2 2 2 2
left_child=2 -2 13 4 14 6 8 12 -3 17 -7 -12 -8 -1 16 -16 -4 18 -5 -15
right_child=1 5 3 9 -6 10 7 -9 -10 -11 11 -13 -14 19 15 -17 -18 -19 -20 -21
leaf_value=-0.050130628063743882 0.057116352045693465 0.057113593928363626 -0.05013063103859608 -0.050162127789785432 -0.050162474308424625 0.057113324341348887 0.057113345073923884 0.057113664210123427 0.057113942767330131 -0.050173944700343268 0.057113371195634532 0.057113352531260243 0.057113350039479052 -0.050130628063743882 -0.050130628602066941 -0.050130632404827707 -0.050130628342110267 -0.050162126395165575 -0.05016212685334618 -0.05013062806374291
leaf_weight=99.188138236291707 143.24543333053589 179.00496006011963 0.42623407207429431 0.07731876429170359 0.10653965757228423 157.51986408233643 336.52044153213501 143.20501661300659 143.20925569534302 0.068399214185774326 157.52066326141357 2448.725353717804 587.12110948562622 0.059776941081507995 0.33786934404633928 1.0395950842648742 0.95122755970805883 0.093426503939554095 0.086983600631356239 0.05197994876652956
leaf_count=38164 20 25 164 24 33 22 47 20 20 20 22 342 82 23 130 400 366 29 27 20
internal_value=0.0546147 0.0571135 -0.0501308 -0.0501352 -0.0501318 0.0571134 0.0571135 0.0571134 0.0571137 -0.0501646 0.0571134 0.0571134 0.0571133 -0.0501306 -0.0501306 -0.0501306 -0.0501306 -0.0501621 -0.0501621 -0.0501306
internal_weight=4398.56 4296.07 102.487 3.18759 2.86147 4152.83 1389.06 1066.85 322.214 0.326128 2763.77 2606.25 923.642 99.2999 2.75493 1.37746 1.37746 0.257729 0.164302 0.111757
internal_count=40000 600 39400 1193 1093 580 194 149 45 100 386 364 129 38207 1060 530 530 80 51 43
is_linear=0
shrinkage=0.05


Tree=36
num_leaves=17
num_cat=0
split_feature=1 7 3 2 4 7 7 4 7 0 0 7 1 7 7 7
split_gain=434.901 4.08388e-07 6.13954e-08 2.18984e-08 1.08328e-07 3.58e-08 2.5975e-09 6.09361e-11 4.91127e-11 9.09495e-13 1.42109e-14 1.77636e-15 1.33227e-15 6.66134e-16 5.55112e-17 2.77556e-17
threshold=0.14640000000000003 3.2350000000000008 3.5000000000000004 1.0000000180025095e-35 8.1350000000000033 2.5950000000000002 1.2150000000000001 11.635000000000003 4.2700000000000005 29750.000000000004 17900.000000000004 0.7350000000000001 0.015850000000000006 0.22500000000000003 0.72500000000000009 0.56500000000000006
decision_type=2 2 2 2 2 2 2 2 2 2 2 2 2 2 2 2
left_child=3 -2 -3 10 5 11 14 -4 -9 -10 -1 13 -13 -5 15 -6
right_child=1 2 7 4 6 -7 -8 8 9 -11 -12 12 -14 -15 -16 -17
leaf_value=-0.050124242891934581 0.056721280745141406 0.056719519534982915 0.056718434932163511 -0.050124239473800285 -0.050154194227234286 -0.050154525847301359 -0.050165431709291441 0.056718497498712564 0.056718467842221024 0.056718468295301097 -0.050124242891934581 -0.050124242785645784 -0.050124239250180891 -0.050124243134047834 -0.050154195969270593 -0.050154193591902256
leaf_weight=94.419263402698562 137.18427181243896 144.01487016677856 137.14014911651611 0.12115424964576993 0.11646867915987957 0.10135931358672667 0.065074106212705374 143.9981861114502 2050.2529439926147 1501.6903839111328 0.049450998194514706 0.29670577449724067 1.0137417265214024 1.1892905347049234 0.067429335787892342 0.061299064662307501
leaf_count=38187 20 21 20 49 38 33 20 21 299 219 20 120 410 481 22 20
internal_value=0.0542452 0.0567186 0.0567185 -0.0501244 -0.0501286 -0.0501254 -0.0501566 0.0567185 0.0567185 0.0567185 -0.0501242 -0.0501242 -0.0501242 -0.0501242 -0.0501542 -0.0501542
internal_weight=4211.78 4114.28 3977.1 97.5012 3.03252 2.72225 0.310271 3833.08 3695.94 3551.94 94.4687 2.62089 1.31045 1.31044 0.245197 0.177768
internal_count=40000 600 580 39400 1193 1093 100 559 539 518 38207 1060 530 530 80 58
is_linear=0
shrinkage=0.05


Tree=37
num_leaves=16
num_cat=0
split_feature=1 7 3 2 4 7 7 4 7 0 0 0 3 7 0
split_gain=410.888 3.44035e-07 5.1572e-08 1.88471e-08 9.31905e-08 3.07934e-08 2.23508e-09 5.00222e-11 4.27463e-11 9.09495e-13 1.42109e-14 4.44089e-16 8.88178e-16 4.44089e-16 8.32667e-17
threshold=0.14640000000000003 3.2350000000000008 3.5000000000000004 1.0000000180025095e-35 8.1350000000000033 2.5950000000000002 1.2150000000000001 11.635000000000003 4.2700000000000005 14950.000000000002 17050.000000000004 2150.0000000000005 1.5000000000000002 0.72500000000000009 2350.0000000000005
decision_type=2 2 2 2 2 2 2 2 2 2 2 2 2 2 2
left_child=3 -2 -3 10 5 11 14 -4 -9 -10 -1 12 -5 -13 -6
right_child=1 2 7 4 6 -7 -8 8 9 -11 -12 13 -14 -15 -16
leaf_value=-0.050118170280419462 0.056350650648221381 0.056348997141030789 0.056347981502266088 -0.050118167897266877 -0.05014665302986087 -0.050146965849970318 -0.050157339152909534 0.056348040572421314 0.056348014542941832 0.056348011954335121 -0.050118170280419462 -0.050118168469819785 -0.050118170656713923 -0.050118170529794261 -0.050146651028801725
leaf_weight=89.801467614714056 131.33024597167969 137.86913347244263 131.2876501083374 0.51513785286806546 0.14871164667420078 0.096430127276107558 0.061910140560939908 137.85302305221558 236.31872606277466 3164.0443983078003 0.070567200891672566 0.19993893429636944 0.63980675814673305 1.1384807866998015 0.08456122619099915
leaf_count=38177 20 21 20 219 51 33 20 21 36 482 30 85 272 484 29
internal_value=0.0538985 0.0563481 0.056348 -0.0501183 -0.0501223 -0.0501192 -0.0501489 0.056348 0.056348 0.056348 -0.0501182 -0.0501182 -0.0501182 -0.0501182 -0.0501467
internal_weight=4031.46 3938.7 3807.37 92.757 2.88498 2.58979 0.295183 3669.5 3538.22 3400.36 89.872 2.49336 1.15494 1.33842 0.233273
internal_count=40000 600 580 39400 1193 1093 100 559 539 518 38207 1060 491 569 80
is_linear=0
shrinkage=0.05


Tree=38
num_leaves=18
num_cat=0
split_feature=1 7 3 2 4 7 7 4 7 2 1 1 1 4 4 7 7
split_gain=388.353 2.90178e-07 4.36648e-08 1.62249e-08 8.01919e-08 2.64971e-08 1.92287e-09 5.00222e-11 3.18323e-11 1.81899e-12 1.42109e-14 4.44089e-16 2.22045e-16 5.55112e-17 5.55112e-17 5.55112e-17 5.55112e-17
threshold=0.14640000000000003 3.2350000000000008 3.5000000000000004 1.0000000180025095e-35 8.1350000000000033 2.5950000000000002 1.2150000000000001 11.635000000000003 4.2700000000000005 2.5000000000000004 0.086950000000000013 0.082450000000000009 0.088850000000000026 5.2150000000000007 3.6650000000000005 0.52500000000000013 0.72500000000000009
decision_type=2 2 2 2 2 2 2 2 2 2 2 2 2 2 2 2 2
left_child=3 -2 -3 10 5 11 15 -4 -9 -10 -1 -5 -12 14 -14 -6 -17
right_child=1 2 7 4 6 -7 -8 8 9 -11 12 -13 13 -15 -16 16 -18
leaf_value=-0.050112390238217987 0.056002683552964116 0.056001132930797483 0.05600017531758076 -0.050112390599354101 -0.050139480211810999 -0.050139776684748984 -0.050149641851011589 0.056000231472164957 0.056000204634187048 0.056000207470078757 -0.050112390238218001 -0.050112390645690952 -0.050112390238217834 -0.05011239023821739 -0.050112390238217334 -0.05013947791397854 -0.050139479496950135
leaf_weight=84.332653165329248 125.68173694610596 131.93917846679688 125.64065504074097 2.2869931627064948 0.091544970637187251 0.091739997966214903 0.058899558382108808 131.92364454269409 1011.4109678268433 2242.6943669319153 0.69370913552120217 0.085034901509061345 0.31328799668699503 0.082797541981562972 0.07608422776684165 0.069351951358839869 0.061030042823404074
leaf_count=37686 20 21 20 1022 33 33 20 21 161 357 310 38 140 37 34 25 22
internal_value=0.0535729 0.0560003 0.0560002 -0.0501125 -0.0501163 -0.0501134 -0.0501416 0.0560002 0.0560002 0.0560002 -0.0501124 -0.0501124 -0.0501124 -0.0501124 -0.0501124 -0.0501395 -0.0501395
internal_weight=3857.53 3769.29 3643.61 88.2431 2.74459 2.46377 0.280827 3511.67 3386.03 3254.11 85.4985 2.37203 1.16588 0.47217 0.389372 0.221927 0.130382
internal_count=40000 600 580 39400 1193 1093 100 559 539 518 38207 1060 521 211 174 80 47
is_linear=0
shrinkage=0.05


Tree=39
num_leaves=29
num_cat=0
split_feature=1 7 3 4 3 7 7 3 3 1 4 4 4 4 3 7 7 3 0 4 4 7 3 4 0 0 1 0
split_gain=367.189 2.45589e-07 3.68618e-08 2.81727e-09 2.44316e-09 1.9988e-09 9.55694e-10 7.74028e-10 5.93485e-10 3.69812e-10 3.45441e-10 3.33515e-10 3.2807e-10 2.94095e-10 2.90725e-10 1.43407e-10 4.77201e-11 9.42016e-11 5.90035e-11 3.27418e-11 3.10649e-11 2.95586e-11 2.823e-11 1.00993e-11 4.54747e-13 1.42109e-14 4.44089e-16 1.11022e-16
threshold=0.14640000000000003 3.2350000000000008 3.5000000000000004 8.2550000000000008 1.0000000180025095e-35 2.5450000000000004 2.8550000000000004 1.5000000000000002 2.5000000000000004 0.070550000000000015 10.145000000000001 3.7450000000000006 13.945000000000002 8.3750000000000018 1.0000000180025095e-35 3.0350000000000006 2.5950000000000002 1.5000000000000002 6350.0000000000009 11.635000000000003 8.1350000000000033 4.2700000000000005 1.0000000180025095e-35 3.3650000000000007 47500.000000000007 9850.0000000000018 0.047050000000000008 14650.000000000002
decision_type=2 2 2 2 2 2 2 2 2 2 2 2 2 2 2 2 2 2 2 2 2 2 2 2 2 2 2 2
left_child=3 -2 -3 6 26 8 16 14 13 11 -7 -9 -10 -6 27 -16 20 23 -19 -4 25 -21 -22 -18 -23 -1 -5 -8
right_child=1 2 19 4 5 10 7 9 12 -11 -12 -13 -14 -15 15 -17 17 18 -20 21 22 24 -24 -25 -26 -27 -28 -29
leaf_value=-0.050106902305011504 0.055675757612952265 0.055674298081429721 0.055673402045201874 -0.050106902363346632 -0.050110845601840925 -0.050112575264383175 -0.050106902363346653 -0.050108601124942281 -0.050111416400507147 -0.050114527492709643 -0.050117790025777542 -0.050112535732576347 -0.050107759678663238 -0.050108330146218842 -0.050106902363346244 -0.050108803908231574 -0.050106902363346639 -0.050110060748226992 -0.050107770977824762 0.055673452521725342 -0.050106902363346639 0.055673427674947797 -0.050107994330605587 -0.050107405913391093 0.055673428073086333 -0.050106902247495338 -0.050106902363346598 -0.050106902363345932
leaf_weight=74.823081837734208 120.23638963699341 126.22253513336182 120.19680023193359 1.7818569741211825 0.12065916019491973 0.068323198240250238 0.63227182952687033 0.20269251917488862 0.27103463769890357 0.045156777137890458 0.059338692110031843 0.073347847675904632 0.079278141492977738 3.1418138188309968 0.12560282135382295 0.47079864260740578 0.36616415716707607 0.043609014246612787 0.079283764353021979 126.20756435394287 0.11282965308055182 2824.6356835365295 0.12449450511485338 0.13676302158273757 288.47344207763672 0.076638983795418336 1.0431420756503937 0.070252425502985716
leaf_count=35147 20 21 20 837 55 31 297 94 123 20 26 33 37 1460 59 218 172 20 37 21 53 470 58 64 48 36 490 33
internal_value=0.0532669 0.0556735 0.0556735 -0.050107 -0.050108 -0.0501089 -0.0501069 -0.0501081 -0.0501086 -0.0501103 -0.050115 -0.0501096 -0.0501106 -0.0501084 -0.0501076 -0.0501084 -0.0501069 -0.0501073 -0.0501086 0.0556734 -0.0501069 0.0556734 -0.0501075 -0.050107 0.0556734 -0.0501069 -0.0501069 -0.0501069
internal_weight=3689.92 3605.97 3485.74 83.9484 6.56545 3.74045 77.383 1.62012 3.61279 0.321197 0.127662 0.27604 0.350313 3.26247 1.29893 0.596401 75.7629 0.62582 0.122893 3359.51 75.137 3239.32 0.237324 0.502927 3113.11 74.8997 2.825 0.702524
internal_count=40000 600 580 39400 3059 1732 36341 754 1675 147 57 127 160 1515 607 277 35587 293 57 559 35294 539 111 236 518 35183 1327 330
is_linear=0
shrinkage=0.05


Tree=40
num_leaves=15
num_cat=0
split_feature=2 7 4 3 4 4 0 4 4 7 0 7 0 7
split_gain=336.253 0.45928 10.1463 0.000323956 0.000595088 0.000936722 0.00185105 5.88534e-08 5.15363e-08 2.56478e-10 5.00222e-12 1.30451e-15 4.44089e-16 5.55112e-17
threshold=1.0000000180025095e-35 2.5750000000000006 58.635000000000005 3.5000000000000004 324.17000000000002 58.635000000000005 35750.000000000007 11.635000000000003 8.1350000000000033 3.6550000000000007 12350.000000000002 0.97500000000000009 6150.0000000000009 0.62500000000000011
decision_type=2 2 2 2 2 2 2 2 2 2 2 2 2 2
left_child=-1 2 8 4 5 6 -3 -5 12 -9 -11 13 -2 -10
right_child=1 3 -4 7 -6 -7 -8 9 11 10 -12 -13 -14 -15
leaf_value=-0.050101674462156458 -0.050101674797183582 0.054470856777225157 0.055368607031392153 0.055367324757707143 0.055366762674716657 0.0553673451346684 0.055366158777428766 0.055366128375509152 -0.050126174903920608 0.055366212584619025 0.055366202271126375 -0.050126166056719781 -0.050101674696292099 -0.050126175847041071
leaf_weight=77.378393841907382 2.0859901730436832 11.59806095948443 51.747733116149902 120.72153329849243 80.474257946014404 22.994661808013916 11.495283126831053 120.69995260238647 0.12554023810662318 114.95376682281494 2914.0725421905518 0.050213046837598085 0.060757128987461217 0.062770203454419971
leaf_count=38207 1030 40 9 21 14 4 2 21 50 20 507 20 30 25
internal_value=0.0529792 0.0552904 0.0507211 0.0553632 0.0552847 0.0551414 0.0549165 0.0553662 -0.0501041 0.0553662 0.0553662 -0.0501262 -0.0501017 -0.0501262
internal_weight=3528.52 3451.14 54.133 3397.01 126.562 46.088 23.0933 3270.45 2.38527 3149.73 3029.03 0.238523 2.14675 0.18831
internal_count=40000 1793 1164 629 60 46 42 569 1155 548 527 95 1060 75
is_linear=0
shrinkage=0.05


Tree=41
num_leaves=19
num_cat=0
split_feature=1 7 2 7 4 2 0 0 7 7 4 0 2 0 0 7 0 0
split_gain=328.633 1.744e-07 1.52536e-08 6.2765e-08 4.43445e-08 4.85534e-09 8.16976e-09 5.52711e-09 1.5051e-09 4.79287e-09 2.36469e-11 9.54969e-12 5.00222e-12 4.54747e-13 1.42109e-14 8.04912e-16 8.32667e-17 2.77556e-17
threshold=0.14640000000000003 3.2350000000000008 1.0000000180025095e-35 2.5950000000000002 8.1350000000000033 2.5000000000000004 18050.000000000004 15300.000000000002 10.550000000000002 13.045000000000002 12.395000000000001 12950.000000000002 1.5000000000000002 38500.000000000007 12650.000000000002 0.97500000000000009 2350.0000000000005 17900.000000000004
decision_type=2 2 2 2 2 2 2 2 2 2 2 2 2 2 2 2 2 2
left_child=2 -2 14 4 -4 6 7 -3 12 -10 -7 -12 -8 -13 -1 16 -6 -16
right_child=1 5 3 -5 15 10 8 -9 9 -11 11 13 -14 -15 17 -17 -18 -19
leaf_value=-0.050096704841293395 0.055079237646712055 0.055077339657486714 -0.050096705255465029 -0.050138725574944636 -0.050120006360689022 0.055077146722340278 0.055077155341135699 0.055077815351267503 0.055077539614512831 0.055077163379919518 0.055077183233589191 0.055077168958684752 0.055077166078613994 0.055077168853609949 -0.050096704927744762 -0.050119998306963731 -0.050120004285599151 -0.050096704950635375
leaf_weight=73.372815205482766 109.94284391403198 137.38689470291138 2.0422466080635786 0.1041791341267525 0.11943210312165309 120.89667510986328 175.85003614425659 109.91786813735962 131.89566469192505 236.29879856109619 115.40208292007446 1324.373480796814 274.76617956161499 560.52320766448975 0.20037191919982333 0.047769858036190271 0.059715823037549853 0.038533063838258386
leaf_count=38083 20 25 1060 38 50 22 32 20 24 43 21 241 50 102 104 20 25 20
internal_value=0.0527081 0.0550773 -0.0500968 -0.0501008 -0.050099 0.0550772 0.0550773 0.0550776 0.0550772 0.0550773 0.0550772 0.0550772 0.0550772 0.0550772 -0.0500967 -0.05012 -0.05012 -0.0500967
internal_weight=3373.24 3297.25 75.9851 2.37334 2.26916 3187.31 1066.12 247.305 818.811 368.194 2121.2 2000.3 450.616 1884.9 73.6117 0.226918 0.179148 0.238905
internal_count=40000 600 39400 1193 1155 580 194 45 149 67 386 364 82 343 38207 95 75 124
is_linear=0
shrinkage=0.05


Tree=42
num_leaves=15
num_cat=0
split_feature=1 7 3 2 7 4 4 7 0 0 7 0 7 0
split_gain=311.024 1.4773e-07 5.53268e-08 1.31235e-08 5.40058e-08 3.81571e-08 3.09228e-11 1.68257e-11 4.54747e-13 1.42109e-14 1.11022e-15 2.22045e-16 8.32667e-17 2.77556e-17
threshold=0.14640000000000003 3.2350000000000008 3.5000000000000004 1.0000000180025095e-35 2.5950000000000002 8.1350000000000033 11.635000000000003 4.2700000000000005 59500.000000000007 16550.000000000004 0.97500000000000009 850.00000000000011 0.24500000000000002 2050.0000000000005
decision_type=2 2 2 2 2 2 2 2 2 2 2 2 2 2
left_child=3 -2 -3 9 5 11 -4 -8 -9 -1 13 12 -5 -7
right_child=1 2 6 4 -6 10 7 8 -10 -11 -12 -13 -14 -15
leaf_value=-0.050091980219951961 0.054807041999457157 0.054806234480803975 0.054805067283179312 -0.05009197801686556 -0.0501319426812517 -0.050114140399904632 0.054805114264693304 0.054805094148073434 0.054805094262272813 -0.050091980219883016 -0.050114131653463047 -0.050091980434639541 -0.050091980365241068 -0.050114140447418999
leaf_weight=69.960256602615118 105.08711719512939 110.32634687423706 105.05165958404541 0.087976783397607394 0.09911132976412762 0.10225827293470491 110.30516862869263 2573.7781133651733 147.07304573059082 0.067815749673171832 0.045445280149579048 1.8163569194730369 0.038489995175041258 0.068171949591487646
leaf_count=38170 20 21 20 48 38 45 21 490 28 37 20 991 21 30
internal_value=0.0524532 0.0548052 0.0548051 -0.0500921 -0.0500959 -0.0500942 0.0548051 0.0548051 0.0548051 -0.050092 -0.0501141 -0.050092 -0.050092 -0.0501141
internal_weight=3223.91 3151.62 3046.53 72.2859 2.25781 2.1587 2936.21 2831.16 2720.85 70.0281 0.215876 1.94282 0.126467 0.17043
internal_count=40000 600 580 39400 1193 1155 559 539 518 38207 95 1060 69 75
is_linear=0
shrinkage=0.05


Tree=43
num_leaves=17
num_cat=0
split_feature=2 7 4 3 0 5 0 4 4 7 0 0 0 7 0 0
split_gain=285.04 0.383951 8.6035 0.00033191 0.000608621 0.0009639 0.00189753 3.67786e-08 3.2832e-08 1.76897e-10 5.91172e-12 1.42109e-14 9.71445e-16 8.88178e-16 1.11022e-16 2.77556e-17
threshold=1.0000000180025095e-35 2.5750000000000006 58.635000000000005 3.5000000000000004 23250.000000000004 1.0000000180025095e-35 19200.000000000004 11.635000000000003 8.1350000000000033 3.6550000000000007 12350.000000000002 17550.000000000004 2950.0000000000005 0.64500000000000013 2350.0000000000005 2350.0000000000005
decision_type=2 2 2 2 2 2 2 2 2 2 2 2 2 2 2 2
left_child=11 2 8 4 5 6 -3 -5 13 -9 -11 -1 15 14 -2 -10
right_child=1 3 -4 7 -6 -7 -8 9 12 10 -12 -13 -14 -15 -16 -17
leaf_value=-0.050087487121765861 -0.050087487302393013 0.053579040859730365 0.054550848064530699 0.054549784769538513 0.054549369972149125 0.05455077850857825 0.054548790818617715 0.05454876958871107 -0.050108561971219059 0.054548847416089452 0.054548835226592332 -0.050087486217903036 -0.050108553307968311 -0.050087485424608238 -0.05008748556307057 -0.050108559808795167
leaf_weight=66.573256022529677 0.74801073374692295 10.13957609771751 45.190405368804932 105.42381048202515 70.277240753173828 20.084392547607422 10.038538932800291 105.40428590774536 0.11025250866077829 100.38646221160889 2544.7921104431152 0.045334144611841931 0.049719034461304545 1.0548883567098526 0.045333618996664882 0.04539787326939404
leaf_count=38181 429 40 9 21 14 4 2 21 51 20 507 26 23 605 26 21
internal_value=0.052213 0.0544744 0.0500023 0.0545456 0.0544606 0.0543056 0.0540615 0.0545489 -0.0500896 0.0545488 0.0545488 -0.0500875 -0.0501086 -0.0500875 -0.0500875 -0.0501086
internal_weight=3080.41 3013.79 47.244 2966.55 110.54 40.2625 20.1781 2856.01 2.0536 2750.58 2645.18 66.6186 0.205369 1.84823 0.793344 0.15565
internal_count=40000 1793 1164 629 60 46 42 569 1155 548 527 38207 95 1060 455 72
is_linear=0
shrinkage=0.05


Tree=44
num_leaves=27
num_cat=0
split_feature=1 7 3 7 3 4 3 4 4 3 1 7 4 1 3 4 4 4 0 0 0 0 0 0 0 0
split_gain=278.857 1.04734e-07 7.72798e-08 4.63226e-09 4.23646e-09 3.55532e-09 1.39347e-09 1.82502e-09 1.09737e-09 9.15224e-10 8.1251e-10 6.93358e-10 4.87756e-10 3.55009e-10 2.71483e-10 1.4955e-10 1.02312e-10 3.54703e-11 9.54969e-12 9.09495e-13 7.10543e-15 4.44089e-16 2.22045e-16 1.11022e-16 5.55112e-17 1.38778e-17
threshold=0.14640000000000003 3.2350000000000008 3.5000000000000004 2.5950000000000002 1.5000000000000002 6.1850000000000014 1.0000000180025095e-35 9.2050000000000018 8.1350000000000033 1.0000000180025095e-35 0.070550000000000015 3.0350000000000006 0.68500000000000016 0.033950000000000008 2.5000000000000004 13.945000000000002 9.3750000000000018 11.635000000000003 11950.000000000002 20100.000000000004 7950.0000000000009 6750.0000000000009 14950.000000000002 9650.0000000000018 8050.0000000000009 10150.000000000002
decision_type=2 2 2 2 2 2 2 2 2 2 2 2 2 2 2 2 2 2 2 2 2 2 2 2 2 2
left_child=3 -2 -3 8 6 10 22 11 20 21 12 -8 -6 -7 16 -16 -11 -4 -19 -20 -1 -10 -5 24 -22 -25
right_child=1 2 17 4 5 13 7 -9 9 14 -12 -13 -14 -15 15 -17 -18 18 19 -21 23 -23 -24 25 -26 -27
leaf_value=-0.050083209855746852 0.054309082691676371 0.054308762008739166 0.054307321342165343 -0.050083209783963134 -0.050083210582648696 -0.050103334994288186 -0.050083650262282481 -0.050097756365894412 -0.05008320978079879 -0.050084846656729888 -0.050094911594450391 -0.050087016719448145 -0.0500882447643115 -0.050096444993351474 -0.05008666931228855 -0.05008387724118625 -0.050084182316657011 0.054307366341162927 0.054307350301682433 0.054307352159518332 -0.050083209780798804 -0.050083209780797937 -0.050083209780797791 -0.050083209780797291 -0.050083209898424921 -0.050083209996011728
leaf_weight=57.950810195179656 95.936566829681396 100.72723770141602 95.903701305389404 0.79286972654517629 0.061372661846689769 0.040461409953422844 0.25466157996561378 0.032854253891855478 2.1861973626073445 0.85781516227871257 0.038340915692970157 0.38295422331430018 0.22274468105752021 0.034754342515952885 0.21450086135882873 0.061770574655383825 1.7865647319704292 119.88070869445801 570.63020181655884 1894.1090049743652 0.043126806849612787 0.05142042355146248 0.04976170021109283 0.03317446680739522 0.29691147792618722 0.034833170007914305
leaf_count=34937 20 21 20 478 37 21 153 18 1318 509 21 224 129 19 125 37 1067 25 119 395 26 31 30 20 179 21
internal_value=0.0519864 0.0543075 0.0543074 -0.0500833 -0.0500858 -0.0500904 -0.0500846 -0.0500863 -0.0500833 -0.050084 -0.0500881 -0.0500857 -0.0500872 -0.0501002 -0.0500846 -0.050086 -0.0500844 0.0543074 0.0543074 0.0543074 -0.0500832 -0.0500832 -0.0500832 -0.0500832 -0.0500832 -0.0500832
internal_weight=2942.62 2877.19 2781.25 65.4279 1.91078 0.397674 1.5131 0.67047 63.5171 5.15827 0.322458 0.637616 0.284117 0.0752158 2.92065 0.276271 2.64438 2680.52 2584.62 2464.74 58.3589 2.23762 0.842631 0.408046 0.340038 0.0680076
internal_count=40000 600 580 39400 1130 227 903 395 38270 3087 187 377 166 40 1738 162 1576 559 539 514 35183 1349 508 246 205 41
is_linear=0
shrinkage=0.05


Tree=45
num_leaves=17
num_cat=0
split_feature=2 7 4 3 4 4 0 4 4 7 0 0 0 4 4 4
split_gain=255.655 0.341575 7.71787 0.000361765 0.000668734 0.00104517 0.00206539 2.66532e-08 2.43103e-08 1.50976e-10 3.63798e-12 7.10543e-15 3.05311e-16 2.22045e-16 1.38778e-16 2.77556e-17
threshold=1.0000000180025095e-35 2.5750000000000006 58.635000000000005 3.5000000000000004 324.17000000000002 58.635000000000005 35750.000000000007 11.635000000000003 8.1350000000000033 3.6550000000000007 12350.000000000002 13050.000000000002 2950.0000000000005 1.2850000000000004 10.385000000000003 3.7750000000000004
decision_type=2 2 2 2 2 2 2 2 2 2 2 2 2 2 2 2
left_child=11 2 8 4 5 6 -3 -5 13 -9 -11 -1 14 -2 -10 -13
right_child=1 3 -4 7 -6 -7 -8 9 12 10 -12 15 -14 -15 -16 -17
leaf_value=-0.050079147169880295 -0.050079147319376731 0.053020849097399562 0.054081457664393186 0.054080513777783737 0.054080644356509111 0.054080523877028101 0.05407962307151324 0.05407960421388544 -0.05009821070241776 0.054079677369692103 0.054079667810558202 -0.050079147330765961 -0.050098204821135944 -0.050079147356448875 -0.050098207825231549 -0.050079147462529054
leaf_weight=60.119929506559856 0.64222360088024188 9.2650573661085236 41.235877513885498 96.198232650756836 64.133924007415771 18.32351016998291 9.1600465774536115 96.180103778839111 0.080217181239277013 91.601479053497314 2322.0931186676025 0.12781369907315721 0.044997528893873096 1.03039796766825 0.060652054380625486 0.041026501217857003
leaf_count=38100 407 40 9 21 14 4 2 21 41 20 507 81 23 653 31 26
internal_value=0.0517729 0.0540058 0.0495893 0.0540761 0.0539832 0.0538131 0.0535472 0.0540797 -0.0500811 0.0540797 0.0540797 -0.0500791 -0.0500982 -0.0500791 -0.0500982 -0.0500791
internal_weight=2810.34 2750.05 43.0944 2706.96 100.883 36.7486 18.4251 2606.07 1.85849 2509.87 2413.69 60.2888 0.185867 1.67262 0.140869 0.16884
internal_count=40000 1793 1164 629 60 46 42 569 1155 548 527 38207 95 1060 72 107
is_linear=0
shrinkage=0.05


Tree=46
num_leaves=16
num_cat=0
split_feature=1 3 0 2 0 4 0 0 0 0 4 4 0 0 0
split_gain=250.27 8.5382e-08 6.97269e-08 1.65852e-08 7.30051e-08 2.59749e-08 2.07977e-09 1.50092e-09 1.07647e-09 2.36716e-10 2.31921e-11 2.27374e-12 5.51381e-12 4.54747e-12 5.55112e-17
threshold=0.14640000000000003 3.5000000000000004 10450.000000000002 1.0000000180025095e-35 7450.0000000000009 8.1350000000000033 5850.0000000000009 3550.0000000000005 9450.0000000000018 5550.0000000000009 11.635000000000003 324.17000000000002 17900.000000000004 12350.000000000002 2550.0000000000005
decision_type=2 2 2 2 2 2 2 2 2 2 2 2 2 2 2
left_child=3 -2 -3 -1 5 6 9 14 -6 -5 -4 13 -13 -12 -7
right_child=1 2 10 4 8 7 -8 -9 -10 -11 11 12 -14 -15 -16
leaf_value=-0.050075280747593723 0.053866468945602465 0.053866213133391044 0.053864871551568327 -0.050075281293361466 -0.050116858220583649 -0.050093411808229731 -0.050085516267779011 -0.050104805750018092 -0.050127361367419868 -0.050079799104330781 0.053864908997515774 0.053864883717819195 0.053864898353358184 0.053864898028525898 -0.050093409855945938
leaf_weight=57.352768976707011 96.253125190734863 104.99741077423096 87.471916675567627 1.5071047554956738 0.048249735264107474 0.10795371036510903 0.052203360479324945 0.036084270570427179 0.049343351158313453 0.029562967014498898 96.21994161605835 87.472184181213379 244.92298460006714 1906.9002504348755 0.037224794388748705
leaf_count=38207 22 24 20 1004 22 58 32 18 20 19 22 20 56 436 20
internal_value=0.0515712 0.053865 0.053865 -0.0500754 -0.0500801 -0.0500777 -0.0500757 -0.0500957 -0.0501222 -0.0500754 0.0538649 0.0538649 0.0538649 0.0538649 -0.0500934
internal_weight=2683.46 2624.24 2527.98 59.2205 1.86773 1.77013 1.58887 0.181263 0.0975931 1.53667 2422.99 2335.52 332.395 2003.12 0.145179
internal_count=40000 600 578 39400 1193 1151 1055 96 42 1023 554 534 76 458 78
is_linear=0
shrinkage=0.05


Tree=47
num_leaves=23
num_cat=0
split_feature=2 4 0 7 4 6 7 3 7 4 4 0 3 0 0 3 0 4 4 4 7 4
split_gain=229.513 0.306964 6.54695 0.0020658 0.00834125 0.0202697 1.77215e-06 8.21597e-08 7.57031e-08 1.00044e-11 1.42109e-14 7.10543e-15 5.77316e-15 4.44089e-16 3.33067e-16 3.33067e-16 2.22045e-16 1.11022e-16 5.55112e-17 5.55112e-17 5.55112e-17 1.38778e-17
threshold=1.0000000180025095e-35 8.0350000000000019 21550.000000000004 3.0850000000000004 324.17000000000002 2.5000000000000004 3.9550000000000005 3.5000000000000004 2.5950000000000002 12.855000000000002 8.5050000000000008 7850.0000000000009 1.0000000180025095e-35 1850.0000000000002 5550.0000000000009 1.5000000000000002 10750.000000000002 2.2050000000000005 0.96500000000000008 5.6250000000000009 2.5450000000000004 0.66500000000000015
decision_type=2 2 2 2 2 2 2 2 2 2 2 2 2 2 2 2 2 2 2 2 2 2
left_child=10 2 8 4 5 -3 -5 -8 13 -9 11 -1 -12 15 -15 -2 17 -13 21 -20 -19 -18
right_child=1 3 -4 6 -6 -7 7 9 -10 -11 12 16 -14 14 -16 -17 18 20 19 -21 -22 -23
leaf_value=-0.050071606037169175 -0.050071602960810827 0.04946831431697879 0.053662197954843761 0.053655042279087052 0.053662048866228607 0.053670311184528433 0.053663784086235428 0.053662207623870223 -0.050121559959060015 0.053662224773081038 -0.050071606071144803 -0.050071605658948332 -0.050071602316465569 -0.050071605852456173 -0.050071602360605288 -0.050071605532965462 -0.050071606136476647 -0.050071606071144498 -0.050071605177677586 -0.050071604820454411 -0.050071605171110437 -0.05007160568183594
leaf_weight=49.375919052399695 0.25418250681832322 4.3682972182286894 33.404869079589844 87.694023194955662 50.105587005615234 8.3671460151672346 87.720535755157471 83.512394905090332 0.079840290127321967 2150.4525227546692 1.7407307799439871 0.51407894096337148 2.1562712459126487 0.88107189536094666 0.07996664138045162 0.29845061979722232 0.079967789701186121 0.15565189090557396 0.22133911121636629 0.034271680400706828 0.25275509792845696 0.028559891390614212
leaf_count=34577 178 99 8 23 12 2 21 20 33 515 1219 360 1510 617 56 209 56 109 155 24 177 20
internal_value=0.0513811 0.0535888 0.048939 0.0536546 0.0533716 0.052229 0.053662 0.0536623 -0.0500741 0.0536622 -0.0500716 -0.0500716 -0.0500716 -0.0500716 -0.0500716 -0.0500716 -0.0500716 -0.0500716 -0.0500716 -0.0500716 -0.0500716 -0.0500716
internal_weight=2561.78 2507.22 34.9984 2472.22 62.841 12.7354 2409.38 2321.69 1.59351 2233.96 54.5595 50.6625 3.897 1.51367 0.961039 0.552633 1.28662 0.922486 0.364138 0.255611 0.408407 0.108528
internal_count=40000 1793 1101 692 113 101 579 556 1093 535 38207 35478 2729 1060 673 387 901 646 255 179 286 76
is_linear=0
shrinkage=0.05


Tree=48
num_leaves=18
num_cat=0
split_feature=1 7 3 2 7 4 7 4 0 1 7 7 1 4 7 4 4
split_gain=224.85 1.32527e-07 7.01598e-08 2.05129e-08 9.50325e-08 4.01222e-08 3.91083e-11 2.04636e-11 9.09495e-13 7.10543e-15 1.11022e-15 5.55112e-16 4.44089e-16 4.44089e-16 3.33067e-16 5.55112e-17 5.55112e-17
threshold=0.14640000000000003 3.2350000000000008 3.5000000000000004 1.0000000180025095e-35 2.5950000000000002 8.1350000000000033 4.2700000000000005 11.635000000000003 13750.000000000002 0.0047500000000000007 0.80500000000000016 0.97500000000000009 0.013650000000000001 6.3850000000000007 0.7350000000000001 8.0350000000000019 9.5350000000000019
decision_type=2 2 2 2 2 2 2 2 2 2 2 2 2 2 2 2 2
left_child=3 -2 -3 9 5 10 -4 -8 -9 13 14 -7 -12 -1 -5 -15 -17
right_child=1 2 6 4 -6 11 7 8 -10 -11 12 -13 -14 15 -16 16 -18
leaf_value=-0.050068107970760937 0.053473007075060044 0.053472354946261319 0.053470914090087231 -0.050068108315429641 -0.050123165797195481 -0.05009335298261635 0.053470854435178052 0.05347088297773931 0.053470880184064332 -0.050068107914403651 -0.05006810791787402 -0.05009334591007774 -0.050068104686667829 -0.050068107951955043 -0.05006810522171521 -0.050068106346019416 -0.05006810791152682
leaf_weight=2.901642886572517 79.759048938751221 83.733524560928345 83.703361511230469 0.71997333236504235 0.091790805337950476 0.13950836262665678 79.716314554214478 115.58945083618164 1949.0766716003418 48.51692825416103 0.12769378698430955 0.037199598737061024 0.50262275082059205 0.18882411695085455 0.089657197706401348 0.11003402166534215 0.18474854226224124
leaf_count=2136 20 21 21 530 38 75 20 29 489 35715 94 20 370 139 66 81 136
internal_value=0.0512009 0.053471 0.0534709 -0.0500683 -0.0500737 -0.0500709 0.0534709 0.0534709 0.0534709 -0.0500681 -0.0500681 -0.0500934 -0.0500681 -0.0500681 -0.0500681 -0.0500681 -0.0500681
internal_weight=2445.19 2391.58 2311.82 53.6106 1.70845 1.61666 2228.09 2144.38 2064.67 51.9022 1.43995 0.176708 0.630317 3.38525 0.809631 0.483607 0.294783
internal_count=40000 600 580 39400 1193 1155 559 538 518 38207 1060 95 464 2492 596 356 217
is_linear=0
shrinkage=0.05


Tree=49
num_leaves=21
num_cat=0
split_feature=1 7 2 7 4 2 0 0 4 0 4 7 0 0 7 7 1 7 7 0
split_gain=213.153 1.13161e-07 1.76689e-08 8.177e-08 3.45222e-08 4.51064e-09 8.97421e-09 4.20249e-09 1.20303e-09 2.24247e-10 1.25056e-11 1.09139e-11 2.27374e-13 7.10543e-15 7.10543e-15 8.88178e-16 6.66134e-16 4.16334e-16 2.22045e-16 2.77556e-17
threshold=0.14640000000000003 3.2350000000000008 1.0000000180025095e-35 2.5950000000000002 8.1350000000000033 2.5000000000000004 18050.000000000004 15300.000000000002 41.415000000000006 23750.000000000004 12.395000000000001 4.8850000000000007 60500.000000000007 17550.000000000004 0.92500000000000016 0.76500000000000012 0.017450000000000004 0.97500000000000009 0.74500000000000011 2350.0000000000005
decision_type=2 2 2 2 2 2 2 2 2 2 2 2 2 2 2 2 2 2 2 2
left_child=2 -2 13 4 15 6 7 -3 -8 -10 -7 -12 -13 14 -1 18 -17 19 -4 -6
right_child=1 5 3 -5 17 10 8 -9 9 -11 11 12 -14 -15 -16 16 -18 -19 -20 -21
leaf_value=-0.0500647803607214 0.053292174501493095 0.053290410199786802 -0.050064780760500582 -0.05011714476003945 -0.050088791891471765 0.053290144312109503 0.053290357993052165 0.053290908734410142 0.053290231786750443 0.053290156003542123 0.053290181641052863 0.053290163021162573 0.053290162914450781 -0.050064780715304603 -0.050064780370582089 -0.050064780772754613 -0.050064784239356744 -0.05008878567613978 -0.050064784349630381 -0.050088791837752833
leaf_weight=32.433605094323866 76.120091438293457 95.105737924575806 0.69395009207073488 0.08732434082776297 0.088477627607062348 83.687167406082153 121.73374104499817 76.094750881195068 144.55399012565613 300.51407957077026 83.687993288040161 1209.6665933132172 91.295591354370117 0.033599143149330213 16.906874503125437 0.16282675578258932 0.48201729310676455 0.035388493561185896 0.031014567823149264 0.044238611124455929
leaf_count=25098 20 25 537 38 50 22 32 20 38 79 22 318 24 26 13083 126 373 20 24 25
internal_value=0.0510314 0.0532903 -0.0500649 -0.0500701 -0.0500674 0.0532902 0.0532903 0.0532906 0.0532902 0.0532902 0.0532902 0.0532902 0.0532902 -0.0500648 -0.0500648 -0.0500648 -0.0500648 -0.0500888 -0.0500648 -0.0500888
internal_weight=2333.46 2282.46 50.9993 1.62524 1.53791 2206.34 738.002 171.2 566.802 445.068 1468.34 1384.65 1300.96 49.3741 49.3405 1.36981 0.644844 0.168105 0.724965 0.132716
internal_count=40000 600 39400 1193 1155 580 194 45 149 117 386 364 342 38207 38181 1060 499 95 561 75
is_linear=0
shrinkage=0.05


Tree=50
num_leaves=23
num_cat=0
split_feature=1 0 3 2 0 4 4 0 1 0 4 0 3 0 1 4 4 4 4 0 4 4
split_gain=202.102 7.7368e-08 5.10936e-08 1.51872e-08 4.28729e-08 3.19041e-08 2.85277e-09 8.98016e-10 2.70906e-10 1.2999e-10 1.50067e-11 1.36424e-12 1.27898e-12 6.82121e-13 2.13163e-14 7.10543e-15 8.88178e-16 8.88178e-16 5.55112e-16 3.05311e-16 5.55112e-17 5.55112e-17
threshold=0.14640000000000003 10450.000000000002 3.5000000000000004 1.0000000180025095e-35 6850.0000000000009 8.1350000000000033 4.1150000000000011 5850.0000000000009 0.06295000000000002 5550.0000000000009 11.635000000000003 14950.000000000002 8.5000000000000018 18550.000000000004 0.0044500000000000008 8.0350000000000019 7.1250000000000009 8.9150000000000009 8.3750000000000018 2850.0000000000005 9.5350000000000019 8.3750000000000018
decision_type=2 2 2 2 2 2 2 2 2 2 2 2 2 2 2 2 2 2 2 2 2 2
left_child=3 -2 -3 14 5 7 -6 9 19 -5 -4 12 -12 -13 16 -16 -1 18 -17 -7 21 -18
right_child=1 2 10 4 6 8 -8 -9 -10 -11 11 13 -14 -15 15 17 20 -19 -20 -21 -22 -23
leaf_value=-0.050061615570041185 0.053120959676557181 0.053120739025771462 0.053119397921414346 -0.050061618354501826 -0.050092855704434849 -0.050084454535127824 -0.050111062391661 -0.050070326115390862 -0.050089524825516422 -0.050065317806662749 0.053119421353019974 0.053119418826126599 0.053119429735493474 0.053119421287715879 -0.050061620067762186 -0.050061620036976062 -0.050061618997982393 -0.050061617629714186 -0.050061617819806795 -0.050084449050849134 -0.050061617484851322 -0.050061617449287658
leaf_weight=2.5225832274882118 90.784142255783081 76.254119873046875 72.595459938049316 1.2342412982834492 0.063037312123924383 0.094269843422807642 0.032663458958268166 0.030835624551400431 0.033152586547657847 0.024210904724895843 112.52370762825012 243.19627499580383 72.596106767654419 1509.9956557750702 40.44615525030531 0.40321930136997197 0.094658323563635238 2.7635268119629472 0.51262916484847665 0.033665980095975101 0.15612457122188061 0.070071624009869993
leaf_count=2052 25 21 20 1004 36 56 16 23 19 19 31 67 20 416 32901 328 77 2248 417 20 127 57
internal_value=0.0508712 0.0531195 0.0531195 -0.0500618 -0.0500667 -0.0500645 -0.0500991 -0.0500619 -0.0500855 -0.0500617 0.0531194 0.0531194 0.0531194 0.0531194 -0.0500616 -0.0500616 -0.0500616 -0.0500616 -0.0500616 -0.0500845 -0.0500616 -0.0500616
internal_weight=2226.46 2177.95 2087.16 48.515 1.54608 1.45038 0.0957008 1.28929 0.161088 1.25845 2010.91 1938.31 185.12 1753.19 46.969 44.1255 2.84344 3.67938 0.915848 0.127936 0.320855 0.16473
internal_count=40000 600 575 39400 1193 1141 52 1046 95 1023 554 534 51 483 38207 35894 2313 2993 745 76 261 134
is_linear=0
shrinkage=0.05


Tree=51
num_leaves=16
num_cat=0
split_feature=1 7 3 2 7 4 7 4 2 1 7 1 7 1 4
split_gain=191.657 8.21051e-08 4.35434e-08 1.30803e-08 6.05522e-08 2.55644e-08 1.90994e-11 1.31877e-11 6.82121e-13 7.10543e-15 4.44089e-16 2.22045e-16 2.22045e-16 5.55112e-17 1.38778e-17
threshold=0.14640000000000003 3.2350000000000008 3.5000000000000004 1.0000000180025095e-35 2.5950000000000002 8.1350000000000033 4.2700000000000005 11.635000000000003 2.5000000000000004 0.08815000000000002 0.97500000000000009 0.029750000000000002 0.83500000000000008 0.089450000000000016 9.5350000000000019
decision_type=2 2 2 2 2 2 2 2 2 2 2 2 2 2 2
left_child=3 -2 -3 9 5 11 -4 -8 -9 -1 14 -5 -13 -11 -7
right_child=1 2 6 4 -6 10 7 8 -10 13 -12 12 -14 -15 -16
leaf_value=-0.050058608769830641 0.052959839828115279 0.052959290218576704 0.05295806900820154 -0.050058609182005359 -0.050105974373681451 -0.050080328433044941 0.052958021435846728 0.052958042882698411 0.052958044613003998 -0.050058608741445382 -0.050080321982070457 -0.050058610143181137 -0.050058608796233819 -0.050058608715650335 -0.05008032859837435
leaf_weight=44.308998646796681 69.297612905502319 72.750701427459717 72.72409462928772 0.5075353804277245 0.079032711684703716 0.056049571023322531 69.26004695892334 557.54689431190491 1236.3002591133118 0.25844676967244495 0.032026032917201519 0.42216678860131651 0.30989993934053928 0.11343591881450266 0.064056717441417277
leaf_count=37889 20 21 21 434 38 35 20 161 357 221 20 361 265 97 40
internal_value=0.0507198 0.0529581 0.0529581 -0.0500588 -0.0500634 -0.050061 0.052958 0.052958 0.052958 -0.0500586 -0.0500803 -0.0500586 -0.0500586 -0.0500586 -0.0500803
internal_weight=2124.03 2077.88 2008.58 46.1516 1.47077 1.39173 1935.83 1863.11 1793.85 44.6809 0.152132 1.2396 0.732067 0.371883 0.120106
internal_count=40000 600 580 39400 1193 1155 559 538 518 38207 95 1060 626 318 75
is_linear=0
shrinkage=0.05


Tree=52
num_leaves=19
num_cat=0
split_feature=1 7 3 2 7 7 0 7 1 0 0 1 7 2 0 2 0 0
split_gain=181.781 7.01493e-08 3.71979e-08 1.12515e-08 5.21033e-08 1.73327e-10 1.77329e-10 1.96114e-10 9.60697e-11 6.72035e-11 5.36479e-11 3.03254e-11 1.68257e-11 6.82121e-13 2.27374e-13 1.13687e-13 7.10543e-15 5.55112e-17
threshold=0.14640000000000003 3.2350000000000008 3.5000000000000004 1.0000000180025095e-35 2.5950000000000002 0.7350000000000001 2350.0000000000005 0.62500000000000011 0.015250000000000001 2550.0000000000005 1050.0000000000002 0.0040500000000000006 4.2700000000000005 6.5000000000000009 49500.000000000007 7.5000000000000009 10450.000000000002 17550.000000000004
decision_type=2 2 2 2 2 2 2 2 2 2 2 2 2 2 2 2 2 2
left_child=3 -2 -3 16 5 6 10 -8 11 -10 -5 -7 -4 14 -14 -15 -1 -18
right_child=1 2 12 4 -6 8 7 -9 9 -11 -12 -13 13 15 -16 -17 17 -19
leaf_value=-0.0500557499167553 0.052807166215422502 0.052806645978774151 0.05280549111467342 -0.050057478098356957 -0.050100796211623166 -0.050057426618997695 -0.050063841012339322 -0.050058937249950058 -0.050056624047462341 -0.050058029415753949 -0.050058541793265132 -0.050055749618426827 0.052805466091398023 0.05280546153737338 0.052805466745303155 0.052805464334630514 -0.050055747714552484 -0.050055748401107415
leaf_weight=42.161498749745078 66.103692770004272 69.397592067718506 69.37213134765625 0.16389391175471135 0.075185815454460569 0.037533228285610676 0.031099028536118567 0.059201454510912299 0.1080295821884647 0.40016509697306901 0.42834107228554785 0.095672123599797487 1519.5679879188538 66.068058013916016 118.9227442741394 72.674922227859497 0.31371529679745336 0.028924137935973704
leaf_count=37899 20 21 21 144 38 33 25 51 96 349 371 86 460 20 36 22 282 26
internal_value=0.0505766 0.0528056 0.0528055 -0.0500559 -0.0500603 -0.050058 -0.0500586 -0.0500606 -0.0500574 -0.0500577 -0.0500582 -0.0500562 0.0528055 0.0528055 0.0528055 0.0528055 -0.0500557 -0.0500557
internal_weight=2026.01 1982.11 1916 43.9033 1.39912 1.32394 0.682535 0.0903005 0.6414 0.508195 0.592235 0.133205 1846.61 1777.23 1638.49 138.743 42.5041 0.342639
internal_count=40000 600 580 39400 1193 1155 591 76 564 445 515 119 559 538 496 42 38207 308
is_linear=0
shrinkage=0.05


Tree=53
num_leaves=17
num_cat=0
split_feature=1 7 3 2 7 4 7 4 2 0 3 7 0 0 0 0
split_gain=172.44 5.97333e-08 3.1614e-08 9.67906e-09 4.48394e-08 1.8934e-08 1.38698e-11 1.09139e-11 1.59162e-12 7.10543e-15 4.44089e-16 7.77156e-16 2.77556e-16 2.22045e-16 1.38778e-17 6.93889e-18
threshold=0.14640000000000003 3.2350000000000008 3.5000000000000004 1.0000000180025095e-35 2.5950000000000002 8.1350000000000033 4.2700000000000005 11.635000000000003 2.5000000000000004 15300.000000000002 1.5000000000000002 0.75500000000000012 2950.0000000000005 5650.0000000000009 1650.0000000000002 17550.000000000004
decision_type=2 2 2 2 2 2 2 2 2 2 2 2 2 2 2 2
left_child=3 -2 -3 9 5 10 -4 -8 -9 -1 13 -12 14 -5 -7 -11
right_child=1 2 6 4 -6 12 7 8 -10 15 11 -13 -14 -15 -16 -17
leaf_value=-0.050053028009449524 0.052662772962331711 0.052662280386937099 0.052661189923690316 -0.050053027938739891 -0.050095871505039163 -0.050072675523392542 0.052661145946243895 0.052661165000022561 0.052661168212259461 -0.0500530269578216 -0.050053024282402173 -0.050053027453790144 -0.050072669937989422 -0.050053023703717087 -0.050072674469829992 -0.050053027774342167
leaf_weight=40.382533288444392 63.047827005386353 66.189422845840454 66.165066003799438 0.48045151459518709 0.071525813313200959 0.046376534737646469 63.013437032699585 507.26139330863953 1124.7975194454193 0.023281875415704145 0.32382844702806324 0.29419671965297312 0.033330983016639948 0.023281218484044075 0.057970447582192719 0.02751494909171015
leaf_count=38159 20 21 21 454 38 32 20 161 357 22 306 278 23 22 40 26
internal_value=0.0504411 0.0526613 0.0526612 -0.0500532 -0.0500574 -0.0500552 0.0526612 0.0526612 0.0526612 -0.050053 -0.050053 -0.050053 -0.0500727 -0.050053 -0.0500727 -0.050053
internal_weight=1932.24 1890.47 1827.43 41.7643 1.33096 1.25944 1761.24 1695.07 1632.06 40.4333 1.12176 0.618025 0.137678 0.503733 0.104347 0.0507968
internal_count=40000 600 580 39400 1193 1155 559 538 518 38207 1060 584 95 476 72 48
is_linear=0
shrinkage=0.05


Tree=54
num_leaves=16
num_cat=0
split_feature=1 0 3 2 0 4 4 0 1 0 4 0 3 0 0
split_gain=163.603 4.1048e-08 2.71152e-08 8.33607e-09 2.35114e-08 1.74991e-08 1.56484e-09 4.9278e-10 1.48649e-10 7.12299e-11 7.7307e-12 4.54747e-13 9.66338e-13 7.10543e-15 1.94289e-16
threshold=0.14640000000000003 10450.000000000002 3.5000000000000004 1.0000000180025095e-35 6850.0000000000009 8.1350000000000033 4.1150000000000011 5850.0000000000009 0.06295000000000002 5550.0000000000009 11.635000000000003 15650.000000000002 6.5000000000000009 17050.000000000004 2850.0000000000005
decision_type=2 2 2 2 2 2 2 2 2 2 2 2 2 2 2
left_child=3 -2 -3 13 5 7 -6 9 14 -5 -4 12 -12 -1 -7
right_child=1 2 10 4 6 8 -8 -9 -10 -11 11 -13 -14 -15 -16
leaf_value=-0.050050436206733467 0.052525883951156496 0.052525707441907835 0.052524634005663623 -0.050050436551009672 -0.050075997107930641 -0.050069124818193228 -0.050090896882146199 -0.050057564514566083 -0.050073274848480322 -0.050053462724642929 0.05252464892800271 0.052524652184130854 0.052524655777359777 -0.050050436333356242 -0.050069119962910261
leaf_weight=38.433110048994422 75.148509979248047 63.120899200439453 60.092085361480713 1.0107291666790832 0.051626798580400535 0.07720600243192155 0.026753709302283823 0.025252216029912122 0.027152271708473563 0.019826722564175614 84.129388332366943 1382.1272623538971 138.21290254592896 0.030201170011422529 0.027572104590944946
leaf_count=38177 25 21 20 1004 36 56 16 23 19 19 28 460 46 30 20
internal_value=0.050313 0.0525247 0.0525247 -0.0500506 -0.0500546 -0.0500528 -0.0500811 -0.0500507 -0.05007 -0.0500505 0.0525247 0.0525247 0.0525247 -0.0500504 -0.0500691
internal_weight=1842.56 1802.83 1727.68 39.7294 1.26612 1.18774 0.0783805 1.05581 0.13193 1.03056 1664.56 1604.47 222.342 38.4633 0.104778
internal_count=40000 600 575 39400 1193 1141 52 1046 95 1023 554 534 74 38207 76
is_linear=0
shrinkage=0.05


Tree=55
num_leaves=18
num_cat=0
split_feature=1 7 3 2 7 7 0 7 1 0 0 1 7 2 0 0 0
split_gain=155.24 4.36917e-08 2.30793e-08 7.17194e-09 3.32078e-08 1.10397e-10 1.13238e-10 1.25038e-10 6.12457e-11 4.29254e-11 3.42188e-11 1.93195e-11 9.32232e-12 6.82121e-13 2.27374e-13 1.42109e-13 7.10543e-15
threshold=0.14640000000000003 3.2350000000000008 3.5000000000000004 1.0000000180025095e-35 2.5950000000000002 0.7350000000000001 2350.0000000000005 0.62500000000000011 0.015250000000000001 2550.0000000000005 1050.0000000000002 0.0040500000000000006 4.2700000000000005 6.5000000000000009 60500.000000000007 37500.000000000007 17050.000000000004
decision_type=2 2 2 2 2 2 2 2 2 2 2 2 2 2 2 2 2
left_child=3 -2 -3 16 5 6 10 -8 11 -10 -5 -7 -4 14 -14 -15 -1
right_child=1 2 12 4 -6 8 7 -9 9 -11 -12 -13 13 15 -16 -17 -18
leaf_value=-0.050047974696672819 0.052396908713623583 0.052396466008444734 0.052395488025225839 -0.050049461148700118 -0.050086732637708964 -0.050049417336154416 -0.050054938812438922 -0.050050718629840285 -0.050048726116580115 -0.050049936687252355 -0.05005037675985189 -0.050047974667044005 0.052395468145089025 0.052395463076404039 0.05239546897243183 0.052395466312765572 -0.050047974647462662
leaf_weight=36.560458730731625 57.330199241638184 60.186815977096558 60.164525032043457 0.1410868092207227 0.064731554244644829 0.032310173497535288 0.026771811826620251 0.05096332001267001 0.092996209918055683 0.34447892260504887 0.36873516329796985 0.082358132989611477 1352.2590308189392 60.163947343826294 68.758952617645264 60.16402530670166 0.028729619807562723
leaf_count=38177 20 21 21 144 38 33 25 51 96 349 371 86 472 21 24 21 30
internal_value=0.0501917 0.0523956 0.0523955 -0.0500481 -0.0500519 -0.0500499 -0.0500504 -0.0500522 -0.0500494 -0.0500497 -0.0500501 -0.0500484 0.0523955 0.0523955 0.0523955 0.0523955 -0.050048
internal_weight=1756.82 1719.03 1661.7 37.7936 1.20443 1.1397 0.587557 0.0777351 0.552143 0.437475 0.509822 0.114668 1601.51 1541.35 1421.02 120.328 36.5892
internal_count=40000 600 580 39400 1193 1155 591 76 564 445 515 119 559 538 496 42 38207
is_linear=0
shrinkage=0.05


Tree=56
num_leaves=18
num_cat=0
split_feature=2 7 4 3 4 4 0 4 4 7 0 0 0 0 7 0 0
split_gain=142.529 0.188122 4.34883 0.000249991 0.000457319 0.000714476 0.00141212 1.2069e-08 4.8658e-09 3.52429e-11 1.59162e-12 7.10543e-15 7.10543e-15 2.22045e-16 1.66533e-16 1.11022e-16 2.77556e-17
threshold=1.0000000180025095e-35 2.5750000000000006 58.635000000000005 3.5000000000000004 324.17000000000002 58.635000000000005 35750.000000000007 8.1350000000000033 11.635000000000003 3.6550000000000007 12350.000000000002 17550.000000000004 750.00000000000011 1950.0000000000002 0.97500000000000009 5850.0000000000009 1850.0000000000002
decision_type=2 2 2 2 2 2 2 2 2 2 2 2 2 2 2 2 2
left_child=11 2 7 4 5 6 -3 13 -5 -10 -11 12 -1 -2 16 -15 -9
right_child=1 3 -4 8 -6 -7 -8 14 9 10 -12 -13 -14 15 -16 -17 -18
leaf_value=-0.050045633615200792 -0.050045632704901324 0.051140039614309331 0.052275224751094966 0.052273655775977007 0.052273702966978856 0.052273633452812385 0.052273138916993325 -0.050062539068426094 0.052273148087877856 0.052273196506437816 0.052273187765646503 -0.050045633638932975 -0.050045633605530562 -0.050045631482866872 -0.050062534282343231 -0.050045629698583061 -0.050062538533426494
leaf_weight=1.6753158516949032 0.38443562225438899 5.5363096517976391 24.602953672409058 57.371057033538818 38.248117208480835 10.927738428115843 5.4627766609191895 0.051154071348719299 57.359421730041504 54.629046678543091 1384.8423457145691 0.023685746127738549 33.107298840186559 0.54659139912109822 0.024951346684247255 0.034615545184351504 0.042420176672749221
leaf_count=1839 422 40 9 21 14 4 2 41 21 20 507 26 36342 600 20 38 34
internal_value=0.0500769 0.0522018 0.0479565 0.0522693 0.0521693 0.0519873 0.0517028 -0.0500475 0.0522732 0.0522732 0.0522732 -0.0500456 -0.0500456 -0.0500456 -0.0500625 -0.0500456 -0.0500625
internal_weight=1674.87 1640.06 25.6871 1614.38 60.1749 21.9268 10.9991 1.08417 1554.2 1496.83 1439.47 34.8063 34.7826 0.965643 0.118526 0.581207 0.0935742
internal_count=40000 1793 1164 629 60 46 42 1155 569 548 527 38207 38181 1060 95 638 75
is_linear=0
shrinkage=0.05


Tree=57
num_leaves=16
num_cat=0
split_feature=1 0 3 2 0 4 4 0 1 0 4 0 2 0 0
split_gain=139.853 2.52237e-08 2.6959e-08 7.56415e-09 2.65641e-08 1.14573e-08 1.36777e-09 5.96159e-10 1.81883e-10 8.72608e-11 5.00222e-12 2.27374e-13 2.27374e-13 7.10543e-15 1.38778e-17
threshold=0.14640000000000003 10450.000000000002 3.5000000000000004 1.0000000180025095e-35 6850.0000000000009 8.1350000000000033 4.1150000000000011 5850.0000000000009 0.06295000000000002 5550.0000000000009 11.955000000000002 58500.000000000007 6.5000000000000009 16050.000000000002 2850.0000000000005
decision_type=2 2 2 2 2 2 2 2 2 2 2 2 2 2 2
left_child=3 -2 -3 13 5 7 -6 9 14 -5 -4 12 -12 -1 -7
right_child=1 2 10 4 6 8 -8 -9 -10 -11 11 -13 -14 -15 -16
leaf_value=-0.050043403871424447 0.052158458980155233 0.052158543269401829 0.05215739791995179 -0.050043404952989416 -0.050071846971313151 -0.050059484261234223 -0.050086279257304425 -0.050051769088959058 -0.050064415198352356 -0.050046998935883574 0.052157412852344598 0.052157413029706667 0.052157416330842268 -0.050043404032841812 -0.050059482937104875
leaf_weight=33.076417704229243 65.125054359436035 54.707114219665527 54.680515050888062 0.87006017175735795 0.047875287535134592 0.066465294687077403 0.024983633949887007 0.022205989400390536 0.023588601150549948 0.017223417584318668 1234.2258830070496 78.115567684173584 75.511716842651367 0.033797337324357524 0.023736358270980418
leaf_count=38168 25 21 21 1004 36 56 16 23 19 19 474 30 29 39 20
internal_value=0.0499679 0.0521575 0.0521575 -0.0500435 -0.0500476 -0.0500455 -0.0500768 -0.0500437 -0.0500605 -0.0500435 0.0521574 0.0521574 0.0521574 -0.0500434 -0.0500595
internal_weight=1596.57 1562.37 1497.24 34.2064 1.09614 1.02328 0.0728589 0.90949 0.11379 0.887284 1442.53 1387.85 1309.74 33.1102 0.0902017
internal_count=40000 600 575 39400 1193 1141 52 1046 95 1023 554 533 503 38207 76
is_linear=0
shrinkage=0.05


Tree=58
num_leaves=18
num_cat=0
split_feature=1 7 3 2 7 7 0 7 1 0 0 1 7 2 0 0 3
split_gain=132.753 2.69738e-08 2.30348e-08 6.50243e-09 3.64283e-08 7.01097e-11 7.21809e-11 7.97526e-11 3.9057e-11 2.72982e-11 2.17344e-11 1.23287e-11 5.68434e-12 6.82121e-13 1.7053e-13 3.55271e-15 1.11022e-16
threshold=0.14640000000000003 3.2350000000000008 3.5000000000000004 1.0000000180025095e-35 2.5950000000000002 0.7350000000000001 2350.0000000000005 0.62500000000000011 0.015250000000000001 2550.0000000000005 1050.0000000000002 0.0040500000000000006 4.2700000000000005 6.5000000000000009 37500.000000000007 9950.0000000000018 1.0000000180025095e-35
decision_type=2 2 2 2 2 2 2 2 2 2 2 2 2 2 2 2 2
left_child=3 -2 -3 15 5 6 10 -8 11 -10 -5 -7 -4 -14 -15 -1 -17
right_child=1 2 12 4 -6 8 7 -9 9 -11 -12 -13 13 14 -16 16 -18
leaf_value=-0.050041288272676204 0.052048996823540694 0.05204884334226724 0.052047789095714572 -0.050042566544156966 -0.050082584206529702 -0.050042529703543906 -0.050047279863983773 -0.050043647209462264 -0.050041935601259163 -0.050042976101170471 -0.050043353038934327 -0.050041287562647252 0.052047772553723795 0.052047766789975594 0.052047770850701641 -0.050041288398799635 -0.050041286461004378
leaf_weight=31.185922714532357 49.666082143783569 52.145926475524902 52.121253252029419 0.12145083915674948 0.061645102454349399 0.027813341643195599 0.023046138812787831 0.043870578228961676 0.080053159268572927 0.29653534281533211 0.31741668470203876 0.070895448850933462 1231.0452516078949 52.120755672454834 52.120826959609985 0.14261606195941468 0.16817041143076494
leaf_count=37830 20 21 21 144 38 33 25 51 96 349 371 86 496 21 21 173 204
internal_value=0.0498649 0.0520479 0.0520478 -0.0500414 -0.0500453 -0.050043 -0.0500434 -0.0500449 -0.0500425 -0.0500428 -0.0500431 -0.0500416 0.0520478 0.0520478 0.0520478 -0.0500413 -0.0500413
internal_weight=1521.76 1489.22 1439.55 32.5394 1.04273 0.981082 0.505784 0.0669167 0.475297 0.376589 0.438868 0.0987088 1387.41 1335.29 104.242 31.4967 0.310786
internal_count=40000 600 580 39400 1193 1155 591 76 564 445 515 119 559 538 42 38207 377
is_linear=0
shrinkage=0.05


Tree=59
num_leaves=20
num_cat=0
split_feature=1 7 3 2 7 7 0 7 1 0 0 1 7 2 2 0 0 1 0
split_gain=126.026 2.30975e-08 1.96778e-08 5.59426e-09 3.13496e-08 6.03505e-11 6.21379e-11 6.86266e-11 3.36114e-11 2.36619e-11 1.87193e-11 1.05425e-11 3.86535e-12 1.13687e-12 1.13687e-12 2.98428e-13 3.55271e-15 3.55271e-15 6.93889e-18
threshold=0.14640000000000003 3.2350000000000008 3.5000000000000004 1.0000000180025095e-35 2.5950000000000002 0.7350000000000001 2350.0000000000005 0.62500000000000011 0.015250000000000001 2550.0000000000005 1050.0000000000002 0.0040500000000000006 4.2700000000000005 6.5000000000000009 2.5000000000000004 37500.000000000007 14250.000000000002 0.044950000000000011 17900.000000000004
decision_type=2 2 2 2 2 2 2 2 2 2 2 2 2 2 2 2 2 2 2
left_child=3 -2 -3 16 5 6 10 -8 11 -10 -5 -7 -4 14 -14 -15 17 -1 -18
right_child=1 2 12 4 -6 8 7 -9 9 -11 -12 -13 13 15 -16 -17 18 -19 -20
leaf_value=-0.050039272880546541 0.051945077358789116 0.051944930707950143 0.051943931125166168 -0.050040487908274527 -0.05007854989604546 -0.050040450324155654 -0.050044971301227238 -0.050041516321133718 -0.050039885132542018 -0.050040878360700647 -0.050041236274352488 -0.05003927262723562 0.05194391489365633 0.051943909145088785 0.051943918273184224 0.051943914423956274 -0.050039271482167073 -0.050039272888110164 -0.050039271570264748
leaf_weight=18.503886554855864 47.335966825485229 49.699461460113525 49.675896883010864 0.11553229007404198 0.058643240015953779 0.026457939937245101 0.021923151041846722 0.041732716548722237 0.076151960645802319 0.28208466822979972 0.30194853816647083 0.067440483951941133 385.57661366462708 49.675422191619873 787.71202254295349 49.675489664077759 0.040778063354081406 11.401424234791191 0.015683869540225714
leaf_count=23596 20 21 21 144 38 33 25 51 96 349 371 86 163 21 333 21 52 14539 20
internal_value=0.0497674 0.051944 0.051944 -0.0500394 -0.0500431 -0.0500409 -0.0500413 -0.0500427 -0.0500404 -0.0500407 -0.050041 -0.0500396 0.0519439 0.0519439 0.0519439 0.0519439 -0.0500393 -0.0500393 -0.0500393
internal_weight=1450.3 1419.35 1372.01 30.9537 0.991915 0.933272 0.481137 0.0636559 0.452135 0.358237 0.417481 0.0938984 1322.32 1272.64 1173.29 99.3509 29.9618 29.9053 0.0564619
internal_count=40000 600 580 39400 1193 1155 591 76 564 445 515 119 559 538 496 42 38207 38135 72
is_linear=0
shrinkage=0.05


Tree=60
num_leaves=18
num_cat=0
split_feature=1 7 3 2 7 4 4 7 2 1 1 1 7 4 4 7 4
split_gain=119.653 1.9711e-08 1.68307e-08 4.82274e-09 2.69791e-08 6.6213e-09 4.54747e-12 3.18323e-12 9.09495e-13 3.55271e-15 4.44089e-16 2.22045e-16 1.249e-16 1.11022e-16 1.38778e-17 1.38778e-17 6.93889e-18
threshold=0.14640000000000003 3.2350000000000008 3.5000000000000004 1.0000000180025095e-35 2.5950000000000002 8.1350000000000033 11.955000000000002 4.2700000000000005 2.5000000000000004 0.0050500000000000015 0.0014500000000000001 0.073350000000000012 0.97500000000000009 9.5350000000000019 4.5650000000000004 0.38500000000000006 12.395000000000001
decision_type=2 2 2 2 2 2 2 2 2 2 2 2 2 2 2 2 2
left_child=3 -2 -3 9 5 11 -4 -8 -9 10 13 -5 15 -1 -13 -7 -15
right_child=1 2 6 4 -6 12 7 8 -10 -11 -12 14 -14 16 -16 -17 -18
leaf_value=-0.050037352362252811 0.051846618831246249 0.051846481100433231 0.051845506006028164 -0.050037353509667405 -0.050074713129450811 -0.050051192885989172 0.051845534383225506 0.051845519010398737 0.051845522010213377 -0.050037352451561538 -0.050037352454801447 -0.050037353305143376 -0.050051187324879877 -0.05003735424180486 -0.050037353640301679 -0.050051191436554759 -0.050037353914458772
leaf_weight=0.5050272053340511 45.110714673995972 47.363094091415405 47.339918613433838 0.71314514538971607 0.055787341552786529 0.020434978883713484 47.340592384338379 362.94176864624023 802.53002572059631 26.518029266037047 1.4419757146970367 0.062661196803674102 0.020433446392416954 0.021633338474202901 0.014919343404471874 0.056195935350842774 0.014919545559678227
leaf_count=677 20 21 21 956 38 20 21 161 356 35548 1933 84 20 29 20 55 20
internal_value=0.049675 0.0518456 0.0518456 -0.0500375 -0.050041 -0.0500389 0.0518455 0.0518455 0.0518455 -0.0500374 -0.0500374 -0.0500374 -0.0500512 -0.0500374 -0.0500374 -0.0500512 -0.0500374
internal_weight=1382.07 1352.63 1307.52 29.4452 0.943577 0.88779 1260.15 1212.81 1165.47 28.5016 1.98356 0.790726 0.0970644 0.54158 0.0775805 0.0766309 0.0365529
internal_count=40000 600 580 39400 1193 1155 559 538 517 38207 2659 1060 95 726 104 75 49
is_linear=0
shrinkage=0.05


Tree=61
num_leaves=22
num_cat=0
split_feature=1 7 3 2 7 7 0 7 1 0 0 1 7 2 0 0 1 1 0 0 0
split_gain=113.614 1.69211e-08 1.44419e-08 4.14138e-09 2.32173e-08 4.50355e-11 4.60595e-11 5.07876e-11 2.48951e-11 1.73913e-11 1.39699e-11 7.86803e-12 4.3201e-12 6.82121e-13 2.27374e-13 2.27374e-13 1.06581e-14 2.22045e-15 2.22045e-16 5.55112e-17 5.55112e-17
threshold=0.14640000000000003 3.2350000000000008 3.5000000000000004 1.0000000180025095e-35 2.5950000000000002 0.7350000000000001 2350.0000000000005 0.62500000000000011 0.015250000000000001 2550.0000000000005 1050.0000000000002 0.0040500000000000006 4.2700000000000005 2.5000000000000004 31250.000000000004 16950.000000000004 0.0056500000000000014 0.0044500000000000008 650.00000000000011 7350.0000000000009 4250.0000000000009
decision_type=2 2 2 2 2 2 2 2 2 2 2 2 2 2 2 2 2 2 2 2 2
left_child=3 -2 -3 16 5 6 10 -8 11 -10 -5 -7 -4 14 -14 -15 17 18 -1 20 -19
right_child=1 2 12 4 -6 8 7 -9 9 -11 -12 -13 13 15 -16 -17 -18 19 -20 -21 -22
leaf_value=-0.050035530336761627 0.051753316450111032 0.051753185513891575 0.05175228956925193 -0.050036631323924587 -0.050071064234384059 -0.050036599431806141 -0.050040689088868176 -0.050037564627578052 -0.050036087904952231 -0.050036983042022101 -0.050037310942817576 -0.050035529903052503 0.051752274943328083 0.051752274353965136 0.051752278028971636 0.051752272872611485 -0.050035533757010121 -0.050035533803878263 -0.050035530132753685 -0.050035533318086883 -0.050035533674339674
leaf_weight=0.041867670835933679 42.986046314239502 45.132335424423218 45.110851526260376 0.10454579314682533 0.053070330526679754 0.023941930092405528 0.019838542037177831 0.037764231092296541 0.068910242174752057 0.25526012637419626 0.27323523839004338 0.061027122777886689 272.81109809875488 120.29477095603943 77.332327604293823 685.25012278556824 24.991449348104652 0.40306504996260617 1.5994869742426088 0.015611645358148962 0.061027443909551948
leaf_count=59 20 21 21 144 38 33 25 51 96 349 371 86 127 56 36 319 35218 568 2254 22 86
internal_value=0.0495874 0.0517523 0.0517523 -0.0500356 -0.050039 -0.050037 -0.0500373 -0.0500386 -0.0500366 -0.0500368 -0.0500371 -0.0500358 0.0517523 0.0517523 0.0517523 0.0517523 -0.0500355 -0.0500355 -0.0500355 -0.0500355 -0.0500355
internal_weight=1316.93 1288.92 1245.93 28.0101 0.897594 0.844523 0.435384 0.0576028 0.409139 0.32417 0.377781 0.0849691 1200.8 1155.69 350.143 805.545 27.1125 2.12106 1.64135 0.479704 0.464092
internal_count=40000 600 580 39400 1193 1155 591 76 564 445 515 119 559 538 163 375 38207 2989 2313 676 654
is_linear=0
shrinkage=0.05


Tree=62
num_leaves=17
num_cat=0
split_feature=2 7 4 3 0 5 0 4 4 7 0 0 0 7 0 7
split_gain=104.359 0.136246 3.18489 0.000222049 0.000405089 0.000638342 0.00125623 4.90495e-09 1.947e-09 2.04636e-11 4.54747e-13 3.55271e-15 3.33067e-16 1.11022e-16 5.55112e-17 5.55112e-17
threshold=1.0000000180025095e-35 2.5750000000000006 58.635000000000005 3.5000000000000004 23250.000000000004 1.0000000180025095e-35 19200.000000000004 8.1350000000000033 11.635000000000003 3.6550000000000007 12950.000000000002 17900.000000000004 2650.0000000000005 0.22500000000000003 3250.0000000000005 1.8150000000000002
decision_type=2 2 2 2 2 2 2 2 2 2 2 2 2 2 2 2
left_child=11 2 7 4 5 6 -3 12 -5 -10 -11 -1 13 -2 -9 -14
right_child=1 3 -4 8 -6 -7 -8 14 9 10 -12 -13 15 -15 -16 -17
leaf_value=-0.050033797453288134 -0.050033794095299969 0.05042939950921526 0.051665377866024181 0.051664240741514801 0.051664322934926059 0.05166549179146878 0.051663847244720763 -0.050046316318425502 0.051663864152558858 0.051663903050249954 0.051663899015068508 -0.050033797352223776 -0.050033794636874254 -0.050033797065228515 -0.050046313691751047 -0.050033796484508911
leaf_weight=25.777586868614893 0.033076340274422189 4.1507009065244347 18.436053991317749 42.990214109420776 28.661484956741333 8.1943531036376953 4.093409538269043 0.067496594623662531 42.981201648712158 45.028889179229736 1033.6149196624756 0.013500671309883638 0.24570984492311254 0.39894060819642618 0.020340202609077096 0.037799991201609373
leaf_count=38187 49 40 9 21 14 4 2 73 21 22 505 20 364 591 22 56
internal_value=0.0495044 0.0515933 0.0474188 0.0516597 0.0515508 0.051353 0.0510423 -0.0500352 0.0516639 0.0516639 0.0516639 -0.0500338 -0.0500338 -0.0500338 -0.0500463 -0.0500338
internal_weight=1254.75 1228.95 19.2394 1209.72 45.0999 16.4385 8.24411 0.803364 1164.62 1121.63 1078.64 25.7911 0.715527 0.432017 0.0878368 0.28351
internal_count=40000 1793 1164 629 60 46 42 1155 569 548 527 38207 1060 640 95 420
is_linear=0
shrinkage=0.05


Tree=63
num_leaves=15
num_cat=0
split_feature=1 3 7 2 7 4 4 7 2 1 1 7 1 1
split_gain=102.481 1.40496e-08 1.26963e-08 4.44103e-09 2.81328e-08 4.22024e-09 2.72848e-12 1.36424e-12 2.27374e-13 3.55271e-15 1.11022e-16 4.16334e-17 1.38778e-17 1.38778e-17
threshold=0.14640000000000003 3.5000000000000004 3.2950000000000004 1.0000000180025095e-35 2.5950000000000002 8.1350000000000033 11.955000000000002 4.4850000000000012 5.5000000000000009 0.088850000000000026 0.070950000000000013 0.97500000000000009 0.050450000000000009 0.084350000000000022
decision_type=2 2 2 2 2 2 2 2 2 2 2 2 2 2
left_child=3 -2 -3 9 5 10 -4 -8 -9 -1 -5 12 -7 -12
right_child=1 2 6 4 -6 11 7 8 -10 -11 13 -13 -14 -15
leaf_value=-0.050032148009681393 0.051581072225035912 0.051581014590103572 0.05158010516954184 -0.050032147738921687 -0.050071090268025545 -0.050044055334784537 0.051580126575577194 0.05158011797690823 0.05158011859687061 -0.050032148010302695 -0.050032147622484452 -0.050044052311226994 -0.050044054335088475 -0.050032148094402519
leaf_weight=24.39853971963749 42.924795269966125 40.972178936004639 40.95018458366394 0.59589164511999015 0.053089296910911798 0.044857543951366097 50.70088529586792 844.35994255542755 150.15180122852325 0.1354903822648329 0.068065178347751498 0.017589881492312998 0.02110920031554997 0.016695182071998715
leaf_count=37996 22 21 21 928 38 51 26 433 77 211 106 20 24 26
internal_value=0.0494253 0.0515802 0.0515802 -0.0500323 -0.0500359 -0.0500334 0.0515801 0.0515801 0.0515801 -0.0500321 -0.0500321 -0.0500441 -0.0500441 -0.0500321
internal_weight=1195.41 1170.06 1127.13 25.3513 0.817298 0.764209 1086.16 1045.21 994.512 24.534 0.680652 0.0835566 0.0659667 0.0847604
internal_count=40000 600 578 39400 1193 1155 557 536 510 38207 1060 95 75 132
is_linear=0
shrinkage=0.05


Tree=64
num_leaves=16
num_cat=0
split_feature=1 3 0 2 0 4 4 0 1 1 4 1 0 1 0
split_gain=97.334 1.20845e-08 9.74433e-09 3.82192e-09 1.55878e-08 4.14195e-09 6.50534e-10 3.7551e-10 1.56693e-10 1.15446e-10 2.27374e-12 3.55271e-15 2.22045e-16 2.77556e-17 1.38778e-17
threshold=0.14640000000000003 3.5000000000000004 10450.000000000002 1.0000000180025095e-35 6850.0000000000009 8.1350000000000033 4.1150000000000011 5550.0000000000009 0.040750000000000008 0.06295000000000002 11.635000000000003 0.08815000000000002 4050.0000000000005 0.089450000000000016 2850.0000000000005
decision_type=2 2 2 2 2 2 2 2 2 2 2 2 2 2 2
left_child=3 -2 -3 11 5 7 -6 12 -9 14 -4 -1 -5 -13 -7
right_child=1 2 10 4 6 9 -8 8 -10 -11 -12 13 -14 -15 -16
leaf_value=-0.050030579145206769 0.051501588060132768 0.051501435799773211 0.051500668585227907 -0.050030578722818013 -0.050055746960182571 -0.050041905128140933 -0.050067135676605527 -0.050033194367259427 -0.050040698726155609 -0.050046565512139797 0.051500681420974387 -0.050030579143716294 -0.050030579459373087 -0.050030579141999737 -0.050041903327647297
leaf_weight=23.143958666594706 40.892755389213562 44.605934619903564 37.15387761592865 0.54485854925587673 0.036407562089152634 0.046855044376570731 0.019126011407934129 0.015925916086416692 0.012350421806331724 0.016794847382698208 992.01617348194122 0.134994731110054 0.068412913184147328 0.059251084399875253 0.016733095748350024
leaf_count=37889 22 24 20 892 36 56 16 25 17 19 534 221 112 97 20
internal_value=0.0493506 0.0515007 0.0515007 -0.0500307 -0.0500341 -0.0500322 -0.0500597 -0.0500308 -0.0500365 -0.0500429 0.0515007 -0.0500306 -0.0500306 -0.0500306 -0.0500419
internal_weight=1138.78 1114.67 1073.78 24.1157 0.777464 0.721931 0.0555336 0.641548 0.0282763 0.080383 1029.17 23.3382 0.613271 0.194246 0.0635881
internal_count=40000 600 578 39400 1193 1141 52 1046 42 95 554 38207 1004 318 76
is_linear=0
shrinkage=0.05


Tree=65
num_leaves=22
num_cat=0
split_feature=1 3 7 2 7 4 4 7 2 1 1 1 4 7 1 3 1 1 7 4 1
split_gain=92.4523 1.03398e-08 9.35711e-09 3.29211e-09 2.08364e-08 3.12564e-09 1.81899e-12 1.36424e-12 2.27374e-13 3.55271e-15 1.77636e-15 1.77636e-15 1.77636e-15 3.33067e-16 1.11022e-16 1.11022e-16 5.55112e-17 5.55112e-17 4.16334e-17 2.77556e-17 1.38778e-17
threshold=0.14640000000000003 3.5000000000000004 3.2950000000000004 1.0000000180025095e-35 2.5950000000000002 8.1350000000000033 11.955000000000002 4.4850000000000012 2.5000000000000004 0.042250000000000003 0.041350000000000005 0.038250000000000006 19.815000000000001 0.83500000000000008 0.040450000000000007 1.5000000000000002 0.041650000000000006 0.054350000000000002 0.97500000000000009 9.2050000000000018 0.030450000000000001
decision_type=2 2 2 2 2 2 2 2 2 2 2 2 2 2 2 2 2 2 2 2 2
left_child=3 -2 -3 9 5 13 -4 -8 -9 10 11 -1 -11 15 -13 -5 -12 -15 20 -18 -7
right_child=1 2 6 4 -6 18 7 8 -10 12 16 14 -14 17 -16 -17 19 -19 -20 -21 -22
leaf_value=-0.05002908573460866 0.05142621070425029 0.051426159366901494 0.051425340262386245 -0.050029088710644425 -0.050064317001543471 -0.050039859969204341 0.051425360576083524 0.051425352180876654 0.051425350961686281 -0.050029085723294203 -0.050029085728184569 -0.050029085719724753 -0.050029085763160487 -0.050029085800340767 -0.050029085757442762 -0.05002908673067237 -0.050029085699950848 -0.050029085940032247 -0.050039856831942432 -0.050029085741595661 -0.050039858719546484
leaf_weight=11.631697424279993 38.953967571258545 37.1819828748703 37.161954879760742 0.16095171647611906 0.048044012277387083 0.024673656560480595 46.01063060760498 281.37104916572571 621.1401674747467 9.2865315840463118 0.10110478609567586 0.65776211221236813 0.023242428607773813 0.19232804916100577 0.31086814415175468 0.19813931558746845 0.17722390330163762 0.064496646751649678 0.015917248965706676 0.012202284066006541 0.035020349139813334
leaf_count=20018 22 21 21 277 38 31 26 159 351 15982 174 1132 40 331 535 341 305 111 20 21 44
internal_value=0.0492799 0.0514254 0.0514254 -0.0500292 -0.0500325 -0.0500303 0.0514254 0.0514254 0.0514254 -0.0500291 -0.0500291 -0.0500291 -0.0500291 -0.0500291 -0.0500291 -0.0500291 -0.0500291 -0.0500291 -0.0500399 -0.0500291 -0.0500399
internal_weight=1084.76 1061.82 1022.87 22.9402 0.739571 0.691527 985.684 948.522 902.511 22.2006 12.8909 12.6003 9.30977 0.615916 0.96863 0.359091 0.290531 0.256825 0.0756113 0.189426 0.059694
internal_count=40000 600 578 39400 1193 1155 557 536 510 38207 22185 21685 16022 1060 1667 618 500 442 95 326 75
is_linear=0
shrinkage=0.05


Tree=66
num_leaves=18
num_cat=0
split_feature=1 3 7 2 7 7 0 7 1 0 0 1 7 2 0 2 0
split_gain=87.822 8.84552e-09 7.98855e-09 2.83469e-09 1.79334e-08 2.13176e-11 2.1729e-11 2.39673e-11 1.17095e-11 8.23397e-12 6.53116e-12 3.73997e-12 1.25056e-12 2.27374e-13 1.13687e-13 2.84217e-14 3.55271e-15
threshold=0.14640000000000003 3.5000000000000004 3.2950000000000004 1.0000000180025095e-35 2.5950000000000002 0.7350000000000001 2350.0000000000005 0.62500000000000011 0.015250000000000001 2550.0000000000005 1050.0000000000002 0.0040500000000000006 4.4850000000000012 6.5000000000000009 27250.000000000004 7.5000000000000009 5050.0000000000009
decision_type=2 2 2 2 2 2 2 2 2 2 2 2 2 2 2 2 2
left_child=3 -2 -3 16 5 6 10 -8 11 -10 -5 -7 -4 14 -14 -15 -1
right_child=1 2 12 4 -6 8 7 -9 9 -11 -12 -13 13 15 -16 -17 -18
leaf_value=-0.050027664515955417 0.051354719828476385 0.051354670422742554 0.051353913321938817 -0.050028525423053319 -0.05006117668449004 -0.050028501067513498 -0.050031681846501377 -0.050029249888067263 -0.050028098617532969 -0.050028796496111062 -0.05002905194421077 -0.05002766556802838 0.051353904821680452 0.051353901119776349 0.051353905836728178 0.051353903224302527 -0.050027664593060642
leaf_weight=18.946218803641393 37.10444164276123 35.416588664054871 43.826020121574402 0.081433197425211712 0.045703672803938389 0.018648933910299093 0.015452976047527045 0.029415577882900834 0.053675697010476142 0.19882811047136784 0.21283003292046487 0.047535210265778005 419.7159675359726 33.712062478065491 404.5456075668335 37.083303093910217 2.1722604327369472
leaf_count=34277 22 21 26 144 38 33 25 51 96 349 371 86 249 20 240 22 3930
internal_value=0.0492128 0.051354 0.0513539 -0.0500278 -0.0500309 -0.0500288 -0.0500291 -0.0500301 -0.0500285 -0.0500286 -0.0500289 -0.0500279 0.0513539 0.0513539 0.0513539 0.0513539 -0.0500277
internal_weight=1033.23 1011.4 974.3 21.822 0.703523 0.65782 0.339132 0.0448686 0.318688 0.252504 0.294263 0.0661841 938.883 895.057 824.262 70.7954 21.1185
internal_count=40000 600 578 39400 1193 1155 591 76 564 445 515 119 557 531 489 42 38207
is_linear=0
shrinkage=0.05


Tree=67
num_leaves=29
num_cat=0
split_feature=1 3 7 7 3 4 4 1 3 7 0 4 3 4 3 4 4 4 7 0 0 0 1 4 4 0 0 1
split_gain=83.4294 7.59098e-09 6.87567e-09 1.16939e-09 9.88119e-10 8.40582e-10 3.59822e-10 2.66802e-10 1.96013e-10 1.5342e-10 1.43479e-10 9.8229e-11 8.13369e-11 2.82761e-11 2.45237e-11 1.31882e-11 9.19465e-12 1.59162e-12 7.95808e-13 1.13687e-13 3.55271e-15 1.77636e-15 1.77636e-15 1.77636e-15 1.77636e-15 2.22045e-16 5.55112e-17 2.77556e-17
threshold=0.14640000000000003 3.5000000000000004 3.2950000000000004 2.5950000000000002 1.5000000000000002 6.1850000000000014 10.145000000000001 0.073350000000000012 1.0000000180025095e-35 3.0350000000000006 12650.000000000002 8.1350000000000033 1.0000000180025095e-35 8.7850000000000019 2.5000000000000004 13.945000000000002 9.3750000000000018 11.955000000000002 4.4850000000000012 45500.000000000007 2250.0000000000005 6150.0000000000009 0.086250000000000007 6.455000000000001 7.495000000000001 7350.0000000000009 10550.000000000002 0.089450000000000016
decision_type=2 2 2 2 2 2 2 2 2 2 2 2 2 2 2 2 2 2 2 2 2 2 2 2 2 2 2 2
left_child=3 -2 -3 11 6 7 8 10 26 -10 -6 20 25 -7 16 -16 -14 -4 -19 -20 22 24 23 -1 -22 -13 -5 -24
right_child=1 2 17 4 5 13 -8 -9 9 -11 -12 12 14 -15 15 -17 -18 18 19 -21 21 -23 27 -25 -26 -27 -28 -29
leaf_value=-0.050026319792734364 0.051286905474143711 0.051286859610263649 0.051286122024864204 -0.050026319347874749 -0.050028860525650691 -0.05004175263674579 -0.050034400207492551 -0.050037882446365457 -0.050026694837158325 -0.050029467711050303 -0.050035022018806379 -0.050026319897178054 -0.050027184975732067 -0.050038483341352427 -0.050028144883630603 -0.050026677136095238 -0.050026832550159932 0.051286139378983076 0.05128613240308514 0.051286133206471601 -0.050026319861562724 -0.050026319759632336 -0.050026319782674501 -0.050026319822409765 -0.050026319872741414 -0.050026319897173516 -0.050026319853684775 -0.050026319907962996
leaf_weight=8.8701585957896949 35.340327739715576 33.732720851898193 33.714499592781067 0.19033779599703748 0.084921736328396946 0.014849614060949534 0.018254336901009083 0.010669537354260683 0.082062400120776147 0.12721584044629708 0.010631177632603794 0.69825581274926551 0.27423947799252346 0.011925030499696732 0.06922376505099237 0.019648830988444388 0.56918818567646667 41.742300271987915 720.85339343547821 97.933325171470642 8.1282617006218008 0.59887870395323339 0.13986142555950287 0.56522950413636941 0.17193491646321568 0.011041695834137499 0.066775969811715186 0.024712356738746166
leaf_count=16870 22 21 21 362 154 21 31 16 155 228 17 1328 509 19 125 37 1067 26 449 61 15459 1139 266 1075 327 21 127 47
internal_value=0.0491491 0.0512862 0.0512862 -0.0500264 -0.0500286 -0.0500324 -0.0500275 -0.0500304 -0.0500272 -0.0500284 -0.0500295 -0.0500264 -0.0500267 -0.0500403 -0.050027 -0.0500278 -0.0500269 0.0512861 0.0512861 0.0512861 -0.0500263 -0.0500263 -0.0500263 -0.0500263 -0.0500263 -0.0500263 -0.0500263 -0.0500263
internal_weight=984.075 963.317 927.976 20.7583 0.617643 0.132997 0.484646 0.106222 0.466392 0.209278 0.0955529 20.1406 1.6416 0.0267746 0.9323 0.0888726 0.843428 894.244 860.529 818.787 18.499 8.89908 9.59996 9.43539 8.3002 0.709298 0.257114 0.164574
internal_count=40000 600 578 39400 1130 227 903 187 872 383 171 38270 3087 40 1738 162 1576 557 536 510 35183 16925 18258 17945 15786 1349 489 313
is_linear=0
shrinkage=0.05


Tree=68
num_leaves=17
num_cat=0
split_feature=1 3 7 2 7 4 4 2 0 2 1 4 0 4 7 4
split_gain=79.2618 6.5088e-09 5.86965e-09 2.09756e-09 1.32825e-08 1.9931e-09 1.7053e-12 6.82121e-13 2.27374e-13 2.27374e-13 3.55271e-15 4.44089e-16 1.11022e-16 1.11022e-16 8.32667e-17 6.93889e-18
threshold=0.14640000000000003 3.5000000000000004 3.2950000000000004 1.0000000180025095e-35 2.5950000000000002 8.1350000000000033 11.635000000000003 2.5000000000000004 15300.000000000002 6.5000000000000009 0.0097500000000000017 0.72500000000000009 6650.0000000000009 0.14500000000000005 0.96500000000000008 8.9150000000000009
decision_type=2 2 2 2 2 2 2 2 2 2 2 2 2 2 2 2
left_child=3 -2 -3 10 5 12 -4 8 -8 -9 11 13 -5 -1 15 -7
right_child=1 2 6 4 -6 14 7 9 -10 -11 -12 -13 -14 -15 -16 -17
leaf_value=-0.050025032714755335 0.051222568842293349 0.051222523875658225 0.051221824182640846 -0.050025032775601698 -0.050055349066036064 -0.050034303533721437 0.051221837391699589 0.051221837137083573 0.051221833083915758 0.05122183359160494 -0.050025032766365551 -0.050025032758585379 -0.050025030267441539 -0.050025032715638643 -0.050034300778049268 -0.050034305120244642
leaf_weight=0.10453431872884467 33.657917737960815 32.12684166431427 30.580431461334229 0.51966295088641246 0.041360106668435037 0.01370275899535045 33.638811469078064 512.22637224197388 224.76783931255341 50.458120465278625 16.517418282921426 2.0821829605265521 0.010501917218789458 0.40563315554754809 0.014386978291440755 0.036997664079535753
leaf_count=209 22 21 20 1039 38 20 22 335 147 33 33024 4163 21 811 21 54
internal_value=0.0490887 0.0512219 0.0512219 -0.0500251 -0.050028 -0.050026 0.0512218 0.0512218 0.0512218 0.0512218 -0.050025 -0.050025 -0.050025 -0.050025 -0.0500343 -0.0500343
internal_weight=937.203 917.456 883.798 19.7464 0.636612 0.595252 851.672 821.091 258.407 562.684 19.1098 2.59235 0.530165 0.510167 0.0650874 0.0507004
internal_count=40000 600 578 39400 1193 1155 557 537 169 368 38207 5183 1060 1020 95 74
is_linear=0
shrinkage=0.05


Tree=69
num_leaves=21
num_cat=0
split_feature=1 7 2 7 4 2 0 0 4 4 4 0 0 1 1 0 4 7 0 1
split_gain=75.3071 4.87285e-09 1.80574e-09 1.14317e-08 1.71541e-09 4.7055e-10 1.0607e-09 4.27036e-10 1.58735e-10 1.15392e-11 9.09495e-13 2.27374e-13 1.13687e-13 7.10543e-15 1.11022e-15 1.11022e-16 1.11022e-16 6.245e-17 5.55112e-17 1.38778e-17
threshold=0.14640000000000003 3.2350000000000008 1.0000000180025095e-35 2.5950000000000002 8.1350000000000033 2.5000000000000004 18050.000000000004 15300.000000000002 41.415000000000006 107.37500000000001 12.395000000000001 12950.000000000002 51000.000000000007 0.0065500000000000011 0.0044500000000000008 6350.0000000000009 9.2050000000000018 0.97500000000000009 2650.0000000000005 0.022950000000000002
decision_type=2 2 2 2 2 2 2 2 2 2 2 2 2 2 2 2 2 2 2 2
left_child=2 -2 13 4 15 6 7 -3 -8 -10 -7 -12 -13 14 -1 18 -16 19 -4 -6
right_child=1 5 3 -5 17 10 8 -9 9 -11 11 12 -14 -15 16 -17 -18 -19 -20 -21
leaf_value=-0.05002381348893719 0.05116150985261686 0.05116096697015482 -0.050023811038714221 -0.050052647392347938 -0.050032629467280224 0.051160817733163569 0.051160933388406507 0.051161223813661665 0.051160846328493097 0.05116081931973307 0.051160829970680145 0.051160826176480323 0.051160824559313901 -0.050023810646719624 -0.050023810641977376 -0.05002380837048484 -0.05002381074930401 -0.050032626676337726 -0.050023811361406316 -0.050032630975363923
leaf_weight=1.100484066613723 29.139280796051025 36.408030271530151 0.30449608512571913 0.039345020777545869 0.014338530949316919 32.03514838218689 46.60099458694458 29.132543206214905 62.615625739097595 107.7547162771225 30.579320073127747 451.40727174282074 48.053030490875244 16.526767447823659 0.51669945922913019 0.012844518001656979 0.034256245038704947 0.013034010422416031 0.18697983052697964 0.03454252949450165
leaf_count=2313 20 25 640 38 22 22 32 20 43 74 21 310 33 34736 1086 27 72 20 393 53
internal_value=0.0490313 0.0511609 -0.0500239 -0.0500266 -0.0500248 0.0511609 0.0511609 0.0511611 0.0511609 0.0511608 0.0511608 0.0511608 0.0511608 -0.0500238 -0.0500238 -0.0500238 -0.0500238 -0.0500326 -0.0500238 -0.0500326
internal_weight=892.51 873.726 18.7838 0.605581 0.566236 844.587 282.512 65.5406 216.971 170.37 562.075 530.04 499.46 18.1782 1.65144 0.50432 0.550956 0.0619151 0.491476 0.0488811
internal_count=40000 600 39400 1193 1155 580 194 45 149 117 386 364 343 38207 3471 1060 1158 95 1033 75
is_linear=0
shrinkage=0.05


Tree=70
num_leaves=14
num_cat=0
split_feature=1 3 7 2 7 4 4 7 2 1 7 4 7
split_gain=71.554 4.79599e-09 4.3392e-09 1.55462e-09 9.83898e-09 1.47604e-09 7.95808e-13 4.54747e-13 1.13687e-13 5.55112e-17 2.77556e-17 2.08167e-17 6.93889e-18
threshold=0.14640000000000003 3.5000000000000004 3.2950000000000004 1.0000000180025095e-35 2.5950000000000002 8.1350000000000033 11.955000000000002 4.4850000000000012 3.5000000000000004 0.034350000000000006 0.62500000000000011 10.385000000000003 0.77500000000000013
decision_type=2 2 2 2 2 2 2 2 2 2 2 2 2
left_child=3 -2 -3 -1 5 9 -4 -8 -9 10 -5 12 -7
right_child=1 2 6 4 -6 11 7 8 -10 -11 -12 -13 -14
leaf_value=-0.050022648367158175 0.051103591635430615 0.051103552063343896 0.051102921976424687 -0.050022649536698043 -0.050050077728454594 -0.050031037537210755 0.051102936049030115 0.051102930150189754 0.051102930961228143 -0.050022649000277968 -0.050022649032205095 -0.050031035355429659 -0.050031036258232291
leaf_weight=17.292037400096891 30.524074554443359 29.135536313056946 29.119739413261414 0.090063613461096703 0.037428014853503555 0.02045934705529362 36.053476095199585 363.30602180957794 343.89284145832062 0.25525507185375318 0.13441661247634329 0.026038697746116668 0.012399220140650868
leaf_count=38207 22 21 21 199 38 33 26 262 248 564 297 42 20
internal_value=0.0489769 0.051103 0.051103 -0.0500227 -0.0500253 -0.0500236 0.0511029 0.0511029 0.0511029 -0.0500226 -0.0500226 -0.050031 -0.050031
internal_weight=849.9 832.032 801.508 17.8681 0.576061 0.538633 772.372 743.252 707.199 0.479735 0.22448 0.0588973 0.0328586
internal_count=40000 600 578 39400 1193 1155 557 536 510 1060 496 95 53
is_linear=0
shrinkage=0.05


Tree=71
num_leaves=13
num_cat=0
split_feature=2 4 0 7 4 2 7 7 3 2 0 4
split_gain=65.7541 0.0857537 1.89778 0.000708556 0.00285758 0.00690226 8.78733e-07 5.94023e-09 4.64604e-09 4.54747e-13 5.55112e-17 5.55112e-17
threshold=1.0000000180025095e-35 8.0350000000000019 21550.000000000004 3.0850000000000004 324.17000000000002 2.5000000000000004 3.9550000000000005 2.5950000000000002 3.5000000000000004 2.5000000000000004 6750.0000000000009 2.0950000000000002
decision_type=2 2 2 2 2 2 2 2 2 2 2 2
left_child=-1 2 7 4 5 -3 -5 10 -8 -10 11 -2
right_child=1 3 -4 6 -6 -7 8 -9 9 -11 -12 -13
leaf_value=-0.050021544398608397 -0.050021544411765664 0.046698045393622434 0.051047973572280997 0.051038942047573435 0.051047906478096594 0.051052393621911864 0.051048643765248883 -0.050044710974160689 0.051047982555810861 0.051047984876863212 -0.050021541212948023 -0.050021544493311268
leaf_weight=16.449048717273399 0.2518531481618983 1.3857340975082486 10.563278675079344 27.731151315849274 15.843907594680786 2.6514486074447632 27.745554447174072 0.029456717835273594 217.86919319629669 488.55537211894989 0.0086091957055032253 0.19588581347488798
leaf_count=38207 585 99 8 23 12 2 21 33 165 370 20 455
internal_value=0.0489253 0.0509782 0.0466041 0.05104 0.0507453 0.0495578 0.0510477 -0.0500229 0.051048 0.051048 -0.0500215 -0.0500215
internal_weight=809.28 792.831 11.0491 781.782 19.8811 4.03718 761.901 0.485805 734.17 706.425 0.456348 0.447739
internal_count=40000 1793 1101 692 113 101 579 1093 556 535 1060 1040
is_linear=0
shrinkage=0.05


Tree=72
num_leaves=18
num_cat=0
split_feature=1 7 3 2 7 4 7 4 2 0 0 3 0 1 7 0 4
split_gain=64.6339 6.01256e-09 4.02781e-09 1.68417e-09 8.01563e-09 2.25432e-09 2.6148e-12 5.68434e-13 3.41061e-13 3.55271e-15 1.11022e-16 1.11022e-16 5.55112e-17 2.77556e-17 2.77556e-17 1.38778e-17 1.38778e-17
threshold=0.14640000000000003 3.2350000000000008 3.5000000000000004 1.0000000180025095e-35 2.5950000000000002 8.1350000000000033 4.2700000000000005 11.635000000000003 2.5000000000000004 9850.0000000000018 6250.0000000000009 1.0000000180025095e-35 2650.0000000000005 0.06925000000000002 2.5950000000000002 3250.0000000000005 0.62500000000000011
decision_type=2 2 2 2 2 2 2 2 2 2 2 2 2 2 2 2 2
left_child=3 -2 -3 9 5 10 -4 -8 -9 -1 12 13 -5 16 -13 -7 -11
right_child=1 2 6 4 -6 15 7 8 -10 11 -12 14 -14 -15 -16 -17 -18
leaf_value=-0.050020495198913467 0.050996635599340062 0.050996455593815486 0.050995842344649246 -0.050020493909586142 -0.050046676752620811 -0.0500309343077769 0.050995819199826292 0.050995828115992604 0.050995825608448654 -0.050020495251690278 -0.050020490600512738 -0.050020495268639331 -0.050020494751122913 -0.050020495121357755 -0.050020492097841873 -0.050030932924645735 -0.050020495113065666
leaf_weight=15.484964175237108 25.164904594421387 26.418715476989746 26.403118371963501 0.26209915662184435 0.034473291714675725 0.045108136313501745 25.145295023918152 202.42111563682556 448.8471006155014 0.014333762228489699 0.011875122698256746 0.0090097859501838684 0.16012640568078496 0.010647934366716072 0.078220502648036927 0.013593393319752067 0.049963382713031024
leaf_count=37811 20 21 21 640 38 73 20 161 357 35 29 22 391 26 191 22 122
internal_value=0.0488755 0.0509959 0.0509958 -0.0500206 -0.0500234 -0.0500217 0.0509958 0.0509958 0.0509958 -0.0500205 -0.0500205 -0.0500205 -0.0500205 -0.0500205 -0.0500205 -0.0500309 -0.0500205
internal_weight=770.575 754.4 729.235 16.1744 0.527276 0.492802 702.817 676.414 651.268 15.6471 0.434101 0.162175 0.422226 0.0749451 0.0872303 0.0587015 0.0642971
internal_count=40000 600 580 39400 1193 1155 559 538 518 38207 1060 396 1031 183 213 95 157
is_linear=0
shrinkage=0.05


Tree=73
num_leaves=20
num_cat=0
split_feature=1 7 3 2 7 7 0 7 1 0 0 1 7 0 0 0 0 7 0
split_gain=61.4225 5.11977e-09 3.44471e-09 1.44928e-09 6.89914e-09 1.64371e-11 1.66222e-11 1.78005e-11 9.25318e-12 6.50086e-12 5.13248e-12 2.94029e-12 1.7053e-12 1.13687e-13 1.77636e-15 1.77636e-15 1.77636e-15 1.77636e-15 2.77556e-17
threshold=0.14640000000000003 3.2350000000000008 3.5000000000000004 1.0000000180025095e-35 2.5950000000000002 0.7350000000000001 2350.0000000000005 0.62500000000000011 0.015250000000000001 2550.0000000000005 1050.0000000000002 0.0040500000000000006 4.2700000000000005 62500.000000000007 17900.000000000004 15650.000000000002 9150.0000000000018 2.5950000000000002 14550.000000000002
decision_type=2 2 2 2 2 2 2 2 2 2 2 2 2 2 2 2 2 2 2
left_child=3 -2 -3 14 5 6 10 -8 11 -10 -5 -7 -4 -14 15 16 17 -1 -18
right_child=1 2 12 4 -6 8 7 -9 9 -11 -12 -13 13 -15 -16 -17 18 -19 -20
leaf_value=-0.050019494892416749 0.050947083621580638 0.050946914652666875 0.050946331520924107 -0.050020399341492265 -0.050044398753840758 -0.050020374048517058 -0.050023615647869696 -0.05002115740192653 -0.050019952429556869 -0.050020688943371777 -0.050020952570435123 -0.050019494226529328 0.050946318126519841 0.050946318505982184 -0.050019494850295554 -0.050019495028518261 -0.050019494259137098 -0.050019493792775586 -0.050019494885088278
leaf_weight=14.429293510387641 23.960292100906372 25.154080152511597 25.139215111732483 0.057881683227606895 0.032793464721180499 0.013252110657049343 0.011324610270094126 0.021057129895780236 0.037993159086909145 0.14170498159364797 0.15206115163164213 0.033502831327496096 616.500856757164 27.53305971622467 0.0077913620043553724 0.0089600702340256744 0.17608486596145745 0.25360912102041844 0.0085704903758596629
leaf_count=37039 20 21 21 144 38 33 25 51 96 349 371 86 515 23 20 23 452 651 22
internal_value=0.048829 0.0509464 0.0509463 -0.0500196 -0.0500222 -0.0500207 -0.050021 -0.050022 -0.0500204 -0.0500205 -0.0500208 -0.0500197 0.0509463 0.0509463 -0.0500195 -0.0500195 -0.0500195 -0.0500195 -0.0500195
internal_weight=733.673 718.288 694.327 15.3859 0.501571 0.468778 0.242325 0.0323817 0.226453 0.179698 0.209943 0.0467549 669.173 644.034 14.8843 14.8765 14.8676 14.6829 0.184655
internal_count=40000 600 580 39400 1193 1155 591 76 564 445 515 119 559 538 38207 38187 38164 37690 474
is_linear=0
shrinkage=0.05


Tree=74
num_leaves=19
num_cat=0
split_feature=1 7 3 2 7 7 0 7 1 0 0 1 7 0 0 0 0 0
split_gain=58.3736 4.38263e-09 2.94426e-09 1.24868e-09 5.93766e-09 1.41883e-11 1.43087e-11 1.53439e-11 7.96568e-12 5.54876e-12 4.38258e-12 2.53842e-12 1.47793e-12 1.77636e-15 1.77636e-15 2.77556e-17 2.77556e-17 3.46945e-18
threshold=0.14640000000000003 3.2350000000000008 3.5000000000000004 1.0000000180025095e-35 2.5950000000000002 0.7350000000000001 2350.0000000000005 0.62500000000000011 0.015250000000000001 2550.0000000000005 1050.0000000000002 0.0040500000000000006 4.2700000000000005 15100.000000000002 9550.0000000000018 14050.000000000002 13050.000000000002 17550.000000000004
decision_type=2 2 2 2 2 2 2 2 2 2 2 2 2 2 2 2 2 2
left_child=3 -2 -3 13 5 6 10 -8 11 -10 -5 -7 -4 14 -1 16 -16 -15
right_child=1 2 12 4 -6 8 7 -9 9 -11 -12 -13 -14 17 15 -17 -18 -19
leaf_value=-0.050018542443172734 0.050900040982284081 0.050899880352442944 0.050899327677218997 -0.050019406067956865 -0.050042231745975822 -0.050019380556812855 -0.05002246517409225 -0.050020125101967017 -0.050018980960510578 -0.050019678625977219 -0.050019930223342973 -0.050018542379766086 0.050899315175250127 -0.050018541966763579 -0.050018542412823636 -0.050018541821116251 -0.050018542555939433 -0.050018542536507421
leaf_weight=13.995973094803041 22.812268137931824 23.948853135108948 23.934687256813049 0.055059827194782751 0.031195425195619464 0.012606041564140469 0.010772544221254066 0.02003056462854147 0.036140896292636171 0.13479660000302829 0.14464792111539282 0.031869469967205077 613.17548823356628 0.0096349516243215971 0.12303110634093251 0.010005538875702769 0.010376110119977966 0.0096349694940727204
leaf_count=37768 20 21 21 144 38 33 25 51 96 349 371 86 538 26 332 27 28 26
internal_value=0.0487848 0.0508994 0.0508993 -0.0500186 -0.0500211 -0.0500197 -0.0500199 -0.0500209 -0.0500194 -0.0500195 -0.0500198 -0.0500188 0.0508993 -0.0500185 -0.0500185 -0.0500185 -0.0500185 -0.0500185
internal_weight=698.507 683.871 661.059 14.6358 0.477119 0.445924 0.230511 0.0308031 0.215413 0.170937 0.199708 0.0444755 637.11 14.1587 14.1394 0.143413 0.133407 0.0192699
internal_count=40000 600 580 39400 1193 1155 591 76 564 445 515 119 559 38207 38155 387 360 52
is_linear=0
shrinkage=0.05


Tree=75
num_leaves=13
num_cat=0
split_feature=1 7 3 2 7 4 7 4 7 7 7 7
split_gain=55.4785 3.78782e-09 2.53863e-09 1.07319e-09 5.11011e-09 1.43723e-09 1.59162e-12 2.27374e-13 3.55271e-15 2.22045e-16 1.11022e-16 5.55112e-17
threshold=0.14640000000000003 3.2350000000000008 3.5000000000000004 1.0000000180025095e-35 2.5950000000000002 8.1350000000000033 4.2700000000000005 11.635000000000003 6.2150000000000007 0.7350000000000001 0.30500000000000005 1.8450000000000004
decision_type=2 2 2 2 2 2 2 2 2 2 2 2
left_child=3 -2 -3 8 5 9 -4 -8 -1 10 -5 -11
right_child=1 2 6 4 -6 -7 7 -9 -10 11 -12 -13
leaf_value=-0.050017639218414151 0.050855375540438397 0.050855221871105777 0.050854697114406426 -0.05001763886610066 -0.050040169981160655 -0.050026622285403971 0.050854678898393152 0.050854684155480112 -0.050017638743696149 -0.050017638965445844 -0.050017635944463873 -0.050017636394542347
leaf_weight=13.459202011348674 21.718277812004089 22.80035412311554 22.786855220794678 0.039128111035098168 0.02967519813682884 0.050529948086477816 21.701305866241455 562.0682235956192 0.0091652245610028826 0.16885023156646639 0.14769877411890775 0.017976774484850466
leaf_count=38181 20 21 21 111 38 95 20 518 26 479 419 51
internal_value=0.0487429 0.0508547 0.0508547 -0.0500177 -0.0500201 -0.0500187 0.0508547 0.0508547 -0.0500176 -0.0500176 -0.0500176 -0.0500176
internal_weight=664.997 651.075 629.357 13.9222 0.453859 0.424184 606.556 583.77 13.4684 0.373654 0.186827 0.186827
internal_count=40000 600 580 39400 1193 1155 559 538 38207 1060 530 530
is_linear=0
shrinkage=0.05


Tree=76
num_leaves=20
num_cat=0
split_feature=2 7 4 3 4 4 0 4 4 7 0 0 0 0 0 0 0 0 7
split_gain=50.9748 0.0669635 1.57274 0.000136054 0.000247543 0.000385962 0.000761723 1.2372e-09 9.53833e-10 1.7053e-12 2.27374e-13 1.77636e-15 1.77636e-15 1.77636e-15 1.77636e-15 1.77636e-15 5.55112e-17 5.55112e-17 1.38778e-17
threshold=1.0000000180025095e-35 2.5750000000000006 58.635000000000005 3.5000000000000004 324.17000000000002 58.635000000000005 35750.000000000007 8.1350000000000033 11.635000000000003 3.6550000000000007 12950.000000000002 17900.000000000004 15100.000000000002 12050.000000000002 11650.000000000002 8850.0000000000018 6750.0000000000009 4850.0000000000009 0.90500000000000014
decision_type=2 2 2 2 2 2 2 2 2 2 2 2 2 2 2 2 2 2 2
left_child=11 2 7 4 5 6 -3 16 -5 -10 -11 12 13 14 15 -1 17 -2 -9
right_child=1 3 -4 8 -6 -7 -8 18 9 10 -12 -13 -14 -15 -16 -17 -18 -19 -20
leaf_value=-0.05001677712549444 -0.050016777230356461 0.049460218261387863 0.050813020347993093 0.050812644665466561 0.050812623092656578 0.050812455917057311 0.050812278774070622 -0.050025324552695406 0.050812293524818287 0.050812310736515015 0.050812307276928662 -0.050016777212033417 -0.050016777219938025 -0.050016777191028261 -0.050016777214255896 -0.050016777195339125 -0.050016775336915648 -0.050016776782145847 -0.050025322691562228
leaf_weight=12.608181700546982 0.32257649829261659 2.1012064231326804 9.304777979850769 21.701506733894348 14.467336416244507 4.1327004432678223 2.0659129619598389 0.035924127383623272 21.692492008209229 22.72593879699707 521.66156899929047 0.0067064425384167894 0.010730303009041431 0.033532167959493431 0.012071594974259692 0.14050019782735113 0.00670545725733973 0.026154581777518615 0.012142661784309894
leaf_count=37600 962 40 9 21 14 4 2 71 21 22 505 20 32 100 36 419 20 78 24
internal_value=0.0487031 0.0507422 0.0466222 0.0508077 0.0506877 0.0504701 0.0501305 -0.0500178 0.0508123 0.0508123 0.0508123 -0.0500168 -0.0500168 -0.0500168 -0.0500168 -0.0500168 -0.0500168 -0.0500168 -0.0500253
internal_weight=633.069 620.257 9.70828 610.549 22.7672 8.29982 4.16712 0.403503 587.782 566.08 544.388 12.8117 12.805 12.7943 12.7608 12.7487 0.355437 0.348731 0.0480668
internal_count=40000 1793 1164 629 60 46 42 1155 569 548 527 38207 38187 38155 38055 38019 1060 1040 95
is_linear=0
shrinkage=0.05


Tree=77
num_leaves=22
num_cat=0
split_feature=1 7 3 2 7 4 7 4 4 4 3 0 7 1 1 0 1 0 0 7 7
split_gain=50.1294 2.75941e-09 2.72894e-09 1.10667e-09 5.93718e-09 1.06468e-09 9.09495e-13 3.41061e-13 3.55271e-15 1.77636e-15 5.55112e-16 5.55112e-17 5.55112e-17 2.77556e-17 2.77556e-17 2.08167e-17 1.38778e-17 1.04083e-17 6.93889e-18 6.93889e-18 3.46945e-18
threshold=0.14640000000000003 3.2350000000000008 3.5000000000000004 1.0000000180025095e-35 2.5950000000000002 8.1350000000000033 4.2700000000000005 12.855000000000002 12.395000000000001 11.955000000000002 1.0000000180025095e-35 5450.0000000000009 0.24500000000000002 0.078550000000000023 0.0053500000000000015 3250.0000000000005 0.073750000000000024 6750.0000000000009 2350.0000000000005 1.2750000000000001 0.71500000000000008
decision_type=2 2 2 2 2 2 2 2 2 2 2 2 2 2 2 2 2 2 2 2 2
left_child=3 -2 -3 8 5 11 -4 -8 9 -1 16 12 -5 14 -12 18 -10 -13 -7 20 -11
right_child=1 2 6 4 -6 15 7 -9 10 19 13 17 -14 -15 -16 -17 -18 -19 -20 -21 -22
leaf_value=-0.050015962599184983 0.050772686581538988 0.050772648505093054 0.05077207403713753 -0.050015960748158707 -0.0500401467329748 -0.050024089076261748 0.050772058391854141 0.05077206306031079 -0.050015962662845484 -0.050015960008021824 -0.050015958216066025 -0.050015958567594415 -0.050015958882823758 -0.05001595821410651 -0.05001595820565885 -0.050024086623606356 -0.050015962731056185 -0.05001595604231384 -0.050024087808681644 -0.050015958964674784 -0.050015959775495694
leaf_weight=11.902556003566126 19.682714223861694 20.665953516960144 20.651106119155884 0.020414121856448086 0.029658020474016666 0.024546862987335771 27.534278869628906 501.52011358737946 0.10366692324169058 0.016905651660636845 0.010207175888353959 0.013715408102143556 0.29759901840589009 0.0063794857123866669 0.1199342125619296 0.010588138247840106 0.011802081950008869 0.0063785300299059591 0.010588644334347919 0.0063794592279009512 0.0092502610932569951
leaf_count=37315 20 21 21 64 38 51 28 510 325 53 32 43 933 20 376 22 37 20 22 20 29
internal_value=0.0486648 0.0507721 0.0507721 -0.050016 -0.0500186 -0.0500169 0.0507721 0.0507721 -0.050016 -0.050016 -0.050016 -0.050016 -0.050016 -0.050016 -0.050016 -0.0500241 -0.050016 -0.050016 -0.0500241 -0.050016 -0.050016
internal_weight=602.655 590.054 570.371 12.6006 0.413489 0.383831 549.705 529.054 12.1871 11.9351 0.25199 0.338107 0.318013 0.136521 0.130141 0.0457236 0.115469 0.0200939 0.0351355 0.0325354 0.0261559
internal_count=40000 600 580 39400 1193 1155 559 538 38207 37417 790 1060 997 428 408 95 362 63 73 102 82
is_linear=0
shrinkage=0.05


Tree=78
num_leaves=19
num_cat=0
split_feature=1 7 3 2 7 4 7 4 4 4 1 4 4 7 1 4 7 1
split_gain=47.6491 2.36037e-09 2.35002e-09 9.55447e-10 5.11037e-09 9.16631e-10 9.09495e-13 2.27374e-13 3.55271e-15 1.77636e-15 1.11022e-16 1.11022e-16 1.11022e-16 1.11022e-16 5.55112e-17 1.38778e-17 1.38778e-17 6.93889e-18
threshold=0.14640000000000003 3.2350000000000008 3.5000000000000004 1.0000000180025095e-35 2.5950000000000002 8.1350000000000033 4.2700000000000005 11.955000000000002 9.0550000000000015 7.1250000000000009 0.086950000000000013 9.3750000000000018 8.9150000000000009 2.4150000000000005 0.078050000000000022 9.2050000000000018 0.87500000000000011 0.023950000000000003
decision_type=2 2 2 2 2 2 2 2 2 2 2 2 2 2 2 2 2 2
left_child=3 -2 -3 8 5 14 -4 -8 9 -1 11 15 -11 -13 -5 -10 17 -7
right_child=1 2 6 4 -6 16 7 -9 10 12 -12 13 -14 -15 -16 -17 -18 -19
leaf_value=-0.050015179094281506 0.050734433133272319 0.050734398843171463 0.050733852392264391 -0.050015179465688633 -0.050038187724702136 -0.05002291457389664 0.050733835990592308 0.050733842017237865 -0.05001517910607866 -0.050015179250240453 -0.050015181836102422 -0.050015181507114148 -0.050015179113946442 -0.050015179793803502 -0.050015179289642657 -0.050015179113732336 -0.050022911828577155 -0.050022913398099771
leaf_weight=10.308498817525098 18.736537039279938 19.672509908676147 19.658365666866302 0.30250709969550449 0.028212658537086099 0.010072665492771193 19.657948136329651 483.96372187137604 0.032162777002668785 0.55556722270557735 0.0063718753226567051 0.60684530151775107 0.032466182601638138 0.019115321891149506 0.019115189847070724 0.031859338516369462 0.011903355014510453 0.021518652618397027
leaf_count=33974 20 21 21 997 38 22 21 517 106 1831 21 2000 107 63 63 105 26 47
internal_value=0.0486289 0.0507339 0.0507339 -0.0500153 -0.0500177 -0.0500161 0.0507338 0.0507338 -0.0500152 -0.0500152 -0.0500152 -0.0500152 -0.0500152 -0.0500152 -0.0500152 -0.0500152 -0.0500229 -0.0500229
internal_weight=573.675 561.689 542.953 11.9862 0.39333 0.365117 523.28 503.622 11.5929 10.8965 0.696355 0.689983 0.588033 0.625961 0.321622 0.0640221 0.0434947 0.0315913
internal_count=40000 600 580 39400 1193 1155 559 538 38207 35912 2295 2274 1938 2063 1060 211 95 69
is_linear=0
shrinkage=0.05


Tree=79
num_leaves=25
num_cat=0
split_feature=1 7 3 7 4 3 3 1 1 4 3 7 4 3 3 4 4 7 4 0 0 1 1 0
split_gain=45.2932 2.03693e-09 2.02067e-09 3.78945e-10 3.27281e-10 2.636e-10 1.7011e-10 1.02687e-10 7.68187e-11 7.32018e-11 5.83917e-11 4.40682e-11 3.75984e-11 3.09169e-11 8.9303e-12 4.81873e-12 3.41344e-12 6.82121e-13 2.27374e-13 5.68434e-14 1.77636e-15 1.77636e-15 2.22045e-16 5.55112e-17
threshold=0.14640000000000003 3.2350000000000008 3.5000000000000004 2.5950000000000002 8.5050000000000008 1.0000000180025095e-35 1.5000000000000002 0.076550000000000021 0.043450000000000009 6.245000000000001 1.0000000180025095e-35 3.0350000000000006 8.1350000000000033 1.0000000180025095e-35 2.5000000000000004 13.945000000000002 9.3750000000000018 4.2700000000000005 11.635000000000003 48500.000000000007 9650.0000000000018 0.06925000000000002 0.079050000000000023 7450.0000000000009
decision_type=2 2 2 2 2 2 2 2 2 2 2 2 2 2 2 2 2 2 2 2 2 2 2 2
left_child=3 -2 -3 12 6 -6 10 9 -7 -8 -5 -12 20 23 16 -16 -15 -4 -19 -20 21 -1 -23 -14
right_child=1 2 17 4 5 8 7 -9 -10 -11 11 -13 13 14 15 -17 -18 18 19 -21 -22 22 -24 -25
leaf_value=-0.050014439497706981 0.050698102429827967 0.05069806884194622 0.050697549790636613 -0.050014439523714593 -0.05001443959946205 -0.050022289306919987 -0.050016738079368461 -0.050023955164859774 -0.050029143091633435 -0.050022515184028837 -0.050014723833785468 -0.050016756496961502 -0.050014439523152668 -0.050015156536636296 -0.050015928699540892 -0.05001473544445717 -0.050014867846672008 0.050697534480113972 0.050697539629786917 0.050697539165138632 -0.050014439441699254 -0.05001443947869888 -0.050014439482419196 -0.050014439523144244
leaf_weight=8.8415743780205869 17.835195600986481 18.726141691207886 18.712668299674988 0.1382533981814057 0.008370203577214852 0.0092284469865262508 0.05365647713188082 0.0064798858948051921 0.007340098178246989 0.0061074241239111862 0.043378124188166112 0.069205088104354218 0.3835882533167031 0.1519059203856159 0.038722400233382359 0.010826160112628713 0.31413590730517171 17.821202635765076 421.47488754987717 40.098040103912354 0.011833663826110619 0.7339836832543376 0.56744466119562276 0.0057725847000256172
leaf_count=30633 20 21 21 479 29 27 173 16 18 16 149 223 1329 509 125 37 1067 20 473 45 41 2543 1966 20
internal_value=0.0485947 0.0506976 0.0506976 -0.0500145 -0.0500162 -0.0500217 -0.0500157 -0.050018 -0.0500253 -0.0500173 -0.0500151 -0.050016 -0.0500145 -0.0500148 -0.050015 -0.0500157 -0.050015 0.0506975 0.0506975 0.0506975 -0.0500144 -0.0500144 -0.0500144 -0.0500144
internal_weight=546.07 534.668 516.833 11.4018 0.342019 0.0249387 0.31708 0.0662438 0.0165685 0.0597639 0.250837 0.112583 11.0598 0.904951 0.51559 0.0495486 0.466042 498.107 479.394 461.573 10.1548 10.143 1.30143 0.389361
internal_count=40000 600 580 39400 1130 74 1056 205 45 189 851 372 38270 3087 1738 162 1576 559 538 518 35183 35142 4509 1349
is_linear=0
shrinkage=0.05


Tree=80
num_leaves=25
num_cat=0
split_feature=1 7 2 7 4 2 0 0 4 4 0 4 4 0 0 0 4 0 0 1 7 1 4 1
split_gain=43.0553 1.74714e-09 7.1007e-10 3.78496e-09 6.78399e-10 1.28694e-10 2.47411e-10 1.33738e-10 6.68479e-11 2.41585e-12 2.27374e-13 1.13687e-13 3.55271e-15 1.77636e-15 1.77636e-15 1.77636e-15 3.33067e-16 1.11022e-16 5.55112e-17 2.77556e-17 1.38778e-17 1.04083e-17 6.93889e-18 3.46945e-18
threshold=0.14640000000000003 3.2350000000000008 1.0000000180025095e-35 2.5950000000000002 8.1350000000000033 2.5000000000000004 18050.000000000004 15300.000000000002 41.415000000000006 107.37500000000001 13300.000000000002 13.945000000000002 8.3750000000000018 17900.000000000004 12050.000000000002 11750.000000000002 12.395000000000001 6150.0000000000009 5350.0000000000009 0.072950000000000015 0.97500000000000009 0.041650000000000006 2.1750000000000003 0.084350000000000022
decision_type=2 2 2 2 2 2 2 2 2 2 2 2 2 2 2 2 2 2 2 2 2 2 2 2
left_child=2 -2 12 4 17 6 7 -3 -8 -10 -7 -12 13 14 15 -1 -14 18 -4 -18 21 -6 -16 -21
right_child=1 5 3 -5 20 10 8 -9 9 -11 11 -13 16 -15 22 -17 19 -19 -20 23 -22 -23 -24 -25
leaf_value=-0.050013732735669586 0.050663592583629062 0.050663140593856106 -0.050013737407772201 -0.050034552377198088 -0.050020731534010224 0.050663062927527452 0.050663148577637568 0.050663328922403342 0.050663070276501757 0.050663054096579813 0.050663054916113587 0.050663058573887948 -0.050013735333911992 -0.050013733063801663 -0.050013733266042575 -0.050013733477894874 -0.050013733039490305 -0.050013733807747665 -0.05001373500150022 -0.050013732826810278 -0.050020729983234105 -0.050020732256751244 -0.050013733084996119 -0.050013732723628856
leaf_weight=9.6610892005555691 16.976627290248871 21.20685863494873 0.27263009513262737 0.025530094630084932 0.015743333380669355 20.356250107288361 27.145055174827576 16.970184206962585 36.472019016742706 62.764345943927765 26.293206810951233 280.74495303630829 0.56530988737358789 0.0054910893086351767 0.018395159102511438 0.006314758327790381 0.19740554544841871 0.0082357109931763262 0.010158263408811763 0.013727801240747795 0.0082853323256131262 0.015328875713748857 0.016473242518259212 0.0057656753342598668
leaf_count=35188 20 25 993 38 38 24 32 20 43 74 31 331 2059 20 67 23 719 30 37 50 20 37 60 21
internal_value=0.0485623 0.0506631 -0.0500138 -0.050016 -0.0500146 0.0506631 0.0506631 0.0506632 0.0506631 0.0506631 0.0506631 0.0506631 -0.0500137 -0.0500137 -0.0500137 -0.0500137 -0.0500137 -0.0500137 -0.0500137 -0.0500137 -0.0500207 -0.0500207 -0.0500137 -0.0500137
internal_weight=519.775 508.93 10.8459 0.355912 0.330382 491.953 164.558 38.177 126.381 99.2364 327.394 307.038 10.49 9.70776 9.70227 9.6674 0.782209 0.291024 0.282788 0.216899 0.0393575 0.0310722 0.0348684 0.0194935
internal_count=40000 600 39400 1193 1155 580 194 45 149 117 386 362 38207 35358 35338 35211 2849 1060 1030 790 95 75 127 71
is_linear=0
shrinkage=0.05


Tree=81
num_leaves=18
num_cat=0
split_feature=1 7 3 2 7 7 0 7 1 0 0 1 7 0 0 0 0
split_gain=40.9293 1.50925e-09 1.49652e-09 6.08539e-10 3.25795e-09 4.95681e-12 5.01876e-12 5.36813e-12 2.78164e-12 1.97026e-12 1.52145e-12 8.88199e-13 6.25278e-13 1.77636e-15 1.77636e-15 1.77636e-15 1.77636e-15
threshold=0.14640000000000003 3.2350000000000008 3.5000000000000004 1.0000000180025095e-35 2.5950000000000002 0.7350000000000001 2350.0000000000005 0.62500000000000011 0.015250000000000001 2550.0000000000005 1050.0000000000002 0.0040500000000000006 4.4850000000000012 17050.000000000004 15100.000000000002 12950.000000000002 11150.000000000002
decision_type=2 2 2 2 2 2 2 2 2 2 2 2 2 2 2 2 2
left_child=3 -2 -3 13 5 6 10 -8 11 -10 -5 -7 -4 14 15 16 -1
right_child=1 2 12 4 -6 8 7 -9 9 -11 -12 -13 -14 -15 -16 -17 -18
leaf_value=-0.050013065903743131 0.05063081029527481 0.050630779831669692 0.050630309274752532 -0.050013674262700814 -0.050032865606422922 -0.050013656091654292 -0.050015829594262574 -0.050014180873217295 -0.050013371146723995 -0.050013866354674065 -0.05001404213528067 -0.050013065501643583 0.050630301073843288 -0.050013065835216343 -0.05001306579289886 -0.05001306567043539 -0.050013065672850535
leaf_weight=9.9176487807417182 16.158859729766846 16.966071963310242 22.605048060417175 0.038804361771327289 0.024285775201860815 0.008884323644451797 0.0075922863616142413 0.014116951380856335 0.025470850494457409 0.095000398199772462 0.10194346419302747 0.022460433654487133 428.68405479192734 0.0078350343974314951 0.0057456807990100547 0.015670043678256529 0.031601256341674211
leaf_count=37974 20 21 28 144 38 33 25 51 96 349 371 86 531 30 22 60 121
internal_value=0.0485315 0.0506303 0.0506303 -0.0500131 -0.0500152 -0.0500139 -0.050014 -0.0500148 -0.0500137 -0.0500138 -0.0500139 -0.0500132 0.0506303 -0.0500131 -0.0500131 -0.0500131 -0.0500131
internal_weight=494.731 484.414 468.255 10.3171 0.338559 0.314273 0.162457 0.0217092 0.151816 0.120471 0.140748 0.0313448 451.289 9.9785 9.97067 9.96492 9.94925
internal_count=40000 600 580 39400 1193 1155 591 76 564 445 515 119 559 38207 38177 38155 38095
is_linear=0
shrinkage=0.05


Tree=82
num_leaves=25
num_cat=0
split_feature=2 4 0 7 4 6 7 7 3 2 4 3 0 0 7 7 0 7 7 3 7 0 0 7
split_gain=37.6064 0.0492293 1.0922 0.000494154 0.00198814 0.00475447 7.41113e-07 1.80752e-09 1.28188e-09 1.7053e-13 5.32907e-15 1.88738e-15 1.77636e-15 1.77636e-15 1.77636e-15 1.77636e-15 2.22045e-16 2.22045e-16 8.32667e-17 5.55112e-17 5.55112e-17 2.77556e-17 1.38778e-17 3.46945e-18
threshold=1.0000000180025095e-35 8.0350000000000019 21550.000000000004 3.0850000000000004 324.17000000000002 2.5000000000000004 3.9550000000000005 2.5950000000000002 3.5000000000000004 2.5000000000000004 9.0550000000000015 1.0000000180025095e-35 17550.000000000004 7750.0000000000009 3.0850000000000004 1.8150000000000002 2650.0000000000005 2.5950000000000002 1.7650000000000003 1.5000000000000002 0.57500000000000007 14250.000000000002 10050.000000000002 3.4350000000000005
decision_type=2 2 2 2 2 2 2 2 2 2 2 2 2 2 2 2 2 2 2 2 2 2 2 2
left_child=10 2 7 4 5 -3 -5 16 -8 -10 12 -12 13 14 15 -1 20 22 -18 -13 -2 -19 -15 -16
right_child=1 3 -4 6 -6 -7 8 -9 9 -11 11 19 -14 17 23 -17 18 21 -20 -21 -22 -23 -24 -25
leaf_value=-0.050012423671460061 -0.050012424114960687 0.045877106973327537 0.050599179194389624 0.050588285248557345 0.050599139003803133 0.05060180284992162 0.050599637526689202 -0.050028482463416658 0.05059918464722845 0.050599182811570637 -0.050012423606367373 -0.050012429472648959 -0.050012425485148795 -0.050012423626308901 -0.050012426660875187 -0.050012424171052318 -0.050012428279188552 -0.050012426909450805 -0.050012424488837352 -0.050012429445823764 -0.05001242574350824 -0.050012425949240186 -0.050012423604488723 -0.050012427246575619
leaf_weight=8.1563770028878828 0.095645747554953142 0.81294518266804283 6.1471662521362305 16.138222527632024 9.2200970053672791 1.5433300733566282 16.148309171199799 0.018777295423205942 126.78626215457916 284.30874294042587 0.25340391116333272 0.20470976232900284 0.0064592756098144069 0.068319689395139771 0.019129375839839535 0.5025841863825925 0.087447692814748734 0.14508530308376066 0.01689262842410244 0.11204362084390596 0.063349919189931825 0.01093107892666012 0.0059624458663165561 0.0069561388227157286
leaf_count=32831 385 99 8 23 12 2 21 33 165 370 1020 824 26 275 77 2023 352 584 68 451 255 44 24 28
internal_value=0.0485023 0.050529 0.0461843 0.0505904 0.0502679 0.0489717 0.0505988 -0.0500135 0.0505992 0.0505992 -0.0500124 -0.0500124 -0.0500124 -0.0500124 -0.0500124 -0.0500124 -0.0500124 -0.0500124 -0.0500124 -0.0500124 -0.0500124 -0.0500124 -0.0500124 -0.0500124
internal_weight=470.879 461.387 6.42928 454.958 11.5764 2.35628 443.382 0.282113 427.243 411.095 9.49196 0.570157 8.9218 8.91535 8.68505 8.65896 0.263336 0.230299 0.10434 0.316753 0.158996 0.156016 0.0742821 0.0260855
internal_count=40000 1793 1101 692 113 101 579 1093 556 535 38207 2295 35912 35886 34959 34854 1060 927 420 1275 640 628 299 105
is_linear=0
shrinkage=0.05


Tree=83
num_leaves=19
num_cat=0
split_feature=1 7 2 7 4 2 0 0 4 4 0 4 4 0 0 0 0 0
split_gain=37.0055 1.91807e-09 6.40206e-10 2.686e-09 7.93176e-10 8.0604e-11 1.63084e-10 8.41283e-11 4.08562e-11 1.64846e-12 2.27374e-13 5.68434e-14 2.84217e-14 3.55271e-15 1.77636e-15 1.77636e-15 1.38778e-17 3.46945e-18
threshold=0.14640000000000003 3.2350000000000008 1.0000000180025095e-35 2.5950000000000002 8.1350000000000033 2.5000000000000004 18050.000000000004 15300.000000000002 41.415000000000006 107.37500000000001 12350.000000000002 14.755000000000001 58.635000000000005 14050.000000000002 12850.000000000002 6250.0000000000009 3350.0000000000005 2350.0000000000005
decision_type=2 2 2 2 2 2 2 2 2 2 2 2 2 2 2 2 2 2
left_child=2 -2 13 4 -4 6 7 -3 -8 -10 -7 -12 -13 14 15 -1 17 -6
right_child=1 5 3 -5 16 10 8 -9 9 -11 11 12 -14 -15 -16 -17 -18 -19
leaf_value=-0.050011822719174807 0.050570218958268388 0.05056969367058281 -0.050011822184346799 -0.050030810896354853 -0.050019639358646575 0.050569626988981667 0.050569696709084767 0.050569854522459601 0.050569631309728573 0.050569616845148102 0.05056961851391896 0.050569621387122933 0.050569621401573554 -0.050011822349557748 -0.050011822429198639 -0.050011822421902191 -0.050019637524514583 -0.050019638885690998
leaf_weight=8.5319202729297015 14.641709864139555 18.285855650901794 0.25049589161062691 0.022398056811653078 0.020016205467982218 14.6270255446434 23.406053721904755 14.632696032524107 31.448296964168549 54.119061172008514 24.865562081336975 132.37313151359558 110.43285596370697 0.018669277022127839 0.008980145590613442 0.46956980446702878 0.0078489468432962894 0.009419194859219715
leaf_count=36103 20 25 1060 38 51 20 32 20 43 74 34 181 151 79 38 1987 20 24
internal_value=0.0484737 0.0505697 -0.0500119 -0.0500141 -0.0500128 0.0505696 0.0505697 0.0505698 0.0505696 0.0505696 0.0505696 0.0505696 0.0505696 -0.0500118 -0.0500118 -0.0500118 -0.0500196 -0.0500196
internal_weight=448.172 438.832 9.33932 0.310178 0.28778 424.191 141.892 32.9186 108.973 85.5674 282.299 267.672 242.806 9.02914 9.01047 9.00149 0.0372843 0.0294354
internal_count=40000 600 39400 1193 1155 580 194 45 149 117 386 366 332 38207 38128 38090 95 75
is_linear=0
shrinkage=0.05


Tree=84
num_leaves=20
num_cat=0
split_feature=1 7 3 2 7 4 7 4 0 0 4 0 4 0 4 1 0 0 4
split_gain=35.1814 1.64323e-09 9.38144e-10 5.5101e-10 2.31159e-09 6.82843e-10 8.52651e-13 1.13687e-13 5.68434e-14 3.55271e-15 8.88178e-16 4.44089e-16 1.11022e-16 5.55112e-17 5.55112e-17 4.16334e-17 1.38778e-17 3.46945e-18 3.46945e-18
threshold=0.14640000000000003 3.2350000000000008 3.5000000000000004 1.0000000180025095e-35 2.5950000000000002 8.1350000000000033 4.2700000000000005 11.955000000000002 59500.000000000007 2450.0000000000005 6.6150000000000011 12350.000000000002 8.7850000000000019 2750.0000000000005 8.3750000000000018 0.015850000000000006 3350.0000000000005 2150.0000000000005 2.5950000000000002
decision_type=2 2 2 2 2 2 2 2 2 2 2 2 2 2 2 2 2 2 2
left_child=3 -2 -3 9 5 13 -4 -8 -9 10 -1 -11 14 -5 -12 -15 17 -7 -13
right_child=1 2 6 4 -6 16 7 8 -10 11 12 18 -14 15 -16 -17 -18 -19 -20
leaf_value=-0.050011244481752218 0.050542098461879438 0.05054193929782258 0.05054154327057863 -0.050011244474220742 -0.050029306520494456 -0.050018681962693358 0.050541526782911107 0.050541531072503254 0.050541532411427254 -0.050011246803307555 -0.050011246784131595 -0.050011244882192787 -0.050011245569718199 -0.050011244295790985 -0.050011245592043979 -0.050011246451238923 -0.05001867975821539 -0.050018681088582151 -0.050011244315638484
leaf_weight=4.1518068837030988 13.935178875923155 14.627859294414518 14.617407679557799 0.14971320878248739 0.021306314796674997 0.017173662199638784 14.616977691650389 340.36942487955093 19.489458739757538 3.7811115950753451 0.26503755217709102 0.018208590117865131 0.3189886079489952 0.019332482144818641 0.040913250515586697 0.069236052382620983 0.0074662886036094269 0.010826679528690875 0.012813388530048542
leaf_count=18469 20 21 21 666 38 46 21 489 28 16820 1179 81 1419 86 182 308 20 29 57
internal_value=0.0484473 0.0505416 0.0505415 -0.0500113 -0.0500134 -0.0500122 0.0505415 0.0505415 0.0505415 -0.0500112 -0.0500112 -0.0500112 -0.0500112 -0.0500112 -0.0500112 -0.0500112 -0.0500187 -0.0500187 -0.0500112
internal_weight=426.54 417.656 403.721 8.88393 0.295055 0.273748 389.093 374.476 359.859 8.58888 4.77675 3.81213 0.624939 0.238282 0.305951 0.0885685 0.0354666 0.0280003 0.031022
internal_count=40000 600 580 39400 1193 1155 559 538 517 38207 21249 16958 2780 1060 1361 394 95 75 138
is_linear=0
shrinkage=0.05


Tree=85
num_leaves=18
num_cat=0
split_feature=1 0 3 2 0 4 4 0 1 1 4 0 0 0 0 0 0
split_gain=33.4482 1.13647e-09 8.10189e-10 4.73957e-10 1.28702e-09 6.67767e-10 1.33399e-10 2.7764e-11 1.53243e-11 1.11393e-11 1.7053e-13 5.68434e-14 5.68434e-14 1.77636e-15 1.77636e-15 8.32667e-17 6.93889e-18
threshold=0.14640000000000003 10450.000000000002 3.5000000000000004 1.0000000180025095e-35 6850.0000000000009 8.1350000000000033 4.1150000000000011 5550.0000000000009 0.06295000000000002 0.040750000000000008 11.635000000000003 52500.000000000007 13300.000000000002 17050.000000000004 14650.000000000002 1050.0000000000002 2750.0000000000005
decision_type=2 2 2 2 2 2 2 2 2 2 2 2 2 2 2 2 2
left_child=3 -2 -3 13 5 7 -6 15 16 -9 -4 12 -12 14 -1 -5 -7
right_child=1 2 10 4 6 8 -8 9 -10 -11 11 -13 -14 -15 -16 -17 -18
leaf_value=-0.050010697539064689 0.050515278569869662 0.050515230040337325 0.050514837007439861 -0.050010694404000293 -0.050021509158042016 -0.050017770037939793 -0.050029650368037665 -0.05001190013771515 -0.050020364995922308 -0.050015245787108045 0.050514843793377166 0.050514841462690856 0.050514841434396662 -0.050010697509912577 -0.050010696773995666 -0.050010696693685158 -0.050017768643614915
leaf_weight=8.1576798897585761 16.574782729148865 13.921621978282927 13.248813927173613 0.028867669432657617 0.013768572054686956 0.019177450711140409 0.0079295420146081597 0.0056217433302663267 0.0072060755628626785 0.0044630887132370844 23.848182857036591 22.523172557353973 307.37501978874207 0.0064150795369649618 0.0059874022990705758 0.18582145692198537 0.0078126900771167129
leaf_count=38149 25 21 20 135 36 54 16 25 19 17 36 34 464 30 28 869 22
internal_value=0.0484222 0.0505149 0.0505149 -0.0500108 -0.0500128 -0.0500118 -0.0500245 -0.0500108 -0.0500183 -0.0500134 0.0505148 0.0505148 0.0505148 -0.0500107 -0.0500107 -0.0500107 -0.0500178
internal_weight=405.942 397.492 380.917 8.45075 0.280668 0.25897 0.0216981 0.224774 0.0341962 0.0100848 366.995 353.746 331.223 8.17008 8.16367 0.214689 0.0269901
internal_count=40000 600 575 39400 1193 1141 52 1046 95 42 554 534 500 38207 38177 1004 76
is_linear=0
shrinkage=0.05


Tree=86
num_leaves=27
num_cat=0
split_feature=1 7 2 7 4 2 0 0 4 4 7 4 0 0 1 4 4 4 0 1 1 4 4 0 0 1
split_gain=31.8012 1.21219e-09 4.08036e-10 1.71253e-09 5.05781e-10 5.21823e-11 1.02077e-10 5.23137e-11 2.60485e-11 8.95284e-13 1.98952e-13 5.68434e-14 6.21725e-15 8.88178e-16 8.88178e-16 8.88178e-16 4.44089e-16 2.22045e-16 5.55112e-17 5.55112e-17 2.77556e-17 2.77556e-17 2.77556e-17 6.93889e-18 6.93889e-18 3.46945e-18
threshold=0.14640000000000003 3.2350000000000008 1.0000000180025095e-35 2.5950000000000002 8.1350000000000033 2.5000000000000004 18050.000000000004 15300.000000000002 41.415000000000006 107.37500000000001 4.8850000000000007 13.945000000000002 2650.0000000000005 2550.0000000000005 0.0050500000000000015 6.455000000000001 2.8350000000000004 8.9150000000000009 5550.0000000000009 0.0044500000000000008 0.00035000000000000005 11.635000000000003 8.6350000000000033 3250.0000000000005 6750.0000000000009 0.050450000000000009
decision_type=2 2 2 2 2 2 2 2 2 2 2 2 2 2 2 2 2 2 2 2 2 2 2 2 2 2
left_child=2 -2 12 4 18 6 7 -3 -8 -10 -7 -12 13 15 19 16 -1 -17 -4 20 -14 22 -15 25 -20 -6
right_child=1 5 3 -5 23 10 8 -9 9 -11 11 -13 14 21 -16 17 -18 -19 24 -21 -22 -23 -24 -25 -26 -27
leaf_value=-0.050010176378138642 0.050489991988588938 0.050489542625264908 -0.050010174046462158 -0.050026516496716279 -0.050016902460035463 0.050489486079174278 0.05048954547364503 0.050489679247973401 0.050489488648325032 0.050489477154455897 0.050489478655311372 0.050489479969055173 -0.050010176124197073 -0.050010173194067531 -0.050010173115631433 -0.050010173633314552 -0.050010176358231732 -0.050010174902710397 -0.050010174598552816 -0.050010173141076912 -0.050010176272927691 -0.050010174446725945 -0.050010175061275676 -0.050016900806759294 -0.050010171755000998 -0.050016901780191025
leaf_weight=2.630504562926943 12.621757507324217 15.763136565685274 0.20422069431515399 0.019279883796116337 0.017229026241693646 13.869987368583677 20.176952362060547 12.613976478576658 27.109679579734802 46.65277236700058 19.543760120868683 209.93882262706757 0.014645545990788711 0.16496590663155064 2.8619838137674378 0.33379640725615889 1.2641962464113019 0.28843544730625581 0.0073224407969973981 0.025833117717411369 0.17066131700994447 0.0048818430659594006 0.011797778017353266 0.0074316269310656926 0.0040675385243957862 0.007431973790517076
leaf_count=12932 20 25 1004 38 51 22 32 20 43 74 31 333 72 811 14070 1641 6215 1418 36 127 839 24 58 22 20 22
internal_value=0.0483983 0.0504895 -0.0500102 -0.0500122 -0.050011 0.0504895 0.0504895 0.0504896 0.0504895 0.0504895 0.0504895 0.0504895 -0.0500102 -0.0500102 -0.0500102 -0.0500102 -0.0500102 -0.0500102 -0.0500102 -0.0500102 -0.0500102 -0.0500102 -0.0500102 -0.0500169 -0.0500102 -0.0500169
internal_weight=386.33 378.291 8.03869 0.266983 0.247703 365.669 122.317 28.3771 93.9394 73.7625 243.353 229.483 7.7717 4.69858 3.07312 4.51693 3.8947 0.622232 0.215611 0.21114 0.185307 0.181646 0.176764 0.0320926 0.01139 0.024661
internal_count=40000 600 39400 1193 1155 580 194 45 149 117 386 364 38207 23099 15108 22206 19147 3059 1060 1038 911 893 869 95 56 73
is_linear=0
shrinkage=0.05


Tree=87
num_leaves=27
num_cat=0
split_feature=1 7 3 7 4 3 3 1 1 4 4 3 3 7 3 4 4 7 4 0 1 1 4 4 0 0
split_gain=30.236 1.05211e-09 6.01119e-10 1.31791e-10 1.66387e-10 1.20031e-10 5.12055e-11 3.33417e-11 3.08838e-11 2.30873e-11 2.20373e-11 1.89091e-11 1.76239e-11 1.32658e-11 5.27789e-12 2.82743e-12 2.04448e-12 6.25278e-13 1.13687e-13 7.99361e-15 8.88178e-16 4.44089e-16 2.22045e-16 1.11022e-16 2.77556e-17 2.77556e-17
threshold=0.14640000000000003 3.2350000000000008 3.5000000000000004 2.5950000000000002 8.5050000000000008 1.0000000180025095e-35 1.5000000000000002 0.043450000000000009 0.076550000000000021 8.1350000000000033 6.245000000000001 1.0000000180025095e-35 1.0000000180025095e-35 3.0350000000000006 2.5000000000000004 13.945000000000002 9.3750000000000018 4.2700000000000005 14.755000000000001 2550.0000000000005 0.053550000000000007 0.0097500000000000017 6.6950000000000012 9.5350000000000019 13550.000000000002 2850.0000000000005
decision_type=2 2 2 2 2 2 2 2 2 2 2 2 2 2 2 2 2 2 2 2 2 2 2 2 2 2
left_child=3 -2 -3 9 6 -6 12 -7 10 19 -8 23 24 -14 16 -16 -13 -4 -19 20 21 -1 -22 -11 -5 -25
right_child=1 2 17 4 5 7 8 -9 -10 11 -12 14 13 -15 15 -17 -18 18 -20 -21 22 -23 -24 25 -26 -27
leaf_value=-0.050009677203039227 0.050465868727000256 0.050465731685466433 0.050465391542411045 -0.05000967755971835 -0.050009678782010673 -0.050016176223204437 -0.050011218715543926 -0.05002160130301099 -0.050016052809675873 -0.050009677607543296 -0.050015090032293777 -0.050010358609280249 -0.050009869590733461 -0.050011231683903326 -0.050011073368801368 -0.050009961218339331 -0.050010086887827147 0.050465377680161044 0.050465379725753316 -0.050009679090839247 -0.050009675510636481 -0.050009675646331575 -0.05000967869300154 -0.050009675657713006 -0.05000967911950932 -0.050009676933899794
leaf_weight=0.54429246518702656 12.011781871318815 12.608852207660673 12.599823534488676 0.083008033063379005 0.0056112360325641921 0.0063262085168389603 0.035970823533716612 0.0051277586462674662 0.0043442328606033689 0.092876125127076992 0.0040944893698906517 0.10283397129387595 0.02907997218426317 0.04639447492081672 0.026487664319574833 0.0072870467265602193 0.21182512330415193 22.199113786220551 300.58932858705521 2.7406175549258478 1.0717511759576153 2.3884631742839701 0.062497865161276311 0.11454722099006176 0.0096745963674038649 0.053597263875417411
leaf_count=2813 20 21 21 429 29 27 173 18 16 480 16 509 149 223 125 37 1067 37 501 14164 5539 12344 323 592 50 277
internal_value=0.0483757 0.0504654 0.0504654 -0.0500097 -0.0500109 -0.0500157 -0.0500105 -0.0500186 -0.050012 -0.0500097 -0.0500116 -0.05001 -0.0500101 -0.0500107 -0.0500102 -0.0500108 -0.0500102 0.0504654 0.0504654 -0.0500097 -0.0500097 -0.0500097 -0.0500097 -0.0500097 -0.0500097 -0.0500097
internal_weight=367.656 360.009 347.997 7.64671 0.229632 0.0170652 0.212567 0.011454 0.0444095 7.41708 0.0400653 0.609454 0.168157 0.0754744 0.348434 0.0337747 0.314659 335.388 322.788 6.80762 4.067 2.93276 1.13425 0.261021 0.0926826 0.168144
internal_count=40000 600 580 39400 1130 74 1056 45 205 38270 189 3087 851 372 1738 162 1576 559 538 35183 21019 15157 5862 1349 479 869
is_linear=0
shrinkage=0.05


Tree=88
num_leaves=22
num_cat=0
split_feature=1 7 3 7 4 3 3 1 1 4 4 3 3 7 3 4 4 7 0 0 0
split_gain=28.7485 8.99604e-10 5.17559e-10 1.1319e-10 1.43209e-10 1.03317e-10 4.40453e-11 2.8691e-11 2.65889e-11 1.97886e-11 1.89705e-11 1.61519e-11 1.51247e-11 1.14177e-11 4.57723e-12 2.4484e-12 1.76481e-12 5.11591e-13 5.68434e-14 8.88178e-16 2.77556e-17
threshold=0.14640000000000003 3.2350000000000008 3.5000000000000004 2.5950000000000002 8.5050000000000008 1.0000000180025095e-35 1.5000000000000002 0.043450000000000009 0.076550000000000021 8.1350000000000033 6.245000000000001 1.0000000180025095e-35 1.0000000180025095e-35 3.0350000000000006 2.5000000000000004 13.945000000000002 9.3750000000000018 4.2700000000000005 62500.000000000007 10150.000000000002 7450.0000000000009
decision_type=2 2 2 2 2 2 2 2 2 2 2 2 2 2 2 2 2 2 2 2 2
left_child=3 -2 -3 9 6 -6 12 -7 10 19 -8 20 -5 -14 16 -16 -13 -4 -19 -1 -11
right_child=1 2 17 4 5 7 8 -9 -10 11 -12 14 13 -15 15 -17 -18 18 -20 -21 -22
leaf_value=-0.0500092067763429 0.050442939949698909 0.050442811191372963 0.050442486636831242 -0.050009206775574688 -0.05000920682387297 -0.050015387828476046 -0.050010671310283153 -0.050020547697110521 -0.050015270191759068 -0.050009206775237652 -0.050014354066472283 -0.050009853496901679 -0.050009387863119627 -0.050010683503155295 -0.050010536202172808 -0.050009475083514665 -0.050009594654409517 0.050442476321214361 0.05044247566696667 -0.050009206620505522 -0.05000920677522426
leaf_weight=6.4718048527138299 11.431022703647612 11.999223589897154 11.990627765655516 0.088163252861704566 0.0053376219584606579 0.0060177682025823742 0.034216870277305134 0.0048777750198496506 0.0041324251942569381 0.24461162285297167 0.0038948546862229696 0.097819663395057432 0.0276619852083968 0.04413226070755627 0.025196110771503299 0.0069317187590058884 0.20149623024917673 294.0494549870491 13.132312357425688 0.0038651018403469397 0.0036811380414292208
leaf_count=35162 20 21 21 479 29 27 173 18 16 1329 16 509 149 223 125 37 1067 515 23 21 20
internal_value=0.0483541 0.0504425 0.0504425 -0.0500093 -0.0500104 -0.0500149 -0.05001 -0.0500177 -0.0500115 -0.0500092 -0.050011 -0.0500095 -0.0500096 -0.0500102 -0.0500097 -0.0500103 -0.0500097 0.0504425 0.0504425 -0.0500092 -0.0500092
internal_weight=349.876 342.603 331.172 7.27384 0.218435 0.0162332 0.202202 0.0108955 0.0422442 7.05541 0.0381117 0.579736 0.159957 0.0717942 0.331444 0.0321278 0.299316 319.172 307.182 6.47567 0.248293
internal_count=40000 600 580 39400 1130 74 1056 45 205 38270 189 3087 851 372 1738 162 1576 559 538 35183 1349
is_linear=0
shrinkage=0.05


Tree=89
num_leaves=19
num_cat=0
split_feature=2 7 4 3 4 4 0 4 7 2 0 0 0 0 0 4 7 4
split_gain=26.4083 0.0352303 0.824302 8.89497e-05 0.000161296 0.000251317 0.000495036 3.2253e-10 1.37675e-10 2.27374e-13 1.7053e-13 1.42109e-14 8.88178e-16 2.77556e-17 3.46945e-18 5.20417e-18 1.73472e-18 8.67362e-19
threshold=1.0000000180025095e-35 2.5750000000000006 58.635000000000005 3.5000000000000004 324.17000000000002 58.635000000000005 35750.000000000007 8.1350000000000033 3.5950000000000002 2.5000000000000004 14950.000000000002 17050.000000000004 9350.0000000000018 750.00000000000011 2250.0000000000005 10.635000000000003 0.46500000000000002 1.635
decision_type=2 2 2 2 2 2 2 2 2 2 2 2 2 2 2 2 2 2
left_child=12 2 7 4 5 6 -3 13 -5 11 -11 -10 -1 17 16 -16 -9 -2
right_child=1 3 -4 8 -6 -7 -8 14 9 10 -12 -13 -14 -15 15 -17 -18 -19
leaf_value=-0.050008756165750824 -0.050008756495153822 0.048918904621670103 0.050421303124436656 0.050420891156610692 0.050420871782135147 0.0504207870846115 0.050420692426483144 -0.050014547696703993 0.050420712861514831 0.050420713940055539 0.050420708581929763 0.050420712129105316 -0.050008756258855751 -0.050008756605058491 -0.050014546554420905 -0.050014547876909704 -0.050014547939431567 -0.050008756288945799
leaf_weight=6.605136451587895 0.0035015851026390923 1.1084811825130585 4.8968750238418579 10.871583163738249 7.6097957491874695 2.1737877726554871 1.0866602659225462 0.0081419603084214032 16.300585687160492 16.843973755836487 190.17316263914108 74.982549846172333 0.084213645168347173 0.17805454341578297 0.0078508922015316784 0.0058154138387180873 0.0058156889281235644 0.0040268221346195787
leaf_count=37726 20 40 9 20 14 4 2 28 30 31 350 138 481 1017 27 20 20 23
internal_value=0.0483337 0.05035 0.046231 0.0504155 0.0502819 0.0500397 0.0496623 -0.0500095 0.0504207 0.0504207 0.0504207 0.0504207 -0.0500088 -0.0500088 -0.0500145 -0.0500145 -0.0500145 -0.0500088
internal_weight=332.95 326.261 5.11008 321.151 11.9787 4.36893 2.19514 0.213207 309.172 298.3 207.017 91.2831 6.68935 0.185583 0.027624 0.0136663 0.0139576 0.00752841
internal_count=40000 1793 1164 629 60 46 42 1155 569 549 381 168 38207 1060 95 47 48 43
is_linear=0
shrinkage=0.05


Tree=90
num_leaves=26
num_cat=0
split_feature=1 7 3 7 4 3 3 1 1 4 3 4 7 3 3 4 4 7 0 0 1 1 4 1 1
split_gain=25.9975 6.65182e-10 5.48539e-10 1.39511e-10 1.61333e-10 1.14771e-10 5.40947e-11 3.08811e-11 3.04234e-11 2.23391e-11 1.88765e-11 1.46532e-11 1.41164e-11 1.19563e-11 3.39301e-12 1.81363e-12 1.3034e-12 5.11591e-13 5.68434e-14 1.77636e-15 2.77556e-17 2.77556e-17 2.77556e-17 3.46945e-18 3.46945e-18
threshold=0.14640000000000003 3.2350000000000008 3.5000000000000004 2.5950000000000002 8.5050000000000008 1.0000000180025095e-35 1.5000000000000002 0.076550000000000021 0.043450000000000009 6.245000000000001 1.0000000180025095e-35 8.1350000000000033 3.0350000000000006 1.0000000180025095e-35 2.5000000000000004 13.945000000000002 9.3750000000000018 4.2700000000000005 62500.000000000007 550.00000000000011 0.053950000000000005 0.072150000000000006 4.6650000000000009 0.05655000000000001 0.076550000000000021
decision_type=2 2 2 2 2 2 2 2 2 2 2 2 2 2 2 2 2 2 2 2 2 2 2 2 2
left_child=3 -2 -3 11 6 -6 10 9 -7 -8 22 19 -12 21 16 -16 -15 -4 -19 20 -1 -13 -5 -22 -23
right_child=1 2 17 4 5 8 7 -9 -10 -11 12 13 -14 14 15 -17 -18 18 -20 -21 23 24 -24 -25 -26
leaf_value=-0.050008331119700371 0.050400443292778388 0.050400384372332019 0.050400032930972609 -0.05000833108212438 -0.050008331305671505 -0.050015204593175357 -0.050010040687299397 -0.05001514350125106 -0.050020693054728782 -0.050014157143197381 -0.050008544034695679 -0.050008331261803679 -0.050010054069637933 -0.050008915988994408 -0.050009534132179845 -0.050008574049685443 -0.050008682140396166 0.05040002213994034 0.050400021276983703 -0.050008331230497964 -0.050008331261788899 -0.050008331261797649 -0.050008329939029664 -0.050008331127857221 -0.050008331261801126
leaf_weight=0.069448982641914792 10.351719260215758 10.867806792259215 10.858476281166075 0.06878284184494976 0.0048297625762643301 0.0055783993739169091 0.031357737971120514 0.00393747781345155 0.0046127473178785294 0.003682860580738633 0.025069676819839515 0.19868748619046517 0.04044865992909763 0.088512509013526142 0.022798829173552804 0.0062721887370571485 0.18232457120029721 266.28541040420532 11.892364144325255 5.7604346061707474 0.0033308882848359636 0.0079941318836063147 0.01099192988476716 0.026314003844163381 0.017986796738114208
leaf_count=417 20 21 21 413 29 27 173 16 18 16 149 1193 223 509 125 37 1067 515 23 34588 20 48 66 158 108
internal_value=0.0483137 0.0504 0.0504 -0.0500084 -0.0500097 -0.0500147 -0.0500093 -0.0500109 -0.0500177 -0.0500105 -0.0500088 -0.0500084 -0.0500095 -0.0500086 -0.0500088 -0.0500093 -0.0500088 0.0504 0.0504 -0.0500083 -0.0500083 -0.0500083 -0.0500083 -0.0500083 -0.0500083
internal_weight=316.839 310.256 299.904 6.5834 0.199292 0.0150209 0.184271 0.0389781 0.0101911 0.0350406 0.145293 6.3841 0.0655183 0.524577 0.299908 0.029071 0.270837 289.036 278.178 5.85953 0.0990939 0.224668 0.0797748 0.0296449 0.0259809
internal_count=40000 600 580 39400 1130 74 1056 205 45 189 851 38270 372 3087 1738 162 1576 559 538 35183 595 1349 479 178 156
is_linear=0
shrinkage=0.05


Tree=91
num_leaves=13
num_cat=0
split_feature=1 7 3 2 7 4 7 1 7 0 7 7
split_gain=24.7201 5.65933e-10 4.66628e-10 2.63162e-10 1.23049e-09 2.38892e-10 3.41061e-13 1.77636e-15 5.55112e-17 2.77556e-17 3.46945e-18 1.73472e-18
threshold=0.14640000000000003 3.2350000000000008 3.5000000000000004 1.0000000180025095e-35 2.5950000000000002 8.1350000000000033 4.2700000000000005 0.0030500000000000002 0.22500000000000003 5050.0000000000009 0.94500000000000006 0.18500000000000003
decision_type=2 2 2 2 2 2 2 2 2 2 2 2
left_child=3 -2 -3 7 5 8 -4 -1 11 -10 -7 -5
right_child=1 2 6 4 -6 10 -8 -9 9 -11 -12 -13
leaf_value=-0.050007922531621056 0.050380760999507404 0.050380705233927431 0.050380371572230354 -0.050007927190354323 -0.050022797152028613 -0.050013162441973014 0.050380362810098868 -0.050007922532957799 -0.050007922750700755 -0.050007922812543695 -0.050013161254942207 -0.050007925801147823
leaf_weight=0.25252647267188777 9.8506098985671979 10.341713815927504 10.332831531763075 0.0045941975113236158 0.016577787202550098 0.019207728328183293 264.71154326200485 5.8003458614548435 0.14717265119543299 0.012989861497771926 0.0057882574037648729 0.0031684166169725358
leaf_count=1594 20 21 21 29 38 73 538 36613 929 82 22 20
internal_value=0.0482952 0.0503804 0.0503804 -0.050008 -0.0500097 -0.0500086 0.0503804 -0.0500079 -0.0500079 -0.0500079 -0.0500132 -0.0500079
internal_weight=301.499 295.237 285.386 6.26237 0.209499 0.192921 275.044 6.05287 0.167925 0.160163 0.024996 0.00776261
internal_count=40000 600 580 39400 1193 1155 559 38207 1060 1011 95 49
is_linear=0
shrinkage=0.05


Tree=92
num_leaves=17
num_cat=0
split_feature=2 7 4 3 0 5 0 4 7 0 0 3 0 0 4 0
split_gain=22.7034 0.0302483 0.708681 9.30918e-05 0.000168675 0.000263961 0.000519025 2.0566e-10 8.67999e-11 5.68434e-14 2.84217e-14 1.77636e-15 2.77556e-17 3.46945e-18 3.46945e-18 8.67362e-19
threshold=1.0000000180025095e-35 2.5750000000000006 58.635000000000005 3.5000000000000004 23250.000000000004 1.0000000180025095e-35 19200.000000000004 8.1350000000000033 3.5950000000000002 12350.000000000002 30750.000000000004 4.5000000000000009 4150.0000000000009 2650.0000000000005 0.68500000000000016 2650.0000000000005
decision_type=2 2 2 2 2 2 2 2 2 2 2 2 2 2 2 2
left_child=11 2 7 4 5 6 -3 12 -5 -10 -11 -1 -2 -9 -14 -13
right_child=1 3 -4 8 -6 -7 -8 13 9 10 -12 15 14 -15 -16 -17
leaf_value=-0.050007536811301524 -0.050007536987685286 0.048704982512448508 0.050362184158129257 0.050361829729881069 0.050361836515216918 0.050362277545175686 0.050361658622523321 -0.050012521432310109 0.050361677403295696 0.050361674723034933 0.050361674640376358 -0.050007536793875373 -0.050007536675957268 -0.050012520674038545 -0.050007536989654634 -0.050007536789407461
leaf_weight=5.7501785175554678 0.13592721600434643 0.95491429179673837 4.2196034491062164 9.367954343557356 6.5576983392238617 1.8758611083030701 0.9363631010055542 0.016268853738438338 9.8323073089122754 146.54712751507759 100.66336342692375 0.0043702312977983429 0.0067811133340001098 0.0075083607807755462 0.017028196903993376 0.0031646521238144487
leaf_count=38157 902 40 9 20 14 4 2 65 21 313 215 29 45 30 113 21
internal_value=0.0482777 0.0502906 0.0461789 0.050356 0.0502087 0.049942 0.0495252 -0.0500082 0.0503617 0.0503617 0.0503617 -0.0500075 -0.0500075 -0.0500125 -0.0500075 -0.0500075
internal_weight=286.896 281.139 4.40312 276.736 10.3248 3.76714 1.89128 0.183514 266.411 257.043 247.21 5.75771 0.159737 0.0237772 0.0238093 0.00753488
internal_count=40000 1793 1164 629 60 46 42 1155 569 549 528 38207 1060 95 158 50
is_linear=0
shrinkage=0.05


Tree=93
num_leaves=25
num_cat=0
split_feature=1 3 7 2 7 4 7 0 1 1 4 1 1 7 1 0 3 4 4 7 7 0 7 0
split_gain=22.3577 4.2013e-10 4.29225e-10 2.70079e-10 1.35788e-09 1.77025e-10 1.98952e-13 8.88178e-15 8.88178e-16 8.88178e-16 8.88178e-16 4.44089e-16 7.77156e-16 4.44089e-16 2.22045e-16 5.55112e-17 6.93889e-17 5.55112e-17 5.55112e-17 5.55112e-17 2.77556e-17 1.38778e-17 1.38778e-17 3.46945e-18
threshold=0.14640000000000003 3.5000000000000004 3.2950000000000004 1.0000000180025095e-35 2.5950000000000002 8.1350000000000033 4.4850000000000012 2450.0000000000005 0.013650000000000001 0.0059500000000000013 8.0350000000000019 0.0044500000000000008 0.0097500000000000017 2.8950000000000005 0.0044500000000000008 2550.0000000000005 1.5000000000000002 9.7250000000000032 12.395000000000001 2.0150000000000001 2.5750000000000006 5250.0000000000009 6.2150000000000007 3250.0000000000005
decision_type=2 2 2 2 2 2 2 2 2 2 2 2 2 2 2 2 2 2 2 2 2 2 2 2
left_child=3 -2 -3 7 5 15 -4 8 11 14 -10 17 -13 -11 19 16 -5 -1 -12 -9 -16 -17 -15 -7
right_child=1 2 6 4 -6 23 -8 9 10 13 18 12 -14 22 20 21 -18 -19 -20 -21 -22 -23 -24 -25
leaf_value=-0.050007166897373445 0.050344257505327221 0.050344256448548265 0.050343917384712868 -0.050007171614850791 -0.050022766451071725 -0.050011910649464912 0.05034391133754329 -0.050007167478984808 -0.050007166952757157 -0.050007171733644468 -0.05000717064743318 -0.050007171771334527 -0.050007167130328135 -0.050007168822764562 -0.050007171865590186 -0.050007167506597519 -0.050007168922261286 -0.050007170771676192 -0.050007169581803193 -0.050007169081821914 -0.050007168614677078 -0.050007169422588628 -0.050007166932453211 -0.050011909483040462
leaf_weight=0.17373940166726187 9.8111261725425702 9.3650734424591047 11.583717525005339 0.037986860450473503 0.016555975133087486 0.017380282530211844 236.57131195068359 0.12557400662626639 2.268646965065273 2.1347575927939038 0.15653697247034859 0.22305153135675937 0.1615546910034027 0.094466167225618736 0.047878666504402645 0.05432858903077431 0.049311310140183195 0.011037870572181419 0.051462287912727334 0.021215634260443039 0.0034403559111524365 0.010320412111468613 0.0035836992319673291 0.0052375728118931866
leaf_count=1212 22 21 26 265 38 73 531 876 15826 14892 1092 1556 1127 659 334 379 344 77 359 148 24 72 25 22
internal_value=0.0482604 0.0503439 0.0503439 -0.0500072 -0.0500091 -0.0500078 0.0503439 -0.0500072 -0.0500072 -0.0500072 -0.0500072 -0.0500072 -0.0500072 -0.0500072 -0.0500072 -0.0500072 -0.0500072 -0.0500072 -0.0500072 -0.0500072 -0.0500072 -0.0500072 -0.0500072 -0.0500119
internal_weight=272.999 267.331 257.52 5.66807 0.191121 0.174565 248.155 5.47695 3.04603 2.43092 2.47665 0.569383 0.384606 2.23281 0.198109 0.151947 0.0872982 0.184777 0.207999 0.14679 0.051319 0.064649 0.0980499 0.0226179
internal_count=40000 600 578 39400 1193 1155 557 38207 21249 16958 17277 3972 2683 15576 1382 1060 609 1289 1451 1024 358 451 684 95
is_linear=0
shrinkage=0.05


Tree=94
num_leaves=18
num_cat=0
split_feature=1 3 7 2 7 7 0 7 1 0 0 1 7 0 0 0 1
split_gain=21.2603 3.58966e-10 3.66072e-10 2.32697e-10 1.16864e-09 1.37512e-12 1.37945e-12 1.43327e-12 8.00887e-13 5.5711e-13 4.29184e-13 2.54661e-13 1.42109e-13 2.84217e-14 8.88178e-16 6.93889e-18 6.93889e-18
threshold=0.14640000000000003 3.5000000000000004 3.2950000000000004 1.0000000180025095e-35 2.5950000000000002 0.7350000000000001 2350.0000000000005 0.62500000000000011 0.015250000000000001 2550.0000000000005 1050.0000000000002 0.0040500000000000006 4.4850000000000012 63500.000000000007 9750.0000000000018 17050.000000000004 0.047050000000000008
decision_type=2 2 2 2 2 2 2 2 2 2 2 2 2 2 2 2 2
left_child=3 -2 -3 14 5 6 10 -8 11 -10 -5 -7 -4 -14 -1 16 -16
right_child=1 2 12 4 -6 8 7 -9 9 -11 -12 -13 13 -15 15 -17 -18
leaf_value=-0.050006819275079384 0.050327354654947247 0.050327353325576835 0.050327031998748641 -0.05000726896704908 -0.050021656002490061 -0.0500072555706364 -0.050008797664290651 -0.050007637602126891 -0.050007048646012756 -0.050007411947987447 -0.05000753793083268 -0.050006819304006682 0.050327026572509904 0.050327027843124032 -0.050006819422399242 -0.050006819496757053 -0.050006819473288056
leaf_weight=5.1542337810824383 9.3356871306896192 8.9112499654293043 11.022376656532286 0.020446544542210066 0.015748871606774628 0.0046800132258795193 0.0041297059651697055 0.0074948744295397773 0.01336070813704282 0.05020122037967667 0.054012753258575685 0.011726797165465541 216.62857449054718 8.4786175191402418 0.034498535518650786 0.0040907342627178869 0.01704466030059848
leaf_count=37799 22 21 26 144 38 33 25 51 96 349 371 86 511 20 253 30 125
internal_value=0.0482445 0.0503271 0.050327 -0.0500069 -0.0500086 -0.0500074 -0.0500075 -0.050008 -0.0500073 -0.0500073 -0.0500075 -0.0500069 0.050327 0.050327 -0.0500068 -0.0500068 -0.0500068
internal_weight=259.768 254.377 245.041 5.39167 0.181801 0.166053 0.0860839 0.0116246 0.0799687 0.0635619 0.0744593 0.0164068 236.13 225.107 5.20987 0.0556339 0.0515432
internal_count=40000 600 578 39400 1193 1155 591 76 564 445 515 119 557 531 38207 408 378
is_linear=0
shrinkage=0.05


Tree=95
num_leaves=18
num_cat=0
split_feature=1 3 7 2 7 7 0 7 1 7 0 1 7 0 2 0 1
split_gain=20.2171 3.11815e-10 3.19034e-10 2.00719e-10 1.00606e-09 1.17262e-12 1.18459e-12 1.23218e-12 6.96943e-13 4.7444e-13 3.60795e-13 2.18957e-13 1.13687e-13 2.84217e-14 2.84217e-14 8.88178e-16 1.73472e-18
threshold=0.14640000000000003 3.5000000000000004 3.2950000000000004 1.0000000180025095e-35 2.5950000000000002 0.7350000000000001 2350.0000000000005 0.62500000000000011 0.015250000000000001 1.7350000000000001 1050.0000000000002 0.0040500000000000006 4.4850000000000012 26750.000000000004 2.5000000000000004 13750.000000000002 0.061350000000000009
decision_type=2 2 2 2 2 2 2 2 2 2 2 2 2 2 2 2 2
left_child=3 -2 -3 15 5 6 10 -8 11 -10 -5 -7 -4 -14 -15 -1 -17
right_child=1 2 12 4 -6 8 7 -9 9 -11 -12 -13 13 14 -16 16 -18
leaf_value=-0.050006484589104852 0.050311288118819603 0.050311287366942847 0.050310979679299032 -0.050006915745558517 -0.050020600718274334 -0.050006900216796685 -0.050008366646918635 -0.050007263815775194 -0.05000703168147759 -0.050006609381300665 -0.050007168587448927 -0.05000648544968727 0.050310974764416164 0.050310976314621052 0.050310974136744818 -0.050006484550830135 -0.050006484846167314
leaf_weight=4.944786399108124 8.8831447660922986 8.479281932115553 10.48806983232498 0.01944948911841482 0.014981098211137578 0.0044517971400637188 0.0039283306687138975 0.0071293972578132525 0.052854072768241167 0.0076083257299615062 0.051378890217165463 0.011154946841998026 95.601231515407562 27.026516765356064 91.567430913448334 0.0083013374678556628 0.0027238644979661339
leaf_count=38122 22 21 26 144 38 33 25 51 387 58 371 86 237 67 227 64 21
internal_value=0.0482295 0.050311 0.050311 -0.0500065 -0.0500082 -0.050007 -0.0500072 -0.0500077 -0.0500069 -0.050007 -0.0500071 -0.0500066 0.050311 0.050311 0.050311 -0.0500065 -0.0500065
internal_weight=247.174 242.046 233.163 5.12875 0.172936 0.157955 0.0818861 0.0110577 0.0760691 0.0604624 0.0708284 0.0156067 224.683 214.195 118.594 4.95581 0.0110252
internal_count=40000 600 578 39400 1193 1155 591 76 564 445 515 119 557 531 294 38207 85
is_linear=0
shrinkage=0.05


Tree=96
num_leaves=14
num_cat=0
split_feature=1 3 7 2 7 4 7 0 1 7 0 1 7
split_gain=19.2254 2.66766e-10 2.70319e-10 1.72997e-10 8.65504e-10 1.12726e-10 1.13687e-13 2.84217e-14 8.88178e-16 1.11022e-16 7.63278e-17 5.55112e-17 2.77556e-17
threshold=0.14640000000000003 3.5000000000000004 3.2950000000000004 1.0000000180025095e-35 2.5950000000000002 8.1350000000000033 4.6450000000000005 62500.000000000007 0.072150000000000006 0.77500000000000013 2750.0000000000005 0.086950000000000013 0.72500000000000009
decision_type=2 2 2 2 2 2 2 2 2 2 2 2 2
left_child=3 -2 -3 8 5 9 -4 -8 -1 12 -11 -10 -5
right_child=1 2 6 4 -6 -7 7 -9 11 10 -12 -13 -14
leaf_value=-0.050006168327579287 0.050296013636672368 0.050296011556524738 0.050295720620018462 -0.050006173945405422 -0.050019594130866568 -0.050010250549549697 0.050295716467862961 0.050295716288073757 -0.050006168340425441 -0.050006168354328619 -0.050006172170972064 -0.050006168283186971 -0.050006170783529105
leaf_weight=4.2228266964229979 8.4524100720882398 8.0681301653385145 13.433898746967314 0.064775333434226812 0.014250740816351026 0.019468141064862721 191.52673307061195 8.8278898596763593 0.42703291231009632 0.017026862420607358 0.043923663921304978 0.064283224754035473 0.005058683513198047
leaf_count=34225 22 21 35 525 38 95 499 23 3461 138 356 521 41
internal_value=0.0482151 0.0502957 0.0502957 -0.0500062 -0.0500078 -0.0500067 0.0502957 0.0502957 -0.0500062 -0.0500062 -0.0500062 -0.0500062 -0.0500062
internal_weight=235.188 230.309 221.857 4.87865 0.164503 0.150253 213.789 200.355 4.71414 0.130785 0.0609505 0.491316 0.069834
internal_count=40000 600 578 39400 1193 1155 557 522 38207 1060 494 3982 566
is_linear=0
shrinkage=0.05


Tree=97
num_leaves=15
num_cat=0
split_feature=2 4 0 7 4 2 7 7 3 2 4 0 4 0
split_gain=17.6535 0.0236223 0.519924 0.000287769 0.00115466 0.00275071 6.27024e-07 4.40305e-10 2.58211e-10 5.68434e-14 8.88178e-16 5.55112e-17 5.55112e-17 1.38778e-17
threshold=1.0000000180025095e-35 8.0350000000000019 21550.000000000004 3.0850000000000004 324.17000000000002 2.5000000000000004 3.9550000000000005 2.5950000000000002 3.5000000000000004 6.5000000000000009 8.1350000000000033 2750.0000000000005 14.755000000000001 2450.0000000000005
decision_type=2 2 2 2 2 2 2 2 2 2 2 2 2 2
left_child=10 2 7 4 5 -3 -5 11 -8 -10 -1 13 -12 -2
right_child=1 3 -4 6 -6 -7 8 -9 9 -11 12 -13 -14 -15
leaf_value=-0.050005870722852723 -0.0500058707703806 0.045081769923807788 0.05028120911616632 0.050266660432967708 0.050281188094543919 0.050283067763687378 0.050281507888284387 -0.050016390158502927 0.050281212474313754 0.050281209772082537 -0.050005869498882118 -0.050005868689726243 -0.050005869255027362 -0.050005869554971272
leaf_weight=4.1235887735674615 0.068658675867481533 0.3885349343472615 2.9216139018535614 7.6704967829282387 4.3820807635784149 0.73514625430107117 7.6772707104682913 0.010810041829245165 181.87192329764366 13.512562602758406 0.31595196506532364 0.046241595366154797 0.044716868462273851 0.0095065672212513164
leaf_count=35134 585 99 8 23 12 2 21 33 498 37 2692 394 381 81
internal_value=0.0482015 0.0502097 0.045845 0.0502714 0.0499145 0.0484846 0.0502807 -0.0500067 0.0502812 0.0502812 -0.0500059 -0.0500059 -0.0500059 -0.0500059
internal_weight=223.779 219.295 3.05683 216.238 5.50576 1.12368 210.732 0.135217 203.062 195.384 4.48426 0.124407 0.360669 0.0781652
internal_count=40000 1793 1101 692 113 101 579 1093 556 535 38207 1060 3073 666
is_linear=0
shrinkage=0.05


Tree=98
num_leaves=21
num_cat=0
split_feature=1 7 3 2 7 4 7 0 2 0 1 1 1 1 0 4 0 4 1 4
split_gain=17.394 3.12809e-10 2.25299e-10 1.7217e-10 7.21233e-10 1.41889e-10 1.98952e-13 5.68434e-14 7.10543e-15 3.55271e-15 2.22045e-16 2.22045e-16 2.22045e-16 1.94289e-16 5.55112e-17 2.77556e-17 1.38778e-17 1.38778e-17 3.46945e-18 8.67362e-19
threshold=0.14640000000000003 3.2350000000000008 3.5000000000000004 1.0000000180025095e-35 2.5950000000000002 8.1350000000000033 4.2700000000000005 34250.000000000007 6.5000000000000009 2450.0000000000005 0.0081500000000000027 0.089450000000000016 0.076550000000000021 0.0044500000000000008 1150.0000000000002 8.3750000000000018 5450.0000000000009 7.035000000000001 0.039750000000000008 2.0150000000000001
decision_type=2 2 2 2 2 2 2 2 2 2 2 2 2 2 2 2 2 2 2 2
left_child=3 -2 -3 9 5 14 -4 -8 -9 -1 13 12 -12 17 18 -15 -16 -11 -5 -13
right_child=1 2 6 4 -6 -7 7 8 -10 10 11 19 -14 15 16 -17 -18 -19 -20 -21
leaf_value=-0.050005584909628864 0.050267772530288607 0.050267704165012451 0.050267429448574166 -0.050005582404123367 -0.050018484869255156 -0.050010200441884214 0.050267420907280473 0.050267420857722893 0.050267422882970383 -0.050005585103491706 -0.050005582246564206 -0.050005581899115373 -0.050005582222872574 -0.050005582077789559 -0.050005584877675417 -0.050005584366243555 -0.050005582972923485 -0.050005584552341525 -0.050005582311039271 -0.050005582390406748
leaf_weight=2.3723235901488797 6.9586602151393881 7.30480071902275 7.2974496185779563 0.010382738480984588 0.013161448237951845 0.019372467882931232 132.04477491974831 45.520717144012451 9.3821195065975171 0.10260082603781473 1.5420261333783849 0.0026794569566846995 0.12839049904869182 0.096906988204864319 0.092997764266328886 0.0066986145611735983 0.0070330036614905103 0.011722591996658593 0.0079265981185017154 0.0022328797931550071
leaf_count=21249 20 21 21 93 38 95 380 131 27 919 13812 24 1150 868 833 60 63 105 71 20
internal_value=0.0481876 0.0502674 0.0502674 -0.0500056 -0.0500073 -0.0500062 0.0502674 0.0502674 0.0502674 -0.0500056 -0.0500056 -0.0500056 -0.0500056 -0.0500056 -0.0500056 -0.0500056 -0.0500056 -0.0500056 -0.0500056 -0.0500056
internal_weight=212.925 208.509 201.55 4.41646 0.150874 0.137713 194.245 186.948 54.9028 4.26558 1.89326 1.67533 1.67042 0.217929 0.11834 0.103606 0.100031 0.114323 0.0183093 0.00491234
internal_count=40000 600 580 39400 1193 1155 559 538 158 38207 16958 15006 14962 1952 1060 928 896 1024 164 44
is_linear=0
shrinkage=0.05


Tree=99
num_leaves=11
num_cat=0
split_feature=1 7 3 2 7 4 7 0 3 0
split_gain=16.5415 2.70092e-10 1.92102e-10 1.47882e-10 6.20608e-10 1.22108e-10 2.27374e-13 2.77556e-17 1.38778e-17 6.93889e-18
threshold=0.14640000000000003 3.2350000000000008 3.5000000000000004 1.0000000180025095e-35 2.5950000000000002 8.1350000000000033 4.2700000000000005 2550.0000000000005 1.5000000000000002 6750.0000000000009
decision_type=2 2 2 2 2 2 2 2 2 2
left_child=3 -2 -3 -1 5 7 -4 8 -5 -9
right_child=1 2 6 4 -6 -7 -8 9 -10 -11
leaf_value=-0.050005312719861562 0.050254645902417516 0.050254579151768244 0.050254320176613035 -0.050005310243836636 -0.050017581397827762 -0.050009702361175294 0.050254311036375093 -0.050005312700100502 -0.05000531177625344 -0.05000531022229765
leaf_weight=4.0575682380876961 6.6209677755832663 6.9503103494644156 6.9433140456676474 0.028142344679508713 0.012519776995759457 0.018427840230287984 177.8752935230732 0.045771205484925304 0.036531996127450839 0.0021236411630525245
leaf_count=38207 20 21 21 265 38 95 538 431 344 20
internal_value=0.0481753 0.0502543 0.0502543 -0.0500054 -0.0500069 -0.0500059 0.0502543 -0.0500053 -0.0500053 -0.0500053
internal_weight=202.591 198.39 191.769 4.20109 0.143517 0.130997 184.819 0.112569 0.0646743 0.0478948
internal_count=40000 600 580 39400 1193 1155 559 1060 609 451
is_linear=0
shrinkage=0.05


Tree=100
num_leaves=20
num_cat=0
split_feature=1 0 3 2 0 4 4 0 1 1 2 0 4 4 0 4 0 4 1
split_gain=15.7309 1.85651e-10 1.65898e-10 1.27355e-10 3.56903e-10 1.27191e-10 2.62632e-11 8.00868e-12 6.34527e-12 2.95088e-12 8.52651e-14 2.84217e-14 2.84217e-14 7.10543e-15 4.44089e-16 4.44089e-16 4.16334e-17 3.46945e-18 1.73472e-18
threshold=0.14640000000000003 10450.000000000002 3.5000000000000004 1.0000000180025095e-35 6850.0000000000009 8.1350000000000033 3.3650000000000007 5550.0000000000009 0.065450000000000022 0.040750000000000008 2.5000000000000004 19200.000000000004 17.345000000000002 58.635000000000005 13050.000000000002 2.0950000000000002 3050.0000000000005 12.395000000000001 0.061350000000000009
decision_type=2 2 2 2 2 2 2 2 2 2 2 2 2 2 2 2 2 2 2
left_child=3 -2 -3 14 5 7 -6 16 17 -9 11 -4 -12 -13 15 -1 -5 -7 -16
right_child=1 2 10 4 6 8 -8 9 -10 -11 12 13 -14 -15 18 -17 -18 -19 -20
leaf_value=-0.05000505251088723 0.050242104674916348 0.050242102459536322 0.050241847565604569 -0.050005052253667963 -0.050012551534710237 -0.050009229499834079 -0.050017185152213539 -0.050005994255019115 -0.050011566413261092 -0.050008441664681748 0.05024184624832552 0.050241844120531488 0.050241848263478175 0.05024184550898822 -0.05000505255769875 -0.050005052509984042 -0.050005049899368714 -0.050009230364733107 -0.050005052578929121
leaf_weight=1.8280711589322893 7.8725604414939871 6.6129401326179496 13.526736855506895 0.075158006126002763 0.0064682890078984201 0.010517600108869374 0.0058003496524179354 0.0027063978413934811 0.003652065555797889 0.0022601873351959512 12.582942724227903 13.526701569557188 108.21377974748611 26.424275904893875 0.0084856641624354578 2.0208174503495684 0.026265001419233158 0.0036904122098349043 0.0023234458931256094
leaf_count=18096 25 21 43 744 30 57 22 25 18 17 40 43 344 84 84 20004 260 20 23
internal_value=0.0481635 0.0502419 0.0502419 -0.0500051 -0.0500066 -0.0500058 -0.0500147 -0.0500051 -0.0500097 -0.0500071 0.0502418 0.0502418 0.0502418 0.0502418 -0.0500051 -0.0500051 -0.0500051 -0.0500092 -0.0500051
internal_weight=192.756 188.76 180.887 3.99622 0.136518 0.12425 0.0122686 0.10639 0.0178601 0.00496659 174.274 53.4777 120.797 39.951 3.8597 3.84889 0.101423 0.014208 0.0108091
internal_count=40000 600 575 39400 1193 1141 52 1046 95 42 554 170 384 127 38207 38100 1004 77 107
is_linear=0
shrinkage=0.05


Tree=101
num_leaves=18
num_cat=0
split_feature=1 0 3 2 0 4 4 0 1 1 2 2 0 2 0 0 0
split_gain=14.9602 1.57598e-10 1.41284e-10 1.09781e-10 3.07212e-10 1.09458e-10 2.26213e-11 6.90389e-12 5.46675e-12 2.53785e-12 5.68434e-14 5.68434e-14 2.13163e-14 5.32907e-15 4.44089e-16 1.38778e-17 1.73472e-18
threshold=0.14640000000000003 10450.000000000002 3.5000000000000004 1.0000000180025095e-35 6850.0000000000009 8.1350000000000033 3.3650000000000007 5550.0000000000009 0.065450000000000022 0.040750000000000008 6.5000000000000009 2.5000000000000004 24250.000000000004 7.5000000000000009 17900.000000000004 4350.0000000000009 2850.0000000000005
decision_type=2 2 2 2 2 2 2 2 2 2 2 2 2 2 2 2 2
left_child=3 -2 -3 14 5 7 -6 15 16 -9 11 12 -4 -12 -1 -5 -7
right_child=1 2 10 4 6 8 -8 9 -10 -11 13 -13 -14 -15 -16 -17 -18
leaf_value=-0.050004804285798676 0.050230240486496006 0.050230238773865357 0.050229997209897473 -0.05000480451917716 -0.050011938179993644 -0.050008778449251383 -0.050016347372418238 -0.050005703092512267 -0.050011002141263562 -0.050008030216291348 0.050229993778172666 0.050229998259760648 0.050229995316890756 0.050229995612676173 -0.050004804276860021 -0.050004804442192276 -0.050008778038127755
leaf_weight=3.6695538889762247 7.4903352856636038 6.2918714880943289 24.842046618461609 0.08869348599546345 0.0061529001977760345 0.010004882889916189 0.0055175533780129626 0.0025744198937900356 0.0034739903785521156 0.0021499739668797702 5.9860166907310468 102.36117854714394 26.039227426052094 6.5846247971057892 0.0019218688757972604 0.0077835282863816238 0.0035103151749353865
leaf_count=38187 25 21 83 923 30 57 22 25 18 17 20 342 87 22 20 81 20
internal_value=0.0481524 0.05023 0.05023 -0.0500049 -0.0500063 -0.0500055 -0.050014 -0.0500049 -0.0500092 -0.0500068 0.05023 0.05023 0.05023 0.05023 -0.0500048 -0.0500048 -0.0500088
internal_weight=183.397 179.595 172.105 3.80134 0.129861 0.118191 0.0116705 0.101201 0.0169892 0.00472439 165.813 153.242 50.8813 12.5706 3.67148 0.096477 0.0135152
internal_count=40000 600 575 39400 1193 1141 52 1046 95 42 554 512 170 42 38207 1004 77
is_linear=0
shrinkage=0.05


Tree=102
num_leaves=20
num_cat=0
split_feature=1 7 3 2 7 7 0 7 1 7 0 1 7 2 2 0 0 0 0
split_gain=14.2275 1.70957e-10 1.22867e-10 9.4206e-11 3.95809e-10 7.64833e-13 7.39325e-13 7.48283e-13 4.34791e-13 3.03146e-13 2.30697e-13 1.43448e-13 1.13687e-13 2.84217e-14 1.42109e-14 4.44089e-16 3.46945e-18 1.73472e-18 1.73472e-18
threshold=0.14640000000000003 3.2350000000000008 3.5000000000000004 1.0000000180025095e-35 2.5950000000000002 0.7350000000000001 2350.0000000000005 0.62500000000000011 0.015250000000000001 1.7350000000000001 1050.0000000000002 0.0040500000000000006 4.2700000000000005 2.5000000000000004 6.5000000000000009 11450.000000000002 14050.000000000002 12950.000000000002 15650.000000000002
decision_type=2 2 2 2 2 2 2 2 2 2 2 2 2 2 2 2 2 2 2
left_child=3 -2 -3 15 5 6 10 -8 11 -10 -5 -7 -4 -14 -15 -1 17 -17 -18
right_child=1 2 12 4 -6 8 7 -9 9 -11 -12 -13 13 14 -16 16 18 -19 -20
leaf_value=-0.05000457274642648 0.050219015897500274 0.050218959802748965 0.050218735848950175 -0.050004983267413962 -0.050015132638759056 -0.050004971145620969 -0.050006317587326987 -0.050005311038279834 -0.05000508896958307 -0.050004687663473581 -0.050005222736455905 -0.050004572598668834 0.050218727831596935 0.050218729299429776 0.05021872882767936 -0.050004572221963334 -0.050004572766069247 -0.050004572387696317 -0.050004572698651585
leaf_weight=3.473693254905811 5.7026618719100943 5.9863236844539633 5.9802926778793326 0.013842631626175605 0.01077644425095059 0.0031675321588409142 0.0028894970600958914 0.0051150531144230627 0.037716464932600502 0.005376803361286874 0.036782915289222728 0.0078610470663988963 46.416940301656723 94.827306836843491 11.960179030895231 0.0085008562673464239 0.0032906577034736975 0.0030164338895701812 0.0039305171449086629
leaf_count=38002 20 21 21 144 38 33 25 51 387 58 371 86 163 333 42 93 36 33 43
internal_value=0.0481418 0.0502187 0.0502187 -0.0500046 -0.050006 -0.0500051 -0.0500052 -0.0500057 -0.050005 -0.050005 -0.0500052 -0.0500047 0.0502187 0.0502187 0.0502187 -0.0500046 -0.0500046 -0.0500046 -0.0500046
internal_weight=174.49 170.874 165.171 3.61596 0.123528 0.112752 0.0586301 0.00800455 0.0541218 0.0430933 0.0506255 0.0110286 159.185 153.204 106.787 3.49243 0.0187385 0.0115173 0.00722117
internal_count=40000 600 580 39400 1193 1155 591 76 564 445 515 119 559 538 375 38207 205 126 79
is_linear=0
shrinkage=0.05


Tree=103
num_leaves=24
num_cat=0
split_feature=1 7 3 7 4 3 3 1 1 4 3 4 7 3 3 4 4 7 3 0 0 0 1
split_gain=13.5307 1.47111e-10 1.04279e-10 3.78395e-11 5.56792e-11 3.52095e-11 1.2496e-11 8.41549e-12 6.68931e-12 4.90996e-12 4.44181e-12 3.95639e-12 3.27913e-12 3.20294e-12 8.79768e-13 4.6173e-13 3.4317e-13 5.68434e-14 2.84217e-14 1.38778e-17 1.38778e-17 6.93889e-18 3.46945e-18
threshold=0.14640000000000003 3.2350000000000008 3.5000000000000004 2.5950000000000002 8.5050000000000008 1.0000000180025095e-35 1.5000000000000002 0.043450000000000009 0.076550000000000021 6.245000000000001 1.0000000180025095e-35 8.1350000000000033 3.0350000000000006 1.0000000180025095e-35 2.5000000000000004 13.945000000000002 9.3750000000000018 4.4850000000000012 16.500000000000004 1050.0000000000002 6050.0000000000009 13750.000000000002 0.030050000000000004
decision_type=2 2 2 2 2 2 2 2 2 2 2 2 2 2 2 2 2 2 2 2 2 2 2
left_child=3 -2 -3 11 6 -6 10 -7 9 -8 21 -1 -12 19 16 -16 -15 -4 -19 22 -21 -5 -13
right_child=1 2 17 4 5 7 8 -9 -10 -11 12 13 -14 14 15 -17 -18 18 -20 20 -22 -23 -24
leaf_value=-0.050004347161864672 0.05020828950392156 0.0502082346984861 0.050208020878271475 -0.050004347137191429 -0.050004349901336093 -0.050009662000972448 -0.050005488828476989 -0.050013508379215532 -0.05000870523492712 -0.050008103037433638 -0.050004491370397468 -0.050004347137000915 -0.050005495394573211 -0.050004764320418983 -0.050005192539957978 -0.050004524805742447 -0.050004599011626884 0.050208016687599159 0.050208015386698349 -0.050004347137006001 -0.05000434713699569 -0.050004347136993754 -0.050004347137001262
leaf_weight=3.0591794652209501 5.4256695806980124 5.6955528557300559 7.5863581597805014 0.037736541518824995 0.002521552836697083 0.003072928317124024 0.01659968347667018 0.0026469942604308017 0.0021698150449083178 0.0020140562119195229 0.013111357489833608 0.0079125009797279544 0.021414406051917467 0.046701130071596708 0.01216235090396367 0.0032890348229557284 0.095794408240180928 132.21613582968712 11.650184184312819 0.095297813997603953 0.0046083796914899713 0.0039127752097556359 0.0094776110636303201
leaf_count=35183 20 21 28 434 29 27 173 18 16 16 149 91 223 509 125 37 1067 488 43 1096 53 45 109
internal_value=0.0481317 0.050208 0.050208 -0.0500044 -0.0500053 -0.0500093 -0.050005 -0.0500114 -0.0500061 -0.0500058 -0.0500047 -0.0500044 -0.0500051 -0.0500045 -0.0500047 -0.0500051 -0.0500047 0.050208 0.050208 -0.0500043 -0.0500043 -0.0500043 -0.0500043
internal_weight=166.014 162.574 157.148 3.43962 0.1052 0.00824148 0.0969586 0.00571992 0.0207836 0.0186137 0.0761751 3.33442 0.0345258 0.275243 0.157947 0.0154514 0.142496 151.453 143.866 0.117296 0.0999062 0.0416493 0.0173901
internal_count=40000 600 580 39400 1130 74 1056 45 205 189 851 38270 372 3087 1738 162 1576 559 531 1349 1149 479 200
is_linear=0
shrinkage=0.05


Tree=104
num_leaves=15
num_cat=0
split_feature=1 0 3 2 0 4 4 0 1 1 0 0 0 1
split_gain=12.8683 1.02659e-10 9.13758e-11 6.97411e-11 1.95804e-10 6.97436e-11 1.44161e-11 4.3916e-12 3.48611e-12 1.61777e-12 2.84217e-14 4.44089e-16 5.55112e-17 1.73472e-18
threshold=0.14640000000000003 10450.000000000002 3.5000000000000004 1.0000000180025095e-35 6850.0000000000009 8.1350000000000033 3.3650000000000007 5550.0000000000009 0.065450000000000022 0.040750000000000008 58500.000000000007 17900.000000000004 2750.0000000000005 0.045250000000000005
decision_type=2 2 2 2 2 2 2 2 2 2 2 2 2 2
left_child=3 -2 -3 11 5 7 -6 12 13 -9 -4 -1 -5 -7
right_child=1 2 10 4 6 8 -8 9 -10 -11 -12 -13 -14 -15
leaf_value=-0.050004138854618664 0.050198040837085005 0.050198038577909367 0.050197829333289569 -0.050004136213706946 -0.050010275636978768 -0.050007556078667463 -0.050014069543589536 -0.050004908629559724 -0.0500094700230473 -0.050006911314622704 0.050197830907330314 -0.050004138774228546 -0.050004138900097278 -0.05000755554711888
leaf_weight=3.158455333832535 6.4510228037834159 5.4188502430915824 135.07263833284378 0.055083946099330094 0.0052960377288400196 0.0081582125276327133 0.0047492548474110663 0.0022158585925353682 0.0029902038513682791 0.0018505420375731774 7.7331647872924796 0.0016541883887838385 0.027955628160270862 0.0034747765312204146
leaf_count=38187 25 21 524 666 30 54 22 25 18 17 30 20 338 23
internal_value=0.0481222 0.0501978 0.0501978 -0.0500042 -0.0500054 -0.0500048 -0.0500121 -0.0500042 -0.0500079 -0.0500058 0.0501978 -0.0500041 -0.0500041 -0.0500076
internal_weight=157.948 154.676 148.225 3.27188 0.111774 0.101729 0.0100453 0.087106 0.0146232 0.0040664 142.806 3.16011 0.0830396 0.011633
internal_count=40000 600 575 39400 1193 1141 52 1046 95 42 554 38207 1004 77
is_linear=0
shrinkage=0.05


Tree=105
num_leaves=15
num_cat=0
split_feature=1 7 3 2 7 4 7 0 4 0 7 0 1 4
split_gain=12.2384 1.08258e-10 7.77902e-11 6.01581e-11 2.52396e-10 4.96614e-11 5.68434e-14 2.84217e-14 2.84217e-14 1.38778e-17 1.04083e-17 5.20417e-18 8.67362e-19 8.67362e-19
threshold=0.14640000000000003 3.2350000000000008 3.5000000000000004 1.0000000180025095e-35 2.5950000000000002 8.1350000000000033 4.2700000000000005 20600.000000000004 12.855000000000002 850.00000000000011 0.21500000000000002 2250.0000000000005 0.043750000000000004 9.5350000000000019
decision_type=2 2 2 2 2 2 2 2 2 2 2 2 2 2
left_child=3 -2 -3 -1 5 9 -4 -8 -9 10 -5 12 -7 -13
right_child=1 2 6 4 -6 11 7 8 -10 -11 -12 13 -14 -15
leaf_value=-0.050003934938804222 0.050188390861378419 0.050188342782598372 0.050188149782432516 -0.050003930432259806 -0.050013024867140723 -0.050007189018728651 0.050188144534910308 0.050188142378399504 0.050188145022697694 -0.050003934477088119 -0.050003935038093077 -0.050007187208459807 -0.050007187451485517 -0.050007185943743808
leaf_weight=3.0060011151435897 4.9112465083599082 5.1555404663085929 5.1503430455923072 0.0032256900158243998 0.009275837306631729 0.0037365472089732066 32.863024279475212 6.6216188073158255 92.457957774400711 0.077966838201973587 0.0022029204410500824 0.0031615634507033974 0.0031616590131307021 0.0035926460986956954
leaf_count=38207 20 21 21 41 38 26 134 27 377 991 28 22 22 25
internal_value=0.0481131 0.0501882 0.0501882 -0.050004 -0.0500051 -0.0500044 0.0501881 0.0501881 0.0501881 -0.0500039 -0.0500039 -0.0500072 -0.0500072 -0.0500072
internal_weight=150.272 147.16 142.248 3.11232 0.106324 0.0970479 137.093 131.943 99.0796 0.0833954 0.00542861 0.0136524 0.00689821 0.00675421
internal_count=40000 600 580 39400 1193 1155 559 538 404 1060 69 95 48 47
is_linear=0
shrinkage=0.05


Tree=106
num_leaves=18
num_cat=0
split_feature=1 0 3 2 0 4 4 0 1 4 2 2 4 0 0 4 0
split_gain=11.6394 7.44933e-11 6.64215e-11 5.17457e-11 1.45087e-10 5.17476e-11 1.06847e-11 3.25956e-12 2.57606e-12 1.19856e-12 5.68434e-14 1.42109e-14 1.42109e-14 7.10543e-15 7.10543e-15 1.77636e-15 6.93889e-17
threshold=0.14640000000000003 10450.000000000002 3.5000000000000004 1.0000000180025095e-35 6850.0000000000009 8.1350000000000033 3.3650000000000007 5550.0000000000009 0.065450000000000022 2.2350000000000008 2.5000000000000004 6.5000000000000009 17.345000000000002 32750.000000000004 26250.000000000004 24.535000000000004 2550.0000000000005
decision_type=2 2 2 2 2 2 2 2 2 2 2 2 2 2 2 2 2
left_child=3 -2 -3 -1 5 7 -6 16 -7 -9 13 12 -12 14 -4 -13 -5
right_child=1 2 10 4 6 8 -8 9 -10 -11 11 15 -14 -15 -16 -17 -18
leaf_value=-0.050003742960816236 0.050179124720473339 0.050179122861657224 0.050178934275793841 -0.050003742967315662 -0.050009296851329293 -0.05000683833254576 -0.050012730488121049 -0.050004441252341839 -0.050008568085280924 -0.050006253414520675 0.050178934723291428 0.050178933755568637 0.050178936336782456 0.050178934057204888 0.050178934153806191 0.050178933341933643 -0.05000373989106055
leaf_weight=2.8594074086140604 5.8392719328403464 4.904980093240737 23.566090062260628 0.04557660379941797 0.0047921364166541025 0.01052611117484048 0.0042974227326340042 0.002004993184527847 0.0027056985709350565 0.0016744762906455435 5.8331721872091284 4.8998583257198316 73.964869260787964 6.5331695079803458 9.5664225071668607 4.8998779803514481 0.029561287032265682
leaf_count=38207 25 21 101 609 30 77 22 25 18 17 25 21 317 28 41 21 395
internal_value=0.0481044 0.0501789 0.0501789 -0.0500038 -0.0500049 -0.0500043 -0.0500109 -0.0500038 -0.0500072 -0.0500053 0.0501789 0.0501789 0.0501789 0.0501789 0.0501789 0.0501789 -0.0500037
internal_weight=142.968 140.008 134.168 2.96055 0.101139 0.0920492 0.00908956 0.0788174 0.0132318 0.00367947 129.263 89.5978 79.798 39.6657 33.1325 9.79974 0.0751379
internal_count=40000 600 575 39400 1193 1141 52 1046 95 42 554 384 342 170 142 42 1004
is_linear=0
shrinkage=0.05


Tree=107
num_leaves=27
num_cat=0
split_feature=1 7 3 7 4 3 3 1 1 4 3 4 7 3 3 4 4 7 0 0 0 1 1 0 4 1
split_gain=11.0698 8.12577e-11 5.78098e-11 2.07176e-11 3.05258e-11 1.93181e-11 6.8123e-12 4.62147e-12 3.67704e-12 2.70038e-12 2.4356e-12 2.14939e-12 1.79957e-12 1.73855e-12 4.81254e-13 2.59933e-13 1.88613e-13 7.10543e-14 1.42109e-14 3.55271e-15 4.44089e-16 5.55112e-17 1.38778e-17 6.93889e-18 3.46945e-18 8.67362e-19
threshold=0.14640000000000003 3.2350000000000008 3.5000000000000004 2.5950000000000002 8.5050000000000008 1.0000000180025095e-35 1.5000000000000002 0.043450000000000009 0.076550000000000021 6.245000000000001 1.0000000180025095e-35 8.1350000000000033 3.0350000000000006 1.0000000180025095e-35 2.5000000000000004 13.945000000000002 9.3750000000000018 4.2700000000000005 43500.000000000007 61500.000000000007 4350.0000000000009 0.07605000000000002 0.078050000000000022 15300.000000000002 3.1650000000000005 0.084950000000000012
decision_type=2 2 2 2 2 2 2 2 2 2 2 2 2 2 2 2 2 2 2 2 2 2 2 2 2 2
left_child=3 -2 -3 11 6 -6 10 -7 9 -8 23 20 -12 22 16 -16 -15 -4 -19 -20 -1 -22 -13 -5 -23 -24
right_child=1 2 17 4 5 7 8 -9 -10 -11 12 13 -14 14 15 -17 -18 18 19 -21 21 24 25 -25 -26 -27
leaf_value=-0.05000356177996787 0.050170400547150842 0.05017035591859817 0.050170182853180194 -0.050003561826971292 -0.05000356184564151 -0.050007909704094668 -0.050004492207163888 -0.050011059777287717 -0.050007127706938076 -0.050006634786597608 -0.050003679649277447 -0.050003561826823174 -0.050004501655460123 -0.050003901949069868 -0.050004253435547402 -0.050003699748684363 -0.050003766509982034 0.050170176407190285 0.050170176351474832 0.050170176420206061 -0.050003561711449207 -0.050003561715970729 -0.050003561826813508 -0.050003561826797688 -0.050003561661600221 -0.050003561826794413
leaf_weight=2.1888122997406758 4.4454332292079917 4.6665561497211447 4.6618496775627127 0.032177963839785551 0.0020645045442506662 0.0025160025179502554 0.013590933289378881 0.0021673053706763312 0.0017765478987712404 0.0016490142152179041 0.010734839997894596 0.089414876711089053 0.017532973382913042 0.038236290311033372 0.0099578723456943408 0.0026928771549137318 0.078431099413137417 101.22545447945595 12.875166505575182 5.3276580870151511 0.29195051233546099 0.015946587809594348 0.0049121230040327637 0.0019221350885345592 0.0079732623999007046 0.0017085645231418312
leaf_count=30746 20 21 21 452 29 27 173 18 16 16 149 1256 223 509 125 37 1067 456 58 24 4101 224 69 27 112 24
internal_value=0.0480962 0.0501702 0.0501702 -0.0500036 -0.0500044 -0.0500076 -0.0500041 -0.0500094 -0.050005 -0.0500047 -0.0500038 -0.0500036 -0.0500042 -0.0500037 -0.0500038 -0.0500041 -0.0500038 0.0501702 0.0501702 0.0501702 -0.0500036 -0.0500036 -0.0500036 -0.0500036 -0.0500036 -0.0500036
internal_weight=136.018 133.202 128.757 2.81617 0.0861322 0.00674781 0.0793844 0.00468331 0.0170165 0.0152399 0.0623679 2.73004 0.0282678 0.225354 0.129318 0.0126507 0.116667 124.09 119.428 18.2028 2.50468 0.31587 0.0960356 0.0341001 0.0239199 0.00662069
internal_count=40000 600 580 39400 1130 74 1056 45 205 189 851 38270 372 3087 1738 162 1576 559 538 82 35183 4437 1349 479 336 93
is_linear=0
shrinkage=0.05


Tree=108
num_leaves=18
num_cat=0
split_feature=1 7 3 2 7 4 7 0 2 0 4 4 7 0 1 0 4
split_gain=10.5282 6.99458e-11 5.04627e-11 3.84466e-11 1.60937e-10 3.16987e-11 8.52651e-14 1.42109e-14 1.42109e-14 1.77636e-15 4.44089e-16 5.55112e-17 2.77556e-17 1.38778e-17 1.38778e-17 1.73472e-18 5.20417e-18
threshold=0.14640000000000003 3.2350000000000008 3.5000000000000004 1.0000000180025095e-35 2.5950000000000002 8.1350000000000033 4.2700000000000005 45500.000000000007 2.5000000000000004 59500.000000000007 0.40500000000000008 0.18500000000000003 2.9350000000000005 5950.0000000000009 0.0037500000000000003 2750.0000000000005 10.385000000000003
decision_type=2 2 2 2 2 2 2 2 2 2 2 2 2 2 2 2 2
left_child=3 -2 -3 10 5 13 -4 8 -8 -9 11 12 -1 14 -5 16 -7
right_child=1 2 6 4 -6 15 7 9 -10 -11 -12 -13 -14 -15 -16 -17 -18
leaf_value=-0.050003384514900301 0.050162061861827534 0.05016202052539797 0.050161855707486318 -0.050003387020450846 -0.050011209384011358 -0.050006185336030767 0.050161849755536975 0.050161848220810025 0.050161848069643127 0.050161847811452422 -0.050003384537966634 -0.050003384513369525 -0.050003384652372897 -0.050003385763622371 -0.050003384856999344 -0.050006186810182686 -0.050006187369351286
leaf_weight=0.14234414858219668 4.229312151670455 4.4396845847368231 4.4352062195539466 0.0033858669339678063 0.0079841308761388063 0.0047004720254335552 32.946167305111885 7.8141544759273511 66.948336839675903 5.9134195744991302 2.2832610371697228 0.15893513660557801 0.0027764337282860643 0.0023021009183139532 0.066091916429286357 0.003463330358499662 0.0035871963336830959
leaf_count=2102 20 21 21 50 38 38 156 37 317 28 33717 2347 41 34 976 28 29
internal_value=0.0480883 0.0501619 0.0501619 -0.0500034 -0.0500044 -0.0500038 0.0501618 0.0501618 0.0501618 0.0501618 -0.0500034 -0.0500034 -0.0500034 -0.0500034 -0.0500034 -0.0500062 -0.0500062
internal_weight=129.405 126.726 122.497 2.67883 0.091515 0.0835309 118.057 113.622 99.8945 13.7276 2.58732 0.304056 0.145121 0.0717799 0.0694778 0.011751 0.00828767
internal_count=40000 600 580 39400 1193 1155 559 538 473 65 38207 4490 2143 1060 1026 95 67
is_linear=0
shrinkage=0.05


Tree=109
num_leaves=17
num_cat=0
split_feature=1 0 3 2 0 4 4 0 1 4 4 4 4 3 4 0
split_gain=10.0132 4.76916e-11 4.29452e-11 3.31521e-11 9.25134e-11 3.29772e-11 6.81176e-12 2.07774e-12 1.64244e-12 7.64457e-13 4.44089e-16 4.44089e-16 8.32667e-17 1.38778e-17 6.93889e-18 1.73472e-18
threshold=0.14640000000000003 10450.000000000002 3.5000000000000004 1.0000000180025095e-35 6850.0000000000009 8.1350000000000033 3.3650000000000007 5550.0000000000009 0.065450000000000022 2.2350000000000008 10.635000000000003 7.8250000000000011 8.3750000000000018 1.5000000000000002 8.1350000000000033 2350.0000000000005
decision_type=2 2 2 2 2 2 2 2 2 2 2 2 2 2 2 2
left_child=3 -2 -3 10 5 7 -6 13 15 -9 11 -1 14 -5 -13 -7
right_child=1 2 -4 4 6 8 -8 9 -10 -11 -12 12 -14 -15 -16 -17
leaf_value=-0.050003219159950679 0.050154095281469663 0.050154094456963207 0.050153932035297721 -0.050003221736663842 -0.050008002108096375 -0.050005885742081119 -0.050010957172377017 -0.050003822572129576 -0.050007373964352821 -0.050005382526053258 -0.05000322193727888 -0.0500032191526995 -0.050003222037329001 -0.050003220079969934 -0.050003220656373387 -0.050005884614025622
leaf_weight=2.2412244353763531 5.0283530652523032 4.2238091975450507 111.31215777993202 0.029115468736563233 0.0041247448389185593 0.0049419589413446374 0.0036989796863053925 0.0017257351064472451 0.0023288801094167874 0.0014412611999432556 0.091727967650513054 0.021965840278426074 0.091792300343513489 0.035556970331526827 0.014429101414862089 0.0041181406413670629
leaf_count=34793 25 21 554 452 30 42 22 25 18 17 1424 341 1425 552 224 35
internal_value=0.0480809 0.0501539 0.0501539 -0.0500033 -0.0500042 -0.0500037 -0.0500094 -0.0500033 -0.0500062 -0.0500045 -0.0500032 -0.0500032 -0.0500032 -0.0500032 -0.0500032 -0.0500059
internal_weight=123.113 120.564 115.536 2.54819 0.0870521 0.0792284 0.00782372 0.0678394 0.011389 0.003167 2.46114 2.36941 0.128187 0.0646724 0.0363949 0.0090601
internal_count=40000 600 575 39400 1193 1141 52 1046 95 42 38207 36783 1990 1004 565 77
is_linear=0
shrinkage=0.05


Tree=110
num_leaves=14
num_cat=0
split_feature=2 7 4 3 4 4 0 4 7 0 4 0 0
split_gain=9.19146 0.0125058 0.290493 4.77321e-05 8.63614e-05 0.00013429 0.000263569 2.34619e-11 1.56746e-11 1.42109e-14 2.77556e-17 1.73472e-18 1.73472e-18
threshold=1.0000000180025095e-35 2.5750000000000006 58.635000000000005 3.5000000000000004 324.17000000000002 58.635000000000005 35750.000000000007 8.1350000000000033 3.5950000000000002 61500.000000000007 0.12500000000000003 3350.0000000000005 2350.0000000000005
decision_type=2 2 2 2 2 2 2 2 2 2 2 2 2
left_child=-1 2 7 4 5 6 -3 10 -5 -10 -2 12 -9
right_child=1 3 -4 8 -6 -7 -8 11 9 -11 -12 -13 -14
leaf_value=-0.05000306364427079 -0.050003064590557415 0.048301189094974724 0.050146607139185666 0.050146504680771087 0.050146493707078493 0.050146427117348069 0.050146392664439911 -0.050005597733342413 0.050146401621410631 0.050146401546950749 -0.050003063973377365 -0.050005597761551723 -0.050005597421866013
leaf_weight=2.3411156117508645 0.002389634508289106 0.39194581215269753 1.7227535992860794 3.8257076740264884 2.6777824908494949 0.76474390923976898 0.38228890299797058 0.0057082853454630822 100.35544066131115 4.5876770615577689 0.062559887279348914 0.0022383816176443369 0.0026861949518206529
leaf_count=38207 39 40 9 20 14 4 2 51 525 24 1021 20 24
internal_value=0.0480738 0.0500742 0.0459374 0.05014 0.049975 0.0496765 0.0492123 -0.0500034 0.0501464 0.0501464 -0.0500031 -0.0500056 -0.0500056
internal_weight=117.125 114.784 1.79834 112.986 4.21676 1.53898 0.774235 0.0755824 108.769 104.943 0.0649495 0.0106329 0.00839448
internal_count=40000 1793 1164 629 60 46 42 1155 569 549 1060 95 75
is_linear=0
shrinkage=0.05


Tree=111
num_leaves=15
num_cat=0
split_feature=1 7 3 2 7 4 2 4 2 1 1 1 1 1
split_gain=9.06045 4.41673e-11 4.24905e-11 3.34692e-11 1.49893e-10 2.01961e-11 4.26326e-14 1.42109e-14 1.77636e-15 6.93889e-18 6.93889e-18 1.73472e-18 1.73472e-18 8.67362e-19
threshold=0.14640000000000003 3.2350000000000008 3.5000000000000004 1.0000000180025095e-35 2.5950000000000002 8.1350000000000033 6.5000000000000009 14.755000000000001 7.5000000000000009 0.074950000000000003 0.071350000000000011 0.057650000000000007 0.02145 0.082050000000000026
decision_type=2 2 2 2 2 2 2 2 2 2 2 2 2 2
left_child=3 -2 -3 -1 5 9 7 -4 -8 10 -5 12 -7 -11
right_child=1 2 6 4 -6 11 8 -9 -10 13 -12 -13 -14 -15
leaf_value=-0.050002914776809439 0.050139425989404435 0.050139412559566492 0.050139240690321434 -0.050002914770490785 -0.050010645519903356 -0.050005325540415195 0.050139240277945765 0.050139243085964694 0.050139239638656546 -0.050002914646427712 -0.050002914868011519 -0.050005324753183748 -0.050005324845752479 -0.050002914812050298
leaf_weight=2.226944576035748 3.6418051272630683 3.8236259073019019 4.1826690733432761 0.05437989649362851 0.0075818678742507464 0.002448777318932116 3.8189714252948752 89.655043333768845 4.0008234083652496 0.0030308101886475916 0.002039981325651751 0.0022357696943799974 0.0054297979440889321 0.0023313895871979184
leaf_count=38207 20 21 23 933 38 23 21 493 22 52 35 21 51 40
internal_value=0.0480665 0.0501393 0.0501392 -0.050003 -0.050004 -0.0500033 0.0501392 0.0501392 0.0501392 -0.0500029 -0.0500029 -0.0500053 -0.0500053 -0.0500029
internal_weight=111.429 109.123 105.481 2.30642 0.0794783 0.0718964 101.658 93.8377 7.81979 0.0617821 0.0564199 0.0101143 0.00787858 0.0053622
internal_count=40000 600 580 39400 1193 1155 559 516 43 1060 968 95 74 92
is_linear=0
shrinkage=0.05


Tree=112
num_leaves=16
num_cat=0
split_feature=1 7 3 2 7 7 0 7 1 7 0 1 7 7 0
split_gain=8.61741 3.82414e-11 3.72893e-11 2.88169e-11 1.29029e-10 1.69448e-13 1.65278e-13 1.66794e-13 9.788e-14 6.79665e-14 5.24233e-14 3.17055e-14 2.84217e-14 1.59872e-14 4.44089e-16
threshold=0.14640000000000003 3.2350000000000008 3.5000000000000004 1.0000000180025095e-35 2.5950000000000002 0.7350000000000001 2350.0000000000005 0.62500000000000011 0.015250000000000001 1.7350000000000001 1050.0000000000002 0.0040500000000000006 5.2350000000000012 4.2700000000000005 17900.000000000004
decision_type=2 2 2 2 2 2 2 2 2 2 2 2 2 2 2
left_child=3 -2 -3 14 5 6 10 -8 11 -10 -5 -7 13 -4 -1
right_child=1 2 12 4 -6 8 7 -9 9 -11 -12 -13 -14 -15 -16
leaf_value=-0.050002772260456047 0.050132607010218246 0.050132595200015055 0.050132436527547619 -0.050003021175981016 -0.050010126479589051 -0.050003013819137236 -0.050003831522327069 -0.05000322134506089 -0.050003087124622696 -0.050002843137504575 -0.050003167745881705 -0.050002773234789855 0.050132431922323861 0.050132432323705067 -0.050002772288096867
leaf_weight=2.1172321656522399 3.4646514654159537 3.6376276165246955 3.6333165466785413 0.0083963055585626334 0.0072121687553590155 0.0019212794977647709 0.0017526571573398533 0.0031025664866319858 0.022877095991134411 0.0032612908871669779 0.022310879336146172 0.0047681297910457943 86.504739060997963 6.5743595510721207 0.0011088645696871726
leaf_count=38187 20 21 21 144 38 33 25 51 387 58 371 86 500 38 20
internal_value=0.0480601 0.0501324 0.0501324 -0.0500028 -0.0500038 -0.0500031 -0.0500032 -0.0500034 -0.050003 -0.0500031 -0.0500031 -0.0500028 0.0501324 0.0501324 -0.0500028
internal_weight=106.009 103.815 100.35 2.19394 0.0756024 0.0683902 0.0355624 0.00485522 0.0328278 0.0261384 0.0307072 0.00668941 96.7124 10.2077 2.11834
internal_count=40000 600 580 39400 1193 1155 591 76 564 445 515 119 559 59 38207
is_linear=0
shrinkage=0.05


Tree=113
num_leaves=19
num_cat=0
split_feature=1 3 0 2 0 4 4 0 1 4 2 0 0 0 0 4 0 1
split_gain=8.1961 2.86349e-11 2.98996e-11 2.47451e-11 7.54321e-11 1.89852e-11 5.02043e-12 1.82449e-12 1.45559e-12 9.62523e-13 2.84217e-14 1.42109e-14 7.10543e-15 5.32907e-15 3.55271e-15 3.55271e-15 6.93889e-18 1.73472e-18
threshold=0.14640000000000003 3.5000000000000004 10450.000000000002 1.0000000180025095e-35 6850.0000000000009 8.1350000000000033 3.3650000000000007 5550.0000000000009 0.065450000000000022 3.0450000000000004 2.5000000000000004 15650.000000000002 39250.000000000007 14250.000000000002 21550.000000000004 41.415000000000006 3750.0000000000005 0.043750000000000004
decision_type=2 2 2 2 2 2 2 2 2 2 2 2 2 2 2 2 2 2
left_child=3 -2 -3 -1 5 7 -6 16 17 -9 14 13 -13 -12 -4 -16 -5 -7
right_child=1 2 10 4 6 8 -8 9 -10 -11 11 12 -14 -15 15 -17 -18 -19
leaf_value=-0.050002638454774817 0.050126104856390831 0.050126096276957403 0.050125957016147471 -0.050002637445984904 -0.050007256761010879 -0.0500048183414789 -0.050009946514084261 -0.050003199958850525 -0.050006358020505161 -0.050005141913828023 0.050125958089628664 0.050125955016149151 0.050125955078344581 0.050125955393120071 0.050125955139387668 0.050125957767230868 -0.050002638509389435 -0.050004817365527691
leaf_weight=2.015033648905955 3.6252325475215903 3.9545316100120536 11.192301824688913 0.045039031032501842 0.0036659972174675195 0.0050095298647647724 0.0032932686517597176 0.0015863496737438245 0.0019345653709024191 0.0010674271798052359 4.7732174098491651 38.350039020180702 16.78843005001545 3.2918503135442734 3.785621881484988 13.00280676782131 0.0079108694626484066 0.0024084205142571591
leaf_count=38207 22 24 68 854 30 52 22 28 18 14 29 233 102 20 23 79 150 25
internal_value=0.048054 0.050126 0.050126 -0.0500027 -0.0500036 -0.0500031 -0.0500085 -0.0500027 -0.0500051 -0.050004 0.050126 0.050126 0.050126 0.050126 0.050126 0.050126 -0.0500026 -0.0500048
internal_weight=100.851 98.764 95.1388 2.08695 0.0719155 0.0649562 0.00695927 0.0556037 0.00935252 0.00265378 91.1843 63.2035 55.1385 8.06507 27.9807 16.7884 0.0529499 0.00741795
internal_count=40000 600 578 39400 1193 1141 52 1046 95 42 554 384 335 49 170 102 1004 77
is_linear=0
shrinkage=0.05


Tree=114
num_leaves=21
num_cat=0
split_feature=1 7 3 2 7 4 7 0 4 1 1 1 4 1 1 1 0 1 0 4
split_gain=7.79543 2.8578e-11 2.78533e-11 2.14129e-11 9.55576e-11 1.28783e-11 2.84217e-14 1.33227e-15 4.44089e-16 2.22045e-16 2.22045e-16 1.11022e-16 5.55112e-17 4.16334e-17 2.08167e-17 1.38778e-17 6.93889e-18 6.93889e-18 1.73472e-18 8.67362e-19
threshold=0.14640000000000003 3.2350000000000008 3.5000000000000004 1.0000000180025095e-35 2.5950000000000002 8.1350000000000033 4.2700000000000005 2450.0000000000005 6.9350000000000014 0.011050000000000003 0.0069500000000000004 0.0044500000000000008 10.145000000000001 0.0050500000000000015 0.0037500000000000003 0.065850000000000006 1050.0000000000002 0.075450000000000003 1650.0000000000002 9.5350000000000019
decision_type=2 2 2 2 2 2 2 2 2 2 2 2 2 2 2 2 2 2 2 2
left_child=3 -2 -3 7 5 17 -4 8 9 11 13 -1 15 14 -9 -10 -14 -5 -7 -20
right_child=1 2 6 4 -6 18 -8 10 12 -11 -12 -13 16 -15 -16 -17 -18 -19 19 -21
leaf_value=-0.050002505465123415 0.050119956831593128 0.05011994604685286 0.0501198024711677 -0.050002508751775754 -0.05000916199163058 -0.050004582943409842 0.050119797762824041 -0.050002506052339052 -0.050002507249569422 -0.050002505442874615 -0.050002508915566263 -0.050002508348524911 -0.050002509030617343 -0.050002508891447452 -0.050002507594449033 -0.050002508628791908 -0.05000250901030661 -0.050002508961798808 -0.050004582791427499 -0.050004584134185875
leaf_weight=0.056388730445177115 3.1357176750898352 3.2922713011503211 3.2883684337139121 0.048711903556977521 0.0065259729162789873 0.0029324868446565233 84.242147281765938 0.044248061763937474 0.066472330196120311 0.79716808410739759 0.76942440878337948 0.086439303278893931 0.011538588369148783 0.02302705314650666 0.014047001925064251 0.013495142542524263 0.034515417748480104 0.0044648205876001148 0.0027491289001773112 0.0030240210326155648
leaf_count=1124 20 21 21 971 38 32 538 882 1325 15890 15337 1723 230 459 280 269 688 89 30 33
internal_value=0.0480482 0.0501198 0.0501198 -0.0500025 -0.0500034 -0.0500028 0.0501198 -0.0500025 -0.0500025 -0.0500025 -0.0500025 -0.0500025 -0.0500025 -0.0500025 -0.0500025 -0.0500025 -0.0500025 -0.0500025 -0.0500046 -0.0500046
internal_weight=95.9437 93.9585 90.8228 1.98517 0.0684083 0.0618824 87.5305 1.91676 1.06602 0.939996 0.850747 0.142828 0.126021 0.0813221 0.0582951 0.0799675 0.046054 0.0531767 0.00870564 0.00577315
internal_count=40000 600 580 39400 1193 1155 559 38207 21249 18737 16958 2847 2512 1621 1162 1594 918 1060 95 63
is_linear=0
shrinkage=0.05


Tree=115
num_leaves=13
num_cat=0
split_feature=1 7 3 2 7 4 7 0 4 1 4 1
split_gain=7.41439 2.41585e-11 2.39027e-11 1.83711e-11 8.22444e-11 1.10792e-11 2.84217e-14 4.44089e-16 2.22045e-16 1.73472e-18 1.73472e-18 8.67362e-19
threshold=0.14640000000000003 3.2350000000000008 3.5000000000000004 1.0000000180025095e-35 2.5950000000000002 8.1350000000000033 4.2700000000000005 15100.000000000002 17.345000000000002 0.053550000000000007 19.815000000000001 0.039450000000000006
decision_type=2 2 2 2 2 2 2 2 2 2 2 2
left_child=3 -2 -3 7 5 -5 -4 8 -1 11 -10 -7
right_child=1 2 6 4 -6 9 -8 -9 10 -11 -12 -13
leaf_value=-0.050002386120821446 0.050114091674769878 0.050114082476946015 0.050113945912097405 -0.050002386305456663 -0.05000871485509481 -0.050004359146599321 0.050113941665202159 -0.050002386074143049 -0.050002386125466182 -0.050004359829488802 -0.050002386132978228 -0.050004358472815473
leaf_weight=1.8122154812990614 2.9831271469593039 3.1320625543594351 3.1283491551876059 0.050583385644131229 0.0062077515467535696 0.0040098208046401851 80.142737656831741 0.0024814787793731021 0.0041994643252111219 0.0024407119562965818 0.0043903352488996461 0.0018305612102267332
leaf_count=37975 20 21 21 1060 38 46 538 52 88 28 92 21
internal_value=0.0480427 0.050114 0.0501139 -0.0500024 -0.0500032 -0.0500027 0.0501139 -0.0500024 -0.0500024 -0.0500044 -0.0500024 -0.0500044
internal_weight=91.2746 89.3863 86.4031 1.88836 0.0650722 0.0588645 83.2711 1.82329 1.82081 0.00828109 0.0085898 0.00584038
internal_count=40000 600 580 39400 1193 1155 559 38207 38155 95 180 67
is_linear=0
shrinkage=0.05


Tree=116
num_leaves=23
num_cat=0
split_feature=1 7 3 2 7 7 0 7 1 2 7 2 0 1 0 0 0 1 0 7 7 7
split_gain=7.05202 2.08757e-11 1.97247e-11 1.58835e-11 7.08001e-11 9.56388e-14 9.03236e-14 9.20392e-14 5.44634e-14 4.26326e-14 3.66825e-14 3.55271e-14 2.99066e-14 1.74036e-14 1.42109e-14 3.55271e-15 3.55271e-15 3.55271e-15 4.44089e-16 2.22045e-16 2.77556e-17 6.93889e-18
threshold=0.14640000000000003 3.2350000000000008 3.5000000000000004 1.0000000180025095e-35 2.5950000000000002 0.7350000000000001 2350.0000000000005 0.62500000000000011 0.015250000000000001 2.5000000000000004 1.7350000000000001 6.5000000000000009 1050.0000000000002 0.0040500000000000006 59500.000000000007 24550.000000000004 15300.000000000002 0.5384500000000001 16550.000000000004 1.4650000000000001 2.6550000000000007 3.2950000000000004
decision_type=2 2 2 2 2 2 2 2 2 2 2 2 2 2 2 2 2 2 2 2 2 2
left_child=3 -2 -3 18 5 6 12 -8 13 15 -10 14 -5 -7 -11 16 -4 -17 19 -1 -21 -22
right_child=1 2 9 4 -6 8 7 -9 10 11 -12 -13 -14 -15 -16 17 -18 -19 -20 20 21 -23
leaf_value=-0.05000226812096769 0.050108517217919979 0.050108505556361663 0.050108374515671142 -0.05000247298781299 -0.050008290462590824 -0.050002465826815883 -0.050003138480145731 -0.05000263754646106 -0.050002526828445998 0.05010837581289062 -0.050002328728821488 0.050108371935532574 -0.050002595336107486 -0.050002268837247933 0.05010837314721555 0.050108373707005854 0.050108372636675974 0.050108372235291687 -0.050002269455376239 -0.050002268142538164 -0.050002268820560504 -0.050002269517199216
leaf_weight=1.4871074109541935 2.8379461765289298 2.9796333014965048 3.4011923521757152 0.0068743868578166048 0.005905044818064197 0.0015730273225926785 0.0014349734919960602 0.0025401954881090205 0.018730384017544566 45.490404918789864 0.0026701405804487868 6.0937194526195517 0.018266806575411465 0.0039038520990288816 3.1177199631929389 3.1177176088094702 9.4948626011610013 8.5028710514307004 0.001679562541539891 0.20154932434161321 0.024467141975037521 0.019564547474146821
leaf_count=32760 20 21 24 144 38 33 25 51 387 321 58 43 371 86 22 22 67 60 37 4440 539 431
internal_value=0.0480374 0.0501084 0.0501084 -0.0500023 -0.0500031 -0.0500025 -0.0500026 -0.0500028 -0.0500025 0.0501084 -0.0500025 0.0501084 -0.0500026 -0.0500023 0.0501084 0.0501084 0.0501084 0.0501084 -0.0500023 -0.0500023 -0.0500023 -0.0500023
internal_weight=86.8323 85.0361 82.1981 1.79627 0.0618988 0.0559938 0.0291164 0.00397517 0.0268774 79.2185 0.0214005 54.7018 0.0251412 0.00547688 48.6081 24.5166 12.8961 11.6206 1.73437 1.73269 0.245581 0.0440317
internal_count=40000 600 580 39400 1193 1155 591 76 564 559 445 386 515 119 343 173 91 82 38207 38170 5410 970
is_linear=0
shrinkage=0.05


Tree=117
num_leaves=28
num_cat=0
split_feature=1 7 3 2 7 4 2 0 2 0 0 0 0 0 1 1 1 4 4 1 1 0 4 4 0 1 4
split_gain=6.70739 1.8062e-11 1.75788e-11 1.36113e-11 6.09422e-11 8.21233e-12 5.68434e-14 4.26326e-14 1.42109e-14 7.10543e-15 3.55271e-15 1.77636e-15 8.88178e-16 2.22045e-16 2.22045e-16 2.22045e-16 1.11022e-16 1.11022e-16 1.11022e-16 2.08167e-17 1.38778e-17 6.93889e-18 6.93889e-18 6.93889e-18 1.73472e-18 8.67362e-19 4.33681e-19
threshold=0.14640000000000003 3.2350000000000008 3.5000000000000004 1.0000000180025095e-35 2.5950000000000002 8.1350000000000033 2.5000000000000004 14950.000000000002 6.5000000000000009 19750.000000000004 27250.000000000004 2550.0000000000005 16950.000000000004 2450.0000000000005 0.013350000000000002 0.0047500000000000007 0.0044500000000000008 13.275 8.1350000000000033 0.0040500000000000006 0.0044500000000000008 6450.0000000000009 7.3950000000000005 9.0550000000000015 2350.0000000000005 0.042550000000000011 4.0050000000000008
decision_type=2 2 2 2 2 2 2 2 2 2 2 2 2 2 2 2 2 2 2 2 2 2 2 2 2 2 2
left_child=3 -2 -3 11 5 21 9 -8 -9 12 -11 13 -4 14 16 20 -1 -16 -17 -15 22 -5 -13 -21 25 -7 -22
right_child=1 2 6 4 -6 24 7 8 -10 10 -12 15 -14 19 17 18 -18 -19 -20 23 26 -23 -24 -25 -26 -27 -28
leaf_value=-0.050002156951974103 0.050103211628199376 0.050103202340463539 0.05010307881479819 -0.050002158789552935 -0.050007885800205182 -0.050003944468784305 0.050103078324691491 0.050103073804955378 0.050103076381035096 0.050103076502592075 0.05010307789353418 -0.050002156972872427 0.050103079143474186 -0.050002156827467739 -0.05000215702069391 -0.05000216091897073 -0.050002159327702835 -0.050002159015242492 -0.050002158823955693 -0.050002160965052569 -0.050002161040664905 -0.050002160443552317 -0.050002158686305455 -0.05000215857684584 -0.050003943959899301 -0.050003945419338051 -0.050002159815064701
leaf_weight=0.055659279147220131 2.6998165249824515 2.8346072882413855 4.1793626248836544 0.044647440710832487 0.0056170967000070951 0.0021296801351127206 4.8534584939479819 41.523609772324562 5.6623003333806983 7.8193778693676022 8.3586481660604459 0.037739487121143611 2.965967208147049 0.0024612718007119829 0.7378201398641977 0.59433208203699905 0.11205262272778782 0.012004065771179739 0.051729570212046383 0.036357733348268084 0.0021590097057924132 0.0011224901572859372 0.0039293858098972114 0.0025044447538675732 0.0034704124700510874 0.0018930232254206203 0.0010363231776864268
leaf_count=1289 20 21 31 1034 38 27 36 308 42 58 62 874 22 57 17087 13764 2595 278 1198 842 50 26 91 58 44 24 24
internal_value=0.0480325 0.0501031 0.0501031 -0.0500022 -0.0500029 -0.0500024 0.0501031 0.0501031 0.0501031 0.0501031 0.0501031 -0.0500022 0.0501031 -0.0500022 -0.0500022 -0.0500022 -0.0500022 -0.0500022 -0.0500022 -0.0500022 -0.0500022 -0.0500022 -0.0500022 -0.0500022 -0.0500039 -0.0500039 -0.0500022
internal_weight=82.6058 80.8971 78.1973 1.70867 0.0588801 0.053263 75.3627 52.0394 47.1859 23.3234 16.178 1.64979 7.14533 0.95886 0.917536 0.690926 0.167712 0.749824 0.646062 0.0413234 0.0448642 0.0457699 0.0416689 0.0388622 0.00749312 0.0040227 0.00319533
internal_count=40000 600 580 39400 1193 1155 559 386 350 173 120 38207 53 22206 21249 16001 3884 17365 14962 957 1039 1060 965 900 95 51 74
is_linear=0
shrinkage=0.05


Tree=118
num_leaves=31
num_cat=0
split_feature=1 7 3 2 7 4 2 7 2 7 2 7 4 7 1 1 1 1 1 7 7 7 7 7 1 7 1 7 7 1
split_gain=6.37964 1.60583e-11 1.49782e-11 1.17319e-11 5.24611e-11 7.07234e-12 2.84217e-14 1.42109e-14 1.42109e-14 8.88178e-15 3.55271e-15 7.10543e-15 1.77636e-15 8.88178e-16 2.22045e-16 2.22045e-16 2.22045e-16 1.11022e-16 1.11022e-16 5.55112e-17 5.55112e-17 2.77556e-17 1.38778e-17 1.38778e-17 6.93889e-18 5.20417e-18 3.46945e-18 3.46945e-18 1.73472e-18 8.67362e-19
threshold=0.14640000000000003 3.2350000000000008 3.5000000000000004 1.0000000180025095e-35 2.5950000000000002 8.1350000000000033 2.5000000000000004 6.7300000000000013 6.5000000000000009 4.8850000000000007 1.5000000000000002 11.290000000000001 107.37500000000001 0.93500000000000016 0.088850000000000026 0.086950000000000013 0.086250000000000007 0.0093500000000000024 0.0044500000000000008 3.8550000000000004 2.7450000000000006 0.7350000000000001 0.30500000000000005 2.9850000000000008 0.0037500000000000003 0.81500000000000006 0.012050000000000002 0.70500000000000007 4.8850000000000007 0.037050000000000007
decision_type=2 2 2 2 2 2 2 2 2 2 2 2 2 2 2 2 2 2 2 2 2 2 2 2 2 2 2 2 2 2
left_child=3 -2 -3 13 5 21 10 9 -9 -8 12 -12 -4 14 15 16 -1 18 24 20 -19 22 -5 -20 -15 -17 -23 -16 -21 -7
right_child=1 2 6 4 -6 29 7 8 -10 -11 11 -13 -14 17 27 25 -18 19 23 28 -22 26 -24 -25 -26 -27 -28 -29 -30 -31
leaf_value=-0.050002053734430799 0.050098169437930752 0.050098157935927715 0.050098037867946144 -0.050002054591786561 -0.050007501476237816 -0.05000375236120215 0.050098041132386931 0.050098036540158514 0.050098039425440936 0.050098037807298601 0.050098038974677551 0.050098041067802725 0.050098039369275385 -0.050002054778646492 -0.05000205442543855 -0.050002054286030655 -0.050002053759454934 -0.050002050875333305 -0.050002050679811894 -0.050002053512278412 -0.050002053261004722 -0.05000205357906428 -0.050002051653958393 -0.050002054068260963 -0.050002054797107204 -0.050002052240061969 -0.050002054690275993 -0.050002051672868808 -0.050002054518383958 -0.050003752450504757
leaf_weight=1.0224641084241721 2.568396881222724 2.6966264545917502 3.2063576281070718 0.0045591780071844159 0.0053431876585818818 0.0031512218120042226 2.8216430246829969 35.654718264937401 5.2584201842546454 5.7714488208293915 10.516873523592947 4.4889031201601037 3.9759028255939484 0.027519803916220442 0.0039842138867244295 0.007927351904072677 0.0030395028807107529 0.42672147417761153 0.036843701669567963 0.0055038826540112495 0.023001399684289936 0.0036966535444662432 0.017209726385772228 0.0020536894298857069 0.0044360281208355437 0.0011911568508367063 0.018072237002343172 0.0014376030958374031 0.0032037654455052689 0.0039764771863701753
leaf_count=24893 20 21 25 111 38 42 22 278 41 45 82 35 31 670 97 193 74 10389 897 134 560 90 419 50 108 29 440 35 78 53
internal_value=0.0480277 0.050098 0.050098 -0.0500021 -0.0500028 -0.0500023 0.050098 0.050098 0.050098 0.050098 0.050098 0.050098 0.050098 -0.0500021 -0.0500021 -0.0500021 -0.0500021 -0.0500021 -0.0500021 -0.0500021 -0.0500021 -0.0500021 -0.0500021 -0.0500021 -0.0500021 -0.0500021 -0.0500021 -0.0500021 -0.0500021 -0.0500038
internal_weight=78.5846 76.9593 74.3909 1.62534 0.0560087 0.0506655 71.6943 49.5062 40.9131 8.59309 22.188 15.0058 7.18226 1.56933 1.04004 1.03462 1.0255 0.529284 0.0708532 0.458431 0.449723 0.0435378 0.0217689 0.0388974 0.0319558 0.00911851 0.0217689 0.00542182 0.00870765 0.0071277
internal_count=40000 600 580 39400 1193 1155 559 386 319 67 173 117 56 38207 25321 25189 24967 12886 1725 11161 10949 1060 530 947 778 222 530 132 212 95
is_linear=0
shrinkage=0.05


Tree=119
num_leaves=16
num_cat=0
split_feature=1 7 3 2 7 4 4 0 4 1 0 0 7 0 0
split_gain=6.06793 1.30456e-11 1.29319e-11 1.01557e-11 4.51364e-11 6.08699e-12 1.42109e-14 4.44089e-16 4.44089e-16 1.38778e-17 6.93889e-18 6.93889e-18 6.93889e-18 1.73472e-18 8.67362e-19
threshold=0.14640000000000003 3.2350000000000008 3.5000000000000004 1.0000000180025095e-35 2.5950000000000002 8.1350000000000033 12.855000000000002 17550.000000000004 10.635000000000003 0.01685 8450.0000000000018 5950.0000000000009 0.82500000000000007 3350.0000000000005 2350.0000000000005
decision_type=2 2 2 2 2 2 2 2 2 2 2 2 2 2 2
left_child=3 -2 -3 7 5 9 -4 8 -1 12 11 -10 -5 14 -7
right_child=1 2 6 4 -6 13 -8 -9 10 -11 -12 -13 -14 -15 -16
leaf_value=-0.050001950841875531 0.050093370608149113 0.050093363229641433 0.050093247732862028 -0.050001953256412747 -0.050007134903484698 -0.050003570495712371 0.050093248953151426 -0.050001952315276377 -0.05000195316478933 -0.050001953856899498 -0.050001952144278598 -0.050001952680064569 -0.050001951133034218 -0.050003568355526842 -0.050003568810986346
leaf_weight=1.4361405629388158 2.4433627724647513 2.5653498172760001 3.4162801280617705 0.0058214919663440723 0.0050826336155296295 0.0036399190721567712 64.787772245705128 0.0010158421209781601 0.052277144452091417 0.031295239768951433 0.0010548799473326645 0.0023051759526424567 0.0042977802913810592 0.0014273158158175647 0.0017128662075265311
leaf_count=36757 20 21 28 149 38 51 531 26 1338 801 27 59 110 20 24
internal_value=0.0480232 0.0500933 0.0500933 -0.050002 -0.0500027 -0.0500022 0.0500932 -0.050002 -0.050002 -0.050002 -0.050002 -0.050002 -0.050002 -0.0500036 -0.0500036
internal_weight=74.7588 73.2128 70.7694 1.54607 0.0532772 0.0481946 68.2041 1.49279 1.49178 0.0414145 0.0556372 0.0545823 0.0101193 0.0067801 0.00535279
internal_count=40000 600 580 39400 1193 1155 559 38207 38181 1060 1424 1397 259 95 75
is_linear=0
shrinkage=0.05


Tree=120
num_leaves=20
num_cat=0
split_feature=1 3 0 2 0 4 4 0 1 0 2 4 0 0 0 0 0 0 1
split_gain=5.77148 9.52127e-12 1.02602e-11 8.70215e-12 2.64028e-11 6.64705e-12 1.76056e-12 6.39551e-13 5.09036e-13 1.42109e-14 7.10543e-15 7.10543e-15 1.77636e-15 1.11022e-16 1.11022e-16 1.11022e-16 5.55112e-17 1.38778e-17 1.73472e-18
threshold=0.14640000000000003 3.5000000000000004 10450.000000000002 1.0000000180025095e-35 6850.0000000000009 8.1350000000000033 3.3650000000000007 5550.0000000000009 0.065450000000000022 20600.000000000004 2.5000000000000004 17.345000000000002 2550.0000000000005 2450.0000000000005 2250.0000000000005 17050.000000000004 2850.0000000000005 2350.0000000000005 0.030050000000000004
decision_type=2 2 2 2 2 2 2 2 2 2 2 2 2 2 2 2 2 2 2
left_child=3 -2 -3 12 5 7 -6 16 18 -4 -11 -12 13 14 -1 -14 -5 -16 -7
right_child=1 2 9 4 6 8 -8 -9 -10 10 11 -13 15 -15 17 -17 -18 -19 -20
leaf_value=-0.050001855603274262 0.050088795812361808 0.050088791367452035 0.050088692759950329 -0.050001859390752385 -0.05000511279141541 -0.050003396297937958 -0.050007010188353497 -0.050002805726483857 -0.050004480086853688 0.050088692527910816 0.050088691992787794 0.050088694338039919 -0.050001859447085531 -0.050001859466458624 -0.050001855624072625 -0.050001858206313268 -0.05000185553635899 -0.050001855664264322 -0.050003394361617597
leaf_weight=0.71755937108900869 2.5565129294991484 2.788734793663024 17.410605661571026 0.025755351056432008 0.0025834758998826137 0.0023761544143781057 0.0023208746970340144 0.0018701241242524693 0.0013633223570650443 12.883819565176962 4.5267329514026633 29.481905788183212 0.59357392031597556 0.035567631384765264 0.037983409460139228 0.0011149617057526475 0.011558370337297674 0.034192503269878216 0.0028513399156508967
leaf_count=19307 22 24 150 693 30 35 22 42 18 111 39 254 15971 957 1022 30 311 920 42
internal_value=0.0480189 0.0500887 0.0500887 -0.0500019 -0.0500025 -0.0500022 -0.050006 -0.0500019 -0.0500036 0.0500887 0.0500887 0.0500887 -0.0500019 -0.0500019 -0.0500019 -0.0500019 -0.0500019 -0.0500019 -0.0500034
internal_weight=71.119 69.6483 67.0918 1.47067 0.050679 0.0457747 0.00490435 0.0391838 0.00659082 64.3031 46.8925 34.0086 1.41999 0.825303 0.789735 0.594689 0.0373137 0.0721759 0.00522749
internal_count=40000 600 578 39400 1193 1141 52 1046 95 554 404 293 38207 22206 21249 16001 1004 1942 77
is_linear=0
shrinkage=0.05


Tree=121
num_leaves=21
num_cat=0
split_feature=1 3 0 2 0 4 4 0 1 2 0 2 0 0 0 0 0 0 0 1
split_gain=5.48953 8.32756e-12 8.86757e-12 7.43383e-12 2.27036e-11 5.71501e-12 1.51508e-12 5.48318e-13 4.38122e-13 2.13163e-14 7.10543e-15 7.10543e-15 3.55271e-15 8.88178e-16 2.22045e-16 2.22045e-16 2.22045e-16 2.22045e-16 6.93889e-18 2.60209e-18
threshold=0.14640000000000003 3.5000000000000004 10450.000000000002 1.0000000180025095e-35 6850.0000000000009 8.1350000000000033 3.3650000000000007 5550.0000000000009 0.065450000000000022 2.5000000000000004 28250.000000000004 6.5000000000000009 19200.000000000004 15300.000000000002 16550.000000000004 14250.000000000002 13050.000000000002 11650.000000000002 4750.0000000000009 0.037050000000000007
decision_type=2 2 2 2 2 2 2 2 2 2 2 2 2 2 2 2 2 2 2 2
left_child=3 -2 -3 14 5 7 -6 18 19 12 -11 -12 13 -4 15 16 17 -1 -5 -7
right_child=1 2 9 4 6 8 -8 -9 -10 10 11 -13 -14 -15 -16 -17 -18 -19 -20 -21
leaf_value=-0.050001769869119972 0.050084458231983035 0.050084453469759899 0.050084360270455187 -0.050001768669909852 -0.050004862697882096 -0.050003230800479276 -0.050006667406126665 -0.050002668275065332 -0.050004261764304947 0.050084360779431472 0.050084360882703127 0.050084358167604287 0.050084358670838131 0.050084359704006855 -0.050001769264951902 -0.050001769084722238 -0.050001769376421673 -0.050001768953359109 -0.050001769755625917 -0.050003228747745855
leaf_weight=1.3440940323089288 2.4320356249809256 2.652950555086135 2.3188135549426105 0.033797042229707475 0.0024574902708991422 0.0026477473220438688 0.0022076990244386252 0.0017789218436519141 0.0012968378723599017 20.206691384315491 18.219128489494327 3.9750761911272994 14.023205451667307 2.4292104467749596 0.0013080574281049131 0.0012373470672174527 0.0012373486861180219 0.0028635699236475567 0.0016969300231721709 0.0023248151337611489
leaf_count=38019 22 24 21 956 30 41 22 42 18 183 165 36 127 22 37 35 35 81 48 36
internal_value=0.0480149 0.0500844 0.0500844 -0.0500018 -0.0500024 -0.050002 -0.0500057 -0.0500018 -0.0500034 0.0500844 0.0500844 0.0500844 0.0500844 0.0500844 -0.0500018 -0.0500018 -0.0500018 -0.0500018 -0.0500018 -0.0500032
internal_weight=67.6561 66.2571 63.8251 1.39895 0.0482075 0.0435423 0.00466519 0.0372729 0.0062694 61.1721 42.4009 22.1942 18.7712 4.74802 1.35074 1.34943 1.34819 1.34696 0.035494 0.00497256
internal_count=40000 600 578 39400 1193 1141 52 1046 95 554 384 201 170 43 38207 38170 38135 38100 1004 77
is_linear=0
shrinkage=0.05


Tree=122
num_leaves=22
num_cat=0
split_feature=2 7 4 3 4 4 0 4 7 0 4 0 0 0 0 0 3 7 0 4 4
split_gain=5.03779 0.00684411 0.159223 3.1817e-05 5.74828e-05 8.9261e-05 0.000174716 3.87763e-12 2.57216e-12 7.10543e-15 7.10543e-15 2.22045e-16 2.22045e-16 2.22045e-16 2.22045e-16 2.22045e-16 1.38778e-17 1.38778e-17 3.46945e-18 8.67362e-19 8.67362e-19
threshold=1.0000000180025095e-35 2.5750000000000006 58.635000000000005 3.5000000000000004 324.17000000000002 58.635000000000005 35750.000000000007 8.1350000000000033 3.5950000000000002 61500.000000000007 24.535000000000004 15100.000000000002 12150.000000000002 11650.000000000002 11250.000000000002 9950.0000000000018 1.5000000000000002 0.76500000000000012 4050.0000000000005 9.0550000000000015 12.855000000000002
decision_type=2 2 2 2 2 2 2 2 2 2 2 2 2 2 2 2 2 2 2 2 2
left_child=11 2 7 4 5 6 -3 16 -5 10 -10 12 13 14 15 -1 17 -2 -18 -9 -21
right_child=1 3 -4 8 -6 -7 -8 19 9 -11 -12 -13 -14 -15 -16 -17 18 -19 -20 20 -22
leaf_value=-0.050001682186950884 -0.050001678994302357 0.048055457480075905 0.050080352419071508 0.050080294648371826 0.050080288287354051 0.050080252693998011 0.05008023559323669 -0.050003072390491711 0.050080238211514277 0.050080238732746307 0.050080238303901695 -0.050001682106807083 -0.050001682039347253 -0.050001682088411638 -0.050001681784736775 -0.050001681850799076 -0.050001682025603948 -0.050001681993239677 -0.050001681925448828 -0.050003071207866338 -0.050003071676674386
leaf_weight=1.2721881551879028 0.0083734465806618585 0.21617863364372092 0.94668668508529663 2.1022986918687812 1.4714908972382545 0.42024041712284088 0.21007445454597473 0.0017200053116539485 8.9285693988203985 2.5210130289196959 46.218593269586563 0.0017486925898994024 0.0031610960104445631 0.0014124001972960478 0.0012778900163540321 0.0050779397897714454 0.016545197864616057 0.007633621913555543 0.0030937168121454297 0.0028257281082915142 0.0012900076690129936
leaf_count=37830 249 40 9 20 14 4 2 28 85 24 440 52 94 42 38 151 492 227 92 46 21
internal_value=0.048011 0.0500075 0.0458791 0.0500732 0.0498914 0.0495632 0.0490533 -0.0500019 0.0500802 0.0500802 0.0500802 -0.0500017 -0.0500017 -0.0500017 -0.0500017 -0.0500017 -0.0500017 -0.0500017 -0.0500017 -0.0500031 -0.0500031
internal_weight=64.3615 63.0766 0.988168 62.0885 2.31798 0.846494 0.426253 0.0414817 59.7705 57.6682 55.1472 1.28487 1.28312 1.27996 1.27854 1.27727 0.035646 0.0160071 0.0196389 0.00583574 0.00411574
internal_count=40000 1793 1164 629 60 46 42 1155 569 549 525 38207 38155 38061 38019 37981 1060 476 584 95 67
is_linear=0
shrinkage=0.05


Tree=123
num_leaves=22
num_cat=0
split_feature=1 3 7 7 4 3 3 1 0 4 3 3 4 4 0 0 0 0 0 0 0
split_gain=4.968 8.5123e-12 7.48912e-12 4.7693e-12 6.03934e-12 1.86718e-12 1.53266e-12 9.45896e-13 4.78201e-13 2.01172e-13 1.62925e-13 4.51791e-14 2.4176e-14 1.9873e-14 1.42109e-14 2.22045e-16 2.22045e-16 2.22045e-16 6.93889e-18 1.73472e-18 3.46945e-18
threshold=0.14640000000000003 3.5000000000000004 3.2950000000000004 2.5950000000000002 8.5050000000000008 1.5000000000000002 1.0000000180025095e-35 0.080450000000000008 14250.000000000002 8.1350000000000033 1.0000000180025095e-35 2.5000000000000004 13.945000000000002 9.3750000000000018 38500.000000000007 9650.0000000000018 8850.0000000000018 7950.0000000000009 5550.0000000000009 12950.000000000002 11350.000000000002
decision_type=2 2 2 2 2 2 2 2 2 2 2 2 2 2 2 2 2 2 2 2 2
left_child=3 -2 -3 9 6 -6 19 8 -8 15 18 13 -13 -12 -4 16 17 -1 -11 20 -5
right_child=1 2 14 4 5 -7 7 -9 -10 10 11 12 -14 -15 -16 -17 -18 -19 -20 -21 -22
leaf_value=-0.050001597875166864 0.050076422852071915 0.050076415431678178 0.050076319083791371 -0.05000159805864323 -0.050003303454733139 -0.050005791858934057 -0.05000210188461756 -0.050003584087557465 -0.050003048538685785 -0.050001597847397099 -0.05000175566912516 -0.050001913599122441 -0.050001661695064287 -0.050001690086036492 0.050076319672498815 -0.050001597872388795 -0.050001597858947061 -0.050001597858364978 -0.050001597847374873 -0.050001597847372105 -0.050001597847382562
leaf_weight=1.1176002919019066 2.2013489454984656 2.1010586842894545 43.768005415797234 0.012059866930940077 0.0020021546697535078 0.0012090983800590038 0.018288943356310483 0.0012597614804690229 0.001439003124687587 0.041009947599377372 0.017181396251544356 0.0044745676714228457 0.0012100359926989768 0.035242793786892435 11.891292855143545 0.0013115300389473497 0.0020472836440604816 0.0045104234632163944 0.0021432655921671531 0.0019193423213437208 0.0013435396067507108
leaf_count=34937 22 21 438 377 52 22 519 25 33 1282 509 125 37 1067 119 41 64 141 67 60 42
internal_value=0.0480066 0.0500763 0.0500763 -0.0500016 -0.0500022 -0.0500042 -0.050002 -0.0500023 -0.0500022 -0.0500016 -0.0500017 -0.0500017 -0.0500019 -0.0500017 0.0500763 -0.0500016 -0.0500016 -0.0500016 -0.0500016 -0.0500016 -0.0500016
internal_weight=61.228 59.9617 57.7604 1.26625 0.0395217 0.00321125 0.0363105 0.0209877 0.0197279 1.22673 0.101262 0.0581088 0.0056846 0.0524242 55.6593 1.12547 1.12416 1.12211 0.0431532 0.0153227 0.0134034
internal_count=40000 600 578 39400 1130 74 1056 577 552 38270 3087 1738 162 1576 557 35183 35142 35078 1349 479 419
is_linear=0
shrinkage=0.05


Tree=124
num_leaves=20
num_cat=0
split_feature=1 2 7 7 4 2 0 0 4 4 0 2 2 2 0 0 0 0 0
split_gain=4.72536 6.60161e-12 3.07202e-11 6.31672e-12 2.87192e-12 7.4607e-13 9.9476e-13 6.8745e-13 5.40012e-13 8.88178e-15 7.10543e-15 7.10543e-15 3.55271e-15 8.88178e-16 2.22045e-16 2.22045e-16 2.22045e-16 8.67362e-19 8.67362e-19
threshold=0.14640000000000003 1.0000000180025095e-35 2.5950000000000002 3.2350000000000008 8.1350000000000033 2.5000000000000004 18050.000000000004 15300.000000000002 41.415000000000006 324.17000000000002 13300.000000000002 6.5000000000000009 3.5000000000000004 7.5000000000000009 15650.000000000002 13050.000000000002 10650.000000000002 3250.0000000000005 12150.000000000002
decision_type=2 2 2 2 2 2 2 2 2 2 2 2 2 2 2 2 2 2 2
left_child=1 14 4 -2 -3 6 7 -5 -8 -10 -7 12 -12 -13 15 16 -1 -6 -18
right_child=3 2 -4 5 17 10 8 -9 9 -11 11 13 -14 -15 -16 -17 18 -19 -20
leaf_value=-0.05000152136083779 0.050072686691958981 -0.050001521449050339 -0.050006129637723107 0.050072605382354946 -0.050002779551468139 0.050072592394406715 0.050072614399602436 0.050072645704723341 0.050072591666666826 0.05007258882919962 0.050072589534786049 0.050072591208159101 0.050072589447994691 0.050072592222888027 -0.050001521441963404 -0.050001521421985752 -0.050001521400855599 -0.050002778665240034 -0.050001521377834646
leaf_weight=1.1541698776145477 1.903659239411353 0.032253920086077303 0.0043662480311468235 2.3769746199250248 0.0040576553365099235 2.281476452946662 3.0428457632660857 1.9026461914181707 7.224644370377062 3.8974226713180542 9.7912126034498232 1.9012007191777223 20.628073044121265 2.0913228616118431 0.0013084310776322319 0.0019474286964397116 0.0039861359309726332 0.0012227778315718751 0.0011867123612319119
leaf_count=37930 20 1060 38 25 73 24 32 20 76 41 103 20 217 22 43 64 131 22 39
internal_value=0.0480031 -0.0500015 -0.0500022 0.0500726 -0.0500017 0.0500726 0.0500726 0.0500726 0.0500726 0.0500726 0.0500726 0.0500726 0.0500726 0.0500726 -0.0500015 -0.0500015 -0.0500015 -0.0500028 -0.0500015
internal_weight=58.246 1.2045 0.0419006 57.0415 0.0375344 55.1378 18.4445 4.27962 14.1649 11.1221 36.6933 34.4118 30.4193 3.99252 1.1626 1.16129 1.15934 0.00528043 0.00517285
internal_count=40000 39400 1193 600 1155 580 194 45 149 117 386 362 320 42 38207 38164 38100 95 170
is_linear=0
shrinkage=0.05


Tree=125
num_leaves=26
num_cat=0
split_feature=1 3 7 7 4 3 3 3 7 4 3 4 3 3 4 0 4 7 3 7 0 0 0 0 0
split_gain=4.49459 6.37357e-12 5.40723e-12 3.50897e-12 4.47527e-12 1.38172e-12 1.13067e-12 4.19019e-13 3.01202e-13 2.94115e-13 1.66294e-13 1.43219e-13 1.15977e-13 3.16205e-14 1.73837e-14 1.42109e-14 1.25872e-14 7.10543e-15 3.55271e-15 8.88178e-16 2.22045e-16 2.22045e-16 2.22045e-16 6.93889e-18 3.46945e-18
threshold=0.14640000000000003 3.5000000000000004 3.2950000000000004 2.5950000000000002 8.5050000000000008 1.5000000000000002 1.5000000000000002 1.0000000180025095e-35 3.0350000000000006 5.8150000000000004 2.5000000000000004 8.1350000000000033 1.0000000180025095e-35 2.5000000000000004 13.945000000000002 37500.000000000007 9.3750000000000018 5.2350000000000012 16.500000000000004 4.6450000000000005 9750.0000000000018 9050.0000000000018 8050.0000000000009 6150.0000000000009 14050.000000000002
decision_type=2 2 2 2 2 2 2 2 2 2 2 2 2 2 2 2 2 2 2 2 2 2 2 2 2
left_child=3 -2 -3 11 6 -6 7 24 -9 10 -8 20 23 16 -15 17 -14 19 -17 -4 21 22 -1 -13 -5
right_child=1 2 15 4 5 -7 9 8 -10 -11 -12 12 13 14 -16 18 -18 -19 -20 -21 -22 -23 -24 -25 -26
leaf_value=-0.050001448502858814 0.05006914004216384 0.0500691317364792 0.050069047267269663 -0.050001448532051233 -0.050002990638573275 -0.05000524098873186 -0.050002077337727546 -0.050001526322951677 -0.050002049956652431 -0.050003132319112666 -0.050002702558569916 -0.050001448531991767 -0.050001586418608128 -0.050001727823278344 -0.050001503268558845 0.050069044699830027 -0.050001531533663206 0.050069045869174239 0.050069047165704976 0.050069045883429864 -0.050001448387236559 -0.050001448466252402 -0.050001448454755876 -0.050001448531956996 -0.050001448531952743
leaf_weight=1.0120020814847503 1.9921454563736904 1.9013861045241345 3.1651167944073668 0.012620003573829197 0.0018116367809852809 0.0010940510637738043 0.0048792565212352193 0.004382169499876909 0.0073565923357818974 0.00101256631569413 0.0013599553512904095 0.037657397591828956 0.015546421007456956 0.0040487707483407567 0.0010948892013402656 8.5908821225166303 0.031889099118416198 34.001801043748856 2.6224800273776046 1.9894667863845823 0.0010709450616560581 0.0012446270939109319 0.0040522597810196395 0.0013893582508899263 0.0012446334330888939
leaf_count=34963 22 21 35 436 52 22 147 149 223 23 35 1301 509 125 37 95 1067 376 29 22 37 43 140 48 43
internal_value=0.0479998 0.0500691 0.050069 -0.0500015 -0.050002 -0.0500038 -0.0500018 -0.0500016 -0.0500019 -0.0500023 -0.0500022 -0.0500015 -0.0500015 -0.0500016 -0.0500017 0.050069 -0.0500015 0.050069 0.050069 0.050069 -0.0500014 -0.0500014 -0.0500014 -0.0500014 -0.0500014
internal_weight=55.409 54.2633 52.2711 1.14576 0.0357609 0.00290569 0.0328552 0.0256034 0.0117388 0.00725178 0.00623921 1.11 0.0916259 0.0525792 0.00514366 50.3697 0.0474355 39.1564 11.2134 5.15458 1.01837 1.0173 1.01605 0.0390468 0.0138646
internal_count=40000 600 578 39400 1130 74 1056 851 372 205 182 38270 3087 1738 162 557 1576 433 124 57 35183 35146 35103 1349 479
is_linear=0
shrinkage=0.05


Tree=126
num_leaves=16
num_cat=0
split_feature=1 3 7 2 7 4 7 2 7 7 1 1 4 1 4
split_gain=4.2751 5.61329e-12 4.88853e-12 4.88365e-12 2.27428e-11 2.12364e-12 1.42109e-14 7.10543e-15 3.55271e-15 3.55271e-15 2.22045e-16 2.22045e-16 2.22045e-16 1.73472e-18 8.67362e-19
threshold=0.14640000000000003 3.5000000000000004 3.2950000000000004 1.0000000180025095e-35 2.5950000000000002 8.1350000000000033 12.010000000000002 6.5000000000000009 4.4850000000000012 9.2200000000000024 0.088850000000000026 0.087550000000000003 15.900000000000002 0.046250000000000006 19.815000000000001
decision_type=2 2 2 2 2 2 2 2 2 2 2 2 2 2 2
left_child=3 -2 -3 10 5 -5 8 -8 -4 -10 11 12 -1 -7 -14
right_child=1 2 6 4 -6 13 7 -9 9 -11 -12 -13 14 -15 -16
leaf_value=-0.050001377250937409 0.050065763509670791 0.050065756628734838 0.050065675587520342 -0.050001377223075752 -0.050005545364567819 -0.050002514036010685 0.050065671839695826 0.050065674984637744 0.050065673143622647 0.050065672837476149 -0.050001377220275547 -0.050001377329314825 -0.050001377353674298 -0.050002514823112534 -0.050001377390283555
leaf_weight=1.0326923120792326 1.8951119706034649 1.808773286640643 2.236719727516177 0.029184635928686364 0.0039508017289335831 0.0028164990362711242 15.828721784055235 2.5807660073041907 16.172817282378677 11.097306095063685 0.0058095330696233951 0.0057819995308819863 0.0051762514194707556 0.0019614641641965136 0.0025055190508282976
leaf_count=37507 22 21 26 1060 38 56 184 30 188 129 211 210 188 39 91
internal_value=0.0479966 0.0500657 0.0500657 -0.0500014 -0.050002 -0.0500015 0.0500657 0.0500657 0.0500657 0.0500657 -0.0500014 -0.0500014 -0.0500014 -0.0500025 -0.0500014
internal_weight=52.7101 51.6202 49.7251 1.08988 0.0379134 0.0339626 47.9163 18.4095 29.5068 27.2701 1.05197 1.04616 1.04037 0.00477796 0.00768177
internal_count=40000 600 578 39400 1193 1155 557 214 343 317 38207 37996 37786 95 279
is_linear=0
shrinkage=0.05


Tree=127
num_leaves=20
num_cat=0
split_feature=1 3 2 7 7 7 0 2 2 1 7 0 0 0 7 1 0 1 0
split_gain=4.06635 4.55458e-12 4.21352e-12 1.95883e-11 3.97193e-12 1.8173e-14 1.73507e-14 1.42109e-14 1.42109e-14 1.03546e-14 9.17972e-15 7.15747e-15 7.10543e-15 5.67948e-15 5.32907e-15 2.79334e-15 2.22045e-16 1.11022e-16 4.33681e-19
threshold=0.14640000000000003 3.5000000000000004 1.0000000180025095e-35 2.5950000000000002 3.2950000000000004 0.7350000000000001 2350.0000000000005 2.5000000000000004 6.5000000000000009 0.015250000000000001 0.64500000000000013 2550.0000000000005 14950.000000000002 1050.0000000000002 5.7150000000000007 0.0047500000000000007 13050.000000000002 0.041350000000000005 15300.000000000002
decision_type=2 2 2 2 2 2 2 2 2 2 2 2 2 2 2 2 2 2 2
left_child=2 -2 16 5 -3 6 13 14 12 15 -8 -11 -9 -4 -6 -7 17 -1 -18
right_child=1 4 3 -5 7 9 10 8 -10 11 -12 -13 -14 -15 -16 -17 18 -19 -20
leaf_value=-0.050001309189545373 0.050062551973904079 0.050062545499962231 -0.050001426685656394 -0.050005275842649403 0.050062467875175598 -0.050001409261282381 -0.050001728847298733 0.050062467199065964 0.050062465847880433 -0.050001369414347713 -0.050001528690584655 -0.05000146305961925 0.050062469448088669 -0.050001496879725174 0.050062466366164404 -0.050001309184344513 -0.050001309189030264 -0.050001309185056145 -0.050001309259827646
leaf_weight=0.56629189476552599 1.8027989864349354 1.7206659391522396 0.0039662578201385976 0.0037581386641249983 2.3732403218746176 0.0010385290806880229 0.0011114806711702832 2.8642606511712136 3.5189127996563903 0.0025792212782107535 0.0011820469371741638 0.0097680598992155865 25.205255374312401 0.010539259656070499 11.620600029826162 0.0021214154694462195 0.0015452230109076473 0.43156773425835127 0.0012571320658025797
leaf_count=21622 22 21 144 38 29 38 35 35 43 96 41 349 308 371 142 81 59 16478 48
internal_value=0.0479936 0.0500625 -0.0500013 -0.0500019 0.0500625 -0.0500015 -0.0500015 0.0500625 0.0500625 -0.0500014 -0.0500016 -0.0500014 0.0500625 -0.0500015 0.0500625 -0.0500013 -0.0500013 -0.0500013 -0.0500013
internal_weight=50.1425 49.1057 1.03673 0.0360644 47.3029 0.0323063 0.016799 45.5823 31.5884 0.0155072 0.00229353 0.0123473 28.0695 0.0145055 13.9938 0.00315994 1.00066 0.99786 0.00280236
internal_count=40000 600 39400 1193 578 1155 591 557 386 564 76 445 343 515 171 119 38207 38100 107
is_linear=0
shrinkage=0.05


Tree=128
num_leaves=16
num_cat=0
split_feature=1 3 2 7 7 4 2 0 0 1 1 0 7 1 3
split_gain=3.8678 3.76588e-12 3.62899e-12 1.68665e-11 3.4035e-12 1.5776e-12 1.42109e-14 1.11022e-16 1.11022e-16 1.11022e-16 1.38778e-17 6.93889e-18 1.73472e-18 8.67362e-19 1.30104e-18
threshold=0.14640000000000003 3.5000000000000004 1.0000000180025095e-35 2.5950000000000002 3.2950000000000004 8.1350000000000033 7.5000000000000009 15300.000000000002 8250.0000000000018 0.0059500000000000013 0.0044500000000000008 1150.0000000000002 0.22500000000000003 0.05655000000000001 1.5000000000000002
decision_type=2 2 2 2 2 2 2 2 2 2 2 2 2 2 2
left_child=2 -2 7 5 -3 11 -6 8 9 10 -1 12 -4 14 -7
right_child=1 4 3 -5 6 13 -8 -9 -10 -11 -12 -13 -14 -15 -16
leaf_value=-0.05000124669666544 0.050059496165830886 0.050059491472831244 -0.050001245339017814 -0.050005019066853201 0.050059418133068634 -0.050002276724360799 0.050059414724096835 -0.050001245797176123 -0.050001245333033177 -0.050001244966609459 -0.050001244928908832 -0.050001245166770104 -0.050001247588636534 -0.050002275074798687 -0.050002275213621827
leaf_weight=0.056627814281454358 1.7149774655699719 1.6368453949689854 0.0012207281088194568 0.003574869981093797 41.649101167917252 0.0017293277051066971 1.7126696482300747 0.0011958224822592447 0.018759501221211394 0.8550475943920901 0.020229559142535436 0.022321707945593516 0.002864978105208138 0.0010011708109232131 0.0015928053981042467
leaf_count=2273 22 21 49 38 535 38 22 48 753 34321 812 896 115 22 35
internal_value=0.0479907 0.0500594 -0.0500013 -0.0500018 0.0500594 -0.0500014 0.0500594 -0.0500012 -0.0500012 -0.0500012 -0.0500012 -0.0500012 -0.0500012 -0.0500023 -0.0500023
internal_weight=47.6998 46.7136 0.986166 0.0343056 44.9986 0.0307307 43.3618 0.95186 0.950664 0.931905 0.0768574 0.0264074 0.00408571 0.0043233 0.00332213
internal_count=40000 600 39400 1193 578 1155 557 38207 38159 37406 3085 1060 164 95 73
is_linear=0
shrinkage=0.05


Tree=129
num_leaves=23
num_cat=0
split_feature=1 2 7 7 4 1 4 7 2 0 0 2 0 0 0 1 0 1 4 0 0 0
split_gain=3.67896 3.12861e-12 1.45149e-11 2.77112e-12 1.35814e-12 2.41585e-13 1.16618e-12 1.06581e-13 4.26326e-14 6.75016e-14 3.55271e-15 8.88178e-16 7.77156e-16 1.11022e-16 1.11022e-16 1.11022e-16 5.55112e-17 5.55112e-17 2.77556e-17 6.93889e-18 6.93889e-18 6.93889e-18
threshold=0.14640000000000003 1.0000000180025095e-35 2.5950000000000002 3.2350000000000008 8.1350000000000033 0.91310000000000013 58.635000000000005 4.2700000000000005 1.5000000000000002 24250.000000000004 33750.000000000007 2.5000000000000004 2650.0000000000005 2450.0000000000005 1850.0000000000002 0.01685 1350.0000000000002 0.0081500000000000027 7.495000000000001 5250.0000000000009 8250.0000000000018 7650.0000000000009
decision_type=2 2 2 2 2 2 2 2 2 2 2 2 2 2 2 2 2 2 2 2 2 2
left_child=1 12 4 -2 19 7 -7 -5 9 -9 -10 -8 13 14 16 17 -1 20 -16 -3 -14 -19
right_child=3 2 -4 5 -6 6 11 8 10 -11 -12 -13 15 -15 18 -17 -18 21 -20 -21 -22 -23
leaf_value=-0.05000118220538096 0.050056588119679502 -0.050001184271838861 -0.050004773664146684 0.050056530030173546 -0.050002164539563104 0.050056560381349084 0.050056514601244731 0.050056528019475834 0.05005651563950976 0.050056513739347268 0.050056515818500229 0.050056515653589533 -0.050001183056604052 -0.050001185503042528 -0.050001182048389728 -0.05000118555361735 -0.050001182210356016 -0.050001185693125075 -0.050001183773333652 -0.050001185246829387 -0.050001183565449539 -0.050001183775076855
leaf_weight=0.19840172723524929 1.4830360636115063 0.023413421617078711 0.0034005377601715727 1.4815088734030712 0.0041124627823592155 1.9269750863313664 2.5919607803225517 1.7777302190661424 18.810258686542515 1.5551645904779432 11.923030406236647 2.8881921097636223 0.03945757367364422 0.043841751568834297 0.13948792394876364 0.27442544731638918 0.15126590753061464 0.038391146799767739 0.014408493800146971 0.0017061175949493182 0.0021091271792101898 0.0036495030326477709
leaf_count=8372 20 988 38 20 95 26 35 24 254 21 161 39 1665 1850 5886 11580 6383 1620 608 72 89 154
internal_value=0.047988 -0.0500012 -0.0500017 0.0500565 -0.0500013 0.0500565 0.0500565 0.0500565 0.0500565 0.0500565 0.0500565 0.0500565 -0.0500012 -0.0500012 -0.0500012 -0.0500012 -0.0500012 -0.0500012 -0.0500012 -0.0500012 -0.0500012 -0.0500012
internal_weight=45.3759 0.938071 0.0326325 44.4379 0.029232 42.9548 7.40713 35.5477 34.0662 3.33289 30.7333 5.48015 0.905439 0.547406 0.503564 0.358033 0.349668 0.0836074 0.153896 0.0251195 0.0415667 0.0420406
internal_count=40000 39400 1193 600 1155 580 100 480 460 45 415 74 38207 23099 21249 15108 14755 3528 6494 1060 1754 1774
is_linear=0
shrinkage=0.05


Tree=130
num_leaves=18
num_cat=0
split_feature=2 4 0 7 4 6 7 7 3 2 0 0 4 4 0 0 0
split_gain=3.37513 0.00464892 0.101065 6.86272e-05 0.000274524 0.000647108 2.15875e-07 6.67981e-12 3.30402e-12 7.10543e-15 9.99201e-16 1.11022e-16 1.11022e-16 5.55112e-17 3.46945e-18 3.46945e-18 8.67362e-19
threshold=1.0000000180025095e-35 8.0350000000000019 21550.000000000004 3.0850000000000004 324.17000000000002 2.5000000000000004 3.9550000000000005 2.5950000000000002 3.5000000000000004 6.5000000000000009 2450.0000000000005 11950.000000000002 10.145000000000001 1.8350000000000002 1050.0000000000002 1950.0000000000002 13300.000000000002
decision_type=2 2 2 2 2 2 2 2 2 2 2 2 2 2 2 2 2
left_child=10 2 7 4 5 -3 -5 14 -8 -10 12 -12 13 -1 -2 -14 -13
right_child=1 3 -4 6 -6 -7 8 -9 9 -11 11 16 15 -15 -16 -17 -18
leaf_value=-0.050001129681733959 -0.050001125664094072 0.044329563377873145 0.050053754793085506 0.050034304650504596 0.050053752017573609 0.050054132309699476 0.050053832827028445 -0.050003829936958157 0.050053756931604687 0.050053754273935547 -0.05000112593253795 -0.05000112784233525 -0.050001126861339777 -0.050001129522872612 -0.050001126919075073 -0.050001126457637594 -0.050001127486694621
leaf_weight=0.2075488069694974 0.0030431918476087052 0.075709996173826566 0.56358096748590469 1.4797352394962207 0.84530074894428253 0.14187568426132202 1.4815053716301907 0.0025270595506299278 35.083198346197605 2.6065810844302169 0.37871366744002444 0.0014201551221049149 0.016298181162710534 0.25076270144745649 0.020851279905400588 0.004395773741634911 0.0021415121755126165
leaf_count=9207 135 99 8 23 12 2 21 33 498 37 16800 63 723 11124 925 195 95
internal_value=0.0479854 0.0499803 0.0455731 0.0500427 0.0496461 0.0480622 0.0500531 -0.0500014 0.0500538 0.0500538 -0.0500011 -0.0500011 -0.0500011 -0.0500011 -0.0500011 -0.0500011 -0.0500011
internal_weight=43.1652 42.3039 0.590002 41.7139 1.06289 0.217586 40.651 0.0264215 39.1713 37.6898 0.861281 0.382275 0.479005 0.458312 0.0238945 0.020694 0.00356167
internal_count=40000 1793 1101 692 113 101 579 1093 556 535 38207 16958 21249 20331 1060 918 158
is_linear=0
shrinkage=0.05


Tree=131
num_leaves=14
num_cat=0
split_feature=1 7 3 2 7 7 0 7 1 0 0 1 0
split_gain=3.33018 3.41771e-12 3.01981e-12 3.00893e-12 1.22261e-11 1.71738e-14 1.59126e-14 1.42109e-14 9.86017e-15 7.28931e-15 5.20244e-15 2.1207e-15 1.11022e-16
threshold=0.14640000000000003 3.2350000000000008 3.5000000000000004 1.0000000180025095e-35 2.5950000000000002 0.7350000000000001 2350.0000000000005 4.2700000000000005 0.015250000000000001 2550.0000000000005 1050.0000000000002 0.0059500000000000013 14550.000000000002
decision_type=2 2 2 2 2 2 2 2 2 2 2 2 2
left_child=3 -2 -3 12 5 6 10 -4 11 -10 -5 -7 -1
right_child=1 2 7 4 -6 8 -8 -9 9 -11 -12 -13 -14
leaf_value=-0.050001073022926237 0.050051214721325982 0.050051205560441139 0.050051133742599854 -0.050001200537383252 -0.050004532357825572 -0.050001165139139547 -0.050001408796899599 0.050051130780359325 -0.050001135089865735 -0.05000123915114188 -0.050001274325445058 -0.050001072404903736 -0.050001073095192819
leaf_weight=0.81788271860204886 1.3424429222941388 1.4093236252665509 1.4073980674147595 0.0032821849617903362 0.0031452547336812122 0.001008130546324538 0.0019320348765177195 36.054503940045834 0.0021233216702967192 0.0081098095452034613 0.0087760953010729281 0.0015867742968111997 0.0013937850035290458
leaf_count=38142 20 21 21 144 38 45 76 538 96 349 371 74 65
internal_value=0.0479819 0.0500511 0.0500511 -0.0500011 -0.0500016 -0.0500012 -0.0500013 0.0500511 -0.0500012 -0.0500012 -0.0500013 -0.0500011 -0.0500011
internal_weight=41.0629 40.2137 38.8712 0.84924 0.0299636 0.0268184 0.0139903 37.4619 0.012828 0.0102331 0.0120583 0.0025949 0.819277
internal_count=40000 600 580 39400 1193 1155 591 559 564 445 515 119 38207
is_linear=0
shrinkage=0.05


Tree=132
num_leaves=12
num_cat=0
split_feature=1 7 2 7 3 7 0 1 7 0 1
split_gain=3.16761 2.67875e-12 2.58704e-12 1.05284e-11 2.4869e-12 1.42872e-14 1.38466e-14 8.72392e-15 5.92582e-15 4.3212e-15 1.52395e-15
threshold=0.14640000000000003 3.2350000000000008 1.0000000180025095e-35 2.5950000000000002 3.5000000000000004 0.7350000000000001 2350.0000000000005 0.015250000000000001 1.7350000000000001 1050.0000000000002 0.0062500000000000012
decision_type=2 2 2 2 2 2 2 2 2 2 2
left_child=2 -2 -1 5 -3 6 9 10 -9 -4 -7
right_child=1 4 3 -5 -6 7 -8 8 -10 -11 -12
leaf_value=-0.050001020955275179 0.050048711926955092 0.050048705199989788 -0.050001142070200982 -0.050004312016580121 0.050048635792560775 -0.050001099815382546 -0.050001340083826298 -0.050001173700899383 -0.050001055210497906 -0.050001211037688537 -0.050001020268233359
leaf_weight=0.77932073245756228 1.2770334482192982 1.3406553789973248 0.003122114494544804 0.0029918717045802614 35.636594869196415 0.0010405538523627919 0.0018378108925389833 0.0085305841366789537 0.0012034825322189144 0.0083480904031603131 0.001427798657459789
leaf_count=38207 20 21 144 38 559 49 76 387 58 371 70
internal_value=0.0479796 0.0500486 -0.050001 -0.0500015 0.0500486 -0.0500012 -0.0500012 -0.0500011 -0.0500012 -0.0500012 -0.0500011
internal_weight=39.0621 38.2543 0.807823 0.0285023 36.9773 0.0255104 0.013308 0.0122024 0.00973407 0.0114702 0.00246835
internal_count=40000 600 39400 1193 580 1155 591 564 445 515 119
is_linear=0
shrinkage=0.05


Tree=133
num_leaves=14
num_cat=0
split_feature=1 7 2 7 3 7 0 1 0 7 0 1 0
split_gain=3.01299 2.44427e-12 2.23288e-12 9.0562e-12 2.17426e-12 1.25178e-14 1.19852e-14 7.36043e-15 7.10543e-15 5.04805e-15 3.84935e-15 1.26635e-15 1.11022e-16
threshold=0.14640000000000003 3.2350000000000008 1.0000000180025095e-35 2.5950000000000002 3.5000000000000004 0.7350000000000001 2350.0000000000005 0.015250000000000001 58500.000000000007 1.7350000000000001 1050.0000000000002 0.0065500000000000011 3150.0000000000005
decision_type=2 2 2 2 2 2 2 2 2 2 2 2 2
left_child=2 -2 12 5 -3 6 10 11 -6 -9 -4 -7 -1
right_child=1 4 3 -5 8 7 -8 9 -10 -11 -12 -13 -14
leaf_value=-0.050000970292291516 0.050046336288874352 0.050046328140641486 -0.050001085660629996 -0.050004100633504571 0.050046261726463571 -0.050001044324385457 -0.050001275241020826 -0.05000111571967876 0.050046261603901382 -0.050001003567924834 -0.050001152387682948 -0.050000970322246929 -0.050000970310108653
leaf_weight=0.52299613390277855 1.214808017015456 1.2753298990428437 0.0029698503640247518 0.0028459681052481747 32.080819964408875 0.0010286115666531268 0.0017481819722888767 0.008114551648759516 1.8193257004022587 0.0011447891356510817 0.0079409585214307299 0.0013193603426771006 0.21831741540336225
leaf_count=26955 20 21 144 38 529 51 76 387 30 58 371 68 11252
internal_value=0.0479773 0.0500463 -0.050001 -0.0500014 0.0500463 -0.0500011 -0.0500012 -0.0500011 0.0500463 -0.0500011 -0.0500011 -0.050001 -0.050001
internal_weight=37.1587 36.3903 0.768426 0.0271123 35.1755 0.0242663 0.012659 0.0116073 33.9001 0.00925934 0.0109108 0.00234797 0.741314
internal_count=40000 600 39400 1193 580 1155 591 564 559 445 515 119 38207
is_linear=0
shrinkage=0.05


Tree=134
num_leaves=20
num_cat=0
split_feature=1 7 2 7 3 4 2 0 0 0 0 0 1 1 0 1 7 0 0
split_gain=2.86591 2.13873e-12 1.93201e-12 7.79632e-12 1.86162e-12 1.03082e-12 1.42109e-14 3.55271e-15 1.77636e-15 1.77636e-15 8.88178e-16 1.11022e-16 1.11022e-16 5.55112e-17 1.73472e-17 1.38778e-17 5.20417e-18 3.46945e-18 4.33681e-19
threshold=0.14640000000000003 3.2350000000000008 1.0000000180025095e-35 2.5950000000000002 3.5000000000000004 8.1350000000000033 2.5000000000000004 17900.000000000004 21250.000000000004 15300.000000000002 18050.000000000004 12350.000000000002 0.019850000000000003 0.0059500000000000013 2650.0000000000005 0.0050500000000000015 1.7150000000000001 2450.0000000000005 1450.0000000000002
decision_type=2 2 2 2 2 2 2 2 2 2 2 2 2 2 2 2 2 2 2
left_child=2 -2 11 5 -3 14 8 9 10 -8 -6 12 13 15 17 -1 -16 -4 -7
right_child=1 4 3 -5 6 18 7 -9 -10 -11 -12 -13 -14 -15 16 -17 -18 -19 -20
leaf_value=-0.050000923555862109 0.050044074244054819 0.050044065805837451 -0.050000921547731385 -0.050003900859242958 0.050044003322982283 -0.050001853376229866 0.050044003598440634 0.050044001941042672 0.050044004023377081 0.050044001618882263 0.050044004342840814 -0.050000921943568311 -0.050000921650005282 -0.050000921593148964 -0.050000925293375714 -0.050000921585555295 -0.050000922568963671 -0.050000923497086028 -0.050001852002090723
leaf_weight=0.048927658375759076 1.1556120552122582 1.2131847739219654 0.010796717033372261 0.0027071791555499649 2.3652748763561235 0.0010373888035246628 2.5383491478860405 17.941294558346272 6.1727284155786037 1.7883614078164098 1.4422265551984308 0.0025469382853771086 0.51053820908418857 0.13425113981611503 0.006293477052167872 0.0088959370550583117 0.0014579415928892558 0.0010150721136596994 0.0024822498271532822
leaf_count=2651 20 21 585 38 41 28 44 311 107 31 25 138 27662 7274 341 482 79 55 67
internal_value=0.0479752 0.050044 -0.0500009 -0.0500014 0.050044 -0.0500011 0.050044 0.050044 0.050044 0.050044 0.050044 -0.0500009 -0.0500009 -0.0500009 -0.0500009 -0.0500009 -0.0500009 -0.0500009 -0.0500019
internal_weight=35.348 34.617 0.73095 0.02579 33.4614 0.0230828 32.2482 22.268 9.98023 4.32671 3.8075 0.70516 0.702613 0.192075 0.0195632 0.0578236 0.00775142 0.0118118 0.00351964
internal_count=40000 600 39400 1193 580 1155 559 386 173 75 66 38207 38069 10407 1060 3133 420 640 95
is_linear=0
shrinkage=0.05


Tree=135
num_leaves=17
num_cat=0
split_feature=1 7 2 7 3 4 1 2 3 7 4 3 7 1 1 4
split_gain=2.72603 1.82609e-12 1.665e-12 6.71723e-12 1.62714e-12 8.89257e-13 3.55271e-15 1.77636e-15 8.88178e-16 8.88178e-16 2.22045e-16 1.11022e-16 6.93889e-18 3.46945e-18 3.46945e-18 1.30104e-18
threshold=0.14640000000000003 3.2350000000000008 1.0000000180025095e-35 2.5950000000000002 3.5000000000000004 8.1350000000000033 0.5384500000000001 3.5000000000000004 9.5000000000000018 5.7150000000000007 8.6350000000000033 1.0000000180025095e-35 1.9950000000000003 0.077050000000000021 0.047050000000000008 10.385000000000003
decision_type=2 2 2 2 2 2 2 2 2 2 2 2 2 2 2 2
left_child=2 -2 10 5 -3 13 7 9 -9 -6 -1 12 -12 -4 -13 -7
right_child=1 4 3 -5 6 15 -8 8 -10 -11 11 14 -14 -15 -16 -17
leaf_value=-0.050000875589470056 0.050041922205675743 0.050041914887996079 -0.05000087689813764 -0.05000371107576277 0.050041855809014317 -0.050001762864658954 0.050041854475807848 0.050041854007259759 0.050041854006084352 0.050041854221777038 -0.050000875500236998 -0.050000880464107417 -0.05000087757547772 -0.050000876226699811 -0.050000880555101629 -0.050001760913258614
leaf_weight=0.62477241358828806 1.0992982536554325 1.1540654003620172 0.017309995395407896 0.002575158010586164 1.1524501927196995 0.0018678317428566507 20.798728443682194 1.0975559204816816 4.1158381551504135 3.5121805258095264 0.019241599147790112 0.016660700784996152 0.0012289299265830769 0.0012991198727831934 0.0088658047716307919 0.0014801580109633505
leaf_count=35587 20 21 986 38 21 53 379 20 75 64 1096 949 70 74 505 42
internal_value=0.0479732 0.0500419 -0.0500009 -0.0500013 0.0500419 -0.050001 0.0500419 0.0500419 0.0500419 0.0500419 -0.0500009 -0.0500009 -0.0500009 -0.0500009 -0.0500009 -0.0500018
internal_weight=33.6254 32.9301 0.695302 0.0245323 31.8308 0.0219571 30.6768 9.87802 5.21339 4.66463 0.670769 0.045997 0.0204705 0.0186091 0.0255265 0.00334799
internal_count=40000 600 39400 1193 580 1155 559 180 95 85 38207 2620 1166 1060 1454 95
is_linear=0
shrinkage=0.05


Tree=136
num_leaves=10
num_cat=0
split_feature=1 7 2 7 3 4 4 1 1
split_gain=2.59297 1.57385e-12 1.43019e-12 5.78484e-12 1.36069e-12 7.65204e-13 3.55271e-15 1.30104e-18 4.33681e-19
threshold=0.14640000000000003 3.2350000000000008 1.0000000180025095e-35 2.5950000000000002 3.5000000000000004 8.1350000000000033 107.37500000000001 0.051050000000000005 0.028250000000000001
decision_type=2 2 2 2 2 2 2 2 2
left_child=2 -2 -1 5 -3 -4 -6 8 -7
right_child=1 4 3 -5 6 7 -8 -9 -10
leaf_value=-0.050000833298087591 0.050039876730892476 0.050039869006296117 -0.050000833861539501 -0.050003530565963961 0.050039812309202764 -0.05000167508320557 0.050039812315681532 -0.050001676309975623 -0.050001675920516388
leaf_weight=0.63805614604644034 1.0457265079021478 1.0978247225284601 0.017701552971630008 0.0024495747020409899 19.732932716608051 0.0011733255960280067 9.4488583616912347 0.0010056847204396036 0.0010057013532787096
leaf_count=38207 20 21 1060 38 378 35 181 30 30
internal_value=0.0479713 0.0500398 -0.0500008 -0.0500012 0.0500398 -0.050001 0.0500398 -0.0500017 -0.0500017
internal_weight=31.9867 31.3253 0.661392 0.0233358 30.2796 0.0208863 29.1818 0.00318471 0.00217903
internal_count=40000 600 39400 1193 580 1155 559 95 65
is_linear=0
shrinkage=0.05


Tree=137
num_leaves=13
num_cat=0
split_feature=1 7 2 7 3 7 0 1 0 0 0 0
split_gain=2.46642 1.41398e-12 1.21259e-12 4.97328e-12 1.16529e-12 6.48787e-15 6.85563e-15 4.04711e-15 3.15026e-15 2.158e-15 1.11022e-16 6.93889e-18
threshold=0.14640000000000003 3.2350000000000008 1.0000000180025095e-35 2.5950000000000002 3.5000000000000004 0.7350000000000001 2350.0000000000005 0.015250000000000001 2550.0000000000005 1050.0000000000002 5250.0000000000009 14250.000000000002
decision_type=2 2 2 2 2 2 2 2 2 2 2 2
left_child=2 -2 10 5 -3 6 9 -7 -9 -4 -1 -12
right_child=1 4 3 -5 -6 7 -8 8 -10 -11 11 -13
leaf_value=-0.050000795651298273 0.050037931533806937 0.050037922720978428 -0.050000886484502863 -0.050003357235376966 0.050037868986749147 -0.050000820945208885 -0.050001044526410458 -0.050000839184398488 -0.050000918663564702 -0.050000941692520895 -0.05000079565294592 -0.050000795428932071
leaf_weight=0.55075132501042645 0.99476353451609867 1.0443227738142038 0.0024315172868227819 0.0023301153778447761 27.759629778563976 0.0019223635626985924 0.0014312968305603144 0.0015730041723145405 0.0060079323484387714 0.0065015334603231167 0.055043172211298952 0.0011437445427873163
leaf_count=34670 20 21 144 38 559 119 76 96 349 371 3465 72
internal_value=0.0479694 0.0500379 -0.0500008 -0.0500012 0.0500379 -0.0500009 -0.0500009 -0.0500009 -0.0500009 -0.0500009 -0.0500008 -0.0500008
internal_weight=30.4279 29.7987 0.629136 0.0221978 28.804 0.0198676 0.0103643 0.0095033 0.00758094 0.00893305 0.606938 0.0561869
internal_count=40000 600 39400 1193 580 1155 591 564 445 515 38207 3537
is_linear=0
shrinkage=0.05


Tree=138
num_leaves=24
num_cat=0
split_feature=1 7 3 7 4 3 3 7 4 3 4 1 3 0 0 4 4 1 0 0 1 1 0
split_gain=2.34604 1.22924e-12 1.0516e-12 5.84088e-13 9.90319e-13 1.61138e-13 5.99173e-14 4.31192e-14 3.45279e-14 2.94903e-14 2.90462e-14 5.2491e-14 7.99361e-15 7.10543e-15 3.55271e-15 3.55271e-15 3.16414e-15 3.06309e-15 4.44089e-16 5.55112e-17 2.77556e-17 6.93889e-18 8.67362e-19
threshold=0.14640000000000003 3.2350000000000008 3.5000000000000004 2.5950000000000002 8.5050000000000008 1.5000000000000002 1.0000000180025095e-35 3.0350000000000006 8.1350000000000033 1.0000000180025095e-35 3.7450000000000006 0.038250000000000006 2.5000000000000004 20100.000000000004 12950.000000000002 13.945000000000002 9.3750000000000018 0.034950000000000009 2450.0000000000005 2150.0000000000005 0.086250000000000007 0.018750000000000006 12550.000000000002
decision_type=2 2 2 2 2 2 2 2 2 2 2 2 2 2 2 2 2 2 2 2 2 2 2
left_child=3 -2 -3 8 5 6 22 -8 18 -10 11 -7 16 14 -4 -15 -11 -14 19 -1 -20 -21 -5
right_child=1 2 13 4 -6 10 7 -9 9 12 -12 -13 17 15 -16 -17 -18 -19 20 21 -22 -23 -24
leaf_value=-0.050000757799261955 0.050036079846680515 0.050036072370397068 0.050036022441249377 -0.050000755364314975 -0.050002248196145849 -0.050000847109091362 -0.050000795982960616 -0.050001070185806878 -0.050000755364287774 -0.050000851145164317 -0.050001418058844616 -0.050001311945545468 -0.050000860714593288 0.050036021181336265 0.050036020169600529 0.050036019514749376 -0.050000813244836288 -0.050000966582078532 -0.050000755367639371 -0.050000756655050854 -0.050000755364877331 -0.050000757657185979 -0.050000755364242269
leaf_weight=0.26087269065465335 0.94628247991204517 0.99342636391520756 1.5116910897195364 0.0061954276170581579 0.001565100562402221 0.0010184061984546125 0.0022877251549289213 0.0038405456607506494 0.020384468825795921 0.0082089000979976845 0.0012628175127247232 0.0015046106582303764 0.0013152948595234184 1.5116457156837011 5.3380304165184498 18.045360043644905 0.016762487942287407 0.0014218527576304041 0.2234885195557581 0.011242428515288339 0.0041403558398087617 0.031898875085062173 0.0010426451808598358
leaf_count=17264 20 21 32 410 74 65 149 223 1349 509 62 78 81 32 113 382 1067 81 14790 744 274 2111 69
internal_value=0.0479677 0.050036 0.050036 -0.0500008 -0.050001 -0.0500009 -0.0500009 -0.050001 -0.0500008 -0.0500008 -0.0500012 -0.0500011 -0.0500008 0.050036 0.050036 0.050036 -0.0500008 -0.0500009 -0.0500008 -0.0500008 -0.0500008 -0.0500008 -0.0500008
internal_weight=28.9449 28.3464 27.4002 0.598453 0.0187173 0.0171522 0.0133663 0.00612827 0.579736 0.048093 0.00378583 0.00252302 0.0277085 26.4067 6.84972 19.557 0.0249714 0.00273715 0.531643 0.304014 0.227629 0.0431413 0.00723807
internal_count=40000 600 580 39400 1130 1056 851 372 38270 3087 205 143 1738 559 145 414 1576 162 35183 20119 15064 2855 479
is_linear=0
shrinkage=0.05


Tree=139
num_leaves=15
num_cat=0
split_feature=2 7 4 3 0 5 0 4 7 0 0 0 4 0
split_gain=2.15121 0.00299724 0.0689022 1.72599e-05 3.1147e-05 4.85398e-05 9.49448e-05 4.866e-13 2.16716e-13 3.55271e-15 1.11022e-16 3.46945e-18 1.73472e-18 4.33681e-19
threshold=1.0000000180025095e-35 2.5750000000000006 58.635000000000005 3.5000000000000004 23250.000000000004 1.0000000180025095e-35 19200.000000000004 8.1350000000000033 3.5950000000000002 59500.000000000007 13550.000000000002 4050.0000000000005 3.7050000000000005 4950.0000000000009
decision_type=2 2 2 2 2 2 2 2 2 2 2 2 2 2
left_child=10 2 7 4 5 6 -3 11 -5 -10 -1 12 -2 -13
right_child=1 3 -4 8 -6 -7 -8 -9 9 -11 -12 13 -14 -15
leaf_value=-0.050000718179060891 -0.050000718494830988 0.04775168943208008 0.050034332252218421 0.050034287685546588 0.050034287152411698 0.050034352119967984 0.050034260419312165 -0.050001442219403162 0.050034262743682813 0.050034262824207767 -0.050000718310636606 -0.050000719631798807 -0.050000718471984541 -0.050000718664390521
leaf_weight=0.54787325553570809 0.0098890061553927877 0.092397213975348502 0.40525200963020325 0.8993722908198859 0.62956550344824791 0.18021809682250023 0.089869081974029541 0.0027411228566052151 23.412091083824638 1.2582310549914826 0.0013080043700028901 0.0010923943282250556 0.0029322061927814511 0.0013222938296166831
leaf_count=38116 688 40 9 20 14 4 2 95 521 28 91 76 204 92
internal_value=0.047966 0.0499598 0.0457853 0.0500263 0.0498217 0.0494525 0.0488771 -0.0500008 0.0500343 0.0500343 -0.0500007 -0.0500007 -0.0500007 -0.0500007
internal_weight=27.5342 26.985 0.423229 26.5617 0.99205 0.362484 0.182266 0.017977 25.5697 24.6703 0.549181 0.0152359 0.0128212 0.00241469
internal_count=40000 1793 1164 629 60 46 42 1155 569 549 38207 1060 892 168
is_linear=0
shrinkage=0.05


Tree=140
num_leaves=14
num_cat=0
split_feature=1 2 0 3 0 4 4 0 1 0 2 0 0
split_gain=2.12344 1.08602e-12 3.12419e-12 8.88178e-13 8.10019e-13 5.88966e-13 2.83139e-13 5.06348e-14 3.73221e-14 3.55271e-15 2.66454e-15 1.11022e-16 1.73472e-18
threshold=0.14640000000000003 1.0000000180025095e-35 6850.0000000000009 3.5000000000000004 10450.000000000002 8.1350000000000033 3.7450000000000006 5050.0000000000009 0.049550000000000004 38500.000000000007 6.5000000000000009 12150.000000000002 4150.0000000000009
decision_type=2 2 2 2 2 2 2 2 2 2 2 2 2
left_child=1 11 5 -2 -5 7 -4 12 -7 -6 -11 -1 -3
right_child=3 2 6 4 9 8 -8 -9 -10 10 -12 -13 -14
leaf_value=-0.050000681856078394 0.050032641291080759 -0.050000684179541011 -0.050002321039504839 0.050032635262093741 0.050032590048978282 -0.050001372606267663 -0.050003465010299654 -0.050001040011001141 -0.050001757618647669 0.050032589155501697 0.050032592370835655 -0.050000682847336844 -0.050000683049992695
leaf_weight=0.52040153295274905 0.94188824295997875 0.012332648947449343 0.0011747211156034601 1.0272974818944955 18.594794586300853 0.0016742683001211836 0.0010024754010373726 0.0010799260353451254 0.0010086300717375707 4.231914844363927 0.85493136569857586 0.0019962077331001629 0.0010391181067461739
leaf_count=38061 22 902 31 24 435 61 21 68 34 99 20 146 76
internal_value=0.0479637 -0.0500007 -0.0500011 0.0500326 0.0500326 -0.0500008 -0.0500028 -0.0500007 -0.0500015 0.0500326 0.0500326 -0.0500007 -0.0500007
internal_weight=26.1925 0.54171 0.0193118 25.6508 24.7089 0.0171346 0.0021772 0.0144517 0.0026829 23.6816 5.08685 0.522398 0.0133718
internal_count=40000 39400 1193 600 578 1141 52 1046 95 554 119 38207 978
is_linear=0
shrinkage=0.05


Tree=141
num_leaves=16
num_cat=0
split_feature=1 2 7 3 7 2 7 0 1 0 0 0 0 0 1
split_gain=2.01981 9.24039e-13 3.87834e-12 7.49623e-13 7.63833e-13 1.06581e-14 3.78517e-15 3.59435e-15 2.21437e-15 1.77636e-15 1.77636e-15 1.50834e-15 1.16573e-15 8.88178e-16 5.55112e-17
threshold=0.14640000000000003 1.0000000180025095e-35 2.5950000000000002 3.5000000000000004 3.2950000000000004 2.5000000000000004 0.7350000000000001 2350.0000000000005 0.015250000000000001 20600.000000000004 14950.000000000002 2550.0000000000005 1050.0000000000002 19750.000000000004 0.055450000000000006
decision_type=2 2 2 2 2 2 2 2 2 2 2 2 2 2 2
left_child=1 14 6 -2 -5 13 7 12 -8 10 -7 -10 -3 -6 -1
right_child=3 2 -4 4 5 9 8 -9 11 -11 -12 -13 -14 -15 -16
leaf_value=-0.050000650337035768 0.050031049296457734 -0.050000727636183268 -0.050003031659927713 0.050031048817778145 0.050030999684423663 0.050030999536113931 -0.050000672021741514 -0.050000854583352898 -0.050000690240132387 0.050031001625034294 0.050031001780250328 -0.050000751028670035 -0.050000772477614822 0.05003099908997042 -0.050000650336381951
leaf_weight=0.36888930025361588 0.89597961306572216 0.0019907643336409819 0.0021036524049122809 0.85522364079952495 2.0738301351666477 1.4638927541673177 0.0015739026703158734 0.0011718512450897833 0.0012878707420895807 11.914283853024243 2.3177965953946114 0.0049188947796210414 0.0053230234343573102 4.8795705363154411 0.12803110396271222
leaf_count=28363 22 144 38 21 51 36 119 76 96 293 57 349 371 120 9844
internal_value=0.0479622 -0.0500007 -0.050001 0.050031 0.050031 0.050031 -0.0500008 -0.0500008 -0.0500007 0.050031 0.050031 -0.0500007 -0.0500008 0.050031 -0.0500007
internal_weight=24.9159 0.51529 0.01837 24.4006 23.5046 22.6494 0.0162663 0.00848564 0.00778067 15.696 3.78169 0.00620677 0.00731379 6.9534 0.49692
internal_count=40000 39400 1193 600 578 557 1155 591 564 386 93 445 515 171 38207
is_linear=0
shrinkage=0.05


Tree=142
num_leaves=19
num_cat=0
split_feature=1 3 7 7 4 3 3 7 4 4 3 3 0 0 4 1 0 1
split_gain=1.92125 6.99885e-13 6.75016e-13 5.05374e-13 7.89461e-13 1.38015e-13 4.9882e-14 3.73234e-14 2.33693e-14 2.04281e-14 1.6355e-14 4.42008e-15 3.55271e-15 1.77636e-15 1.75207e-15 1.68572e-15 1.33227e-15 5.55112e-17
threshold=0.14640000000000003 3.5000000000000004 3.2950000000000004 2.5950000000000002 8.5050000000000008 1.0000000180025095e-35 1.5000000000000002 3.0350000000000006 3.7450000000000006 8.1350000000000033 1.0000000180025095e-35 2.5000000000000004 18550.000000000004 16050.000000000002 9.3750000000000018 0.034950000000000009 14950.000000000002 0.026250000000000006
decision_type=2 2 2 2 2 2 2 2 2 2 2 2 2 2 2 2 2 2
left_child=3 -2 -3 9 5 -5 7 -7 -8 17 -11 14 13 16 -12 -13 -4 -1
right_child=1 2 12 4 -6 6 8 -9 -10 10 11 15 -14 -15 -16 -17 -18 -19
leaf_value=-0.050000617526079205 0.050029533697231524 0.050029532138403325 0.050029487545183299 -0.050000617518168013 -0.050002077691267813 -0.05000065949019307 -0.050000992328384945 -0.050000940302744969 -0.050001278972576904 -0.050000617518148917 -0.050000696319870669 -0.050000704327400308 0.050029485809451303 0.050029484814605021 -0.050000665182111617 -0.050000791117168625 0.05002948540774254 -0.050000617521758606
leaf_weight=0.15708349971191893 0.85230732709169643 0.81353792920708912 2.088812392205003 0.0059260488542349785 0.0013253324141260245 0.0018773517795125372 0.0021088344756208244 0.003200487273716135 0.0010727502740337513 0.016689436789420142 0.0067208995242253869 0.0010768756919787839 16.864943899214268 1.3538359887897966 0.013724004164032522 0.0011641186938504688 1.2377938143908975 0.27819004534740088
leaf_count=12697 22 21 54 479 74 149 143 223 62 1349 509 81 436 35 1067 81 32 22486
internal_value=0.0479608 0.0500295 0.0500295 -0.0500006 -0.0500009 -0.0500008 -0.0500009 -0.0500008 -0.0500011 -0.0500006 -0.0500007 -0.0500007 0.0500295 0.0500295 -0.0500007 -0.0500007 0.0500295 -0.0500006
internal_weight=23.7014 23.2112 22.3589 0.49016 0.0155108 0.0141855 0.00825942 0.00507784 0.00318158 0.474649 0.0393753 0.0226859 21.5454 4.68044 0.0204449 0.00224099 3.32661 0.435274
internal_count=40000 600 578 39400 1130 1056 577 372 205 38270 3087 1738 557 121 1576 162 86 35183
is_linear=0
shrinkage=0.05


Tree=143
num_leaves=19
num_cat=0
split_feature=2 4 0 7 4 2 7 7 3 2 4 3 0 0 0 0 0 4
split_gain=1.76102 0.00247002 0.0532289 4.40423e-05 0.000175535 0.000412187 1.67194e-07 1.36086e-12 7.03437e-13 1.42109e-14 1.11022e-16 2.42861e-17 3.46945e-18 1.73472e-18 1.73472e-18 1.73472e-18 1.73472e-18 1.73472e-18
threshold=1.0000000180025095e-35 8.0350000000000019 21550.000000000004 3.0850000000000004 324.17000000000002 2.5000000000000004 3.9550000000000005 2.5950000000000002 3.5000000000000004 2.5000000000000004 9.9450000000000021 1.0000000180025095e-35 4950.0000000000009 3050.0000000000005 4850.0000000000009 5050.0000000000009 3650.0000000000005 11.105000000000002
decision_type=2 2 2 2 2 2 2 2 2 2 2 2 2 2 2 2 2 2
left_child=10 2 7 4 5 -3 -5 12 -8 -10 -1 14 13 -2 17 16 -13 -12
right_child=1 3 -4 6 -6 -7 8 -9 9 -11 11 15 -14 -15 -16 -17 -18 -19
leaf_value=-0.050000587428351818 -0.050000588444799238 0.043723691915605822 0.050028047016934696 0.050004358144009886 0.050028046855698033 0.05002831833235595 0.050028094770625822 -0.050002204293825507 0.05002804841493369 0.050028045349049768 -0.050000587352065001 -0.050000590818359163 -0.050000588111052638 -0.050000587982854741 -0.05000058735380946 -0.050000590511058929 -0.050000591042291188 -0.050000587352075104
leaf_weight=0.42903821688651333 0.0087554608617236296 0.039822101492975714 0.29436244070529938 0.7729241623092119 0.44150635227560997 0.074286557734012604 0.77397035062313335 0.0014547499667969541 6.0712713785469559 13.614375174045561 0.0026478767722437624 0.0088379724929836811 0.0010826045745488963 0.0026360646543253105 0.0010591475120236291 0.0010708886929933223 0.001282741936847743 0.0056958771456265822
leaf_count=36457 744 99 8 23 12 2 21 33 165 370 225 751 92 224 90 91 109 484
internal_value=0.0479594 0.0499528 0.0455087 0.0500157 0.0495762 0.0478281 0.0500272 -0.0500008 0.050028 0.050028 -0.0500006 -0.0500006 -0.0500006 -0.0500006 -0.0500006 -0.0500006 -0.0500006 -0.0500006
internal_weight=22.5461 22.0964 0.308291 21.7882 0.555615 0.114109 21.2325 0.0139289 20.4596 19.6856 0.449633 0.0205945 0.0124741 0.0113915 0.0094029 0.0111916 0.0101207 0.00834375
internal_count=40000 1793 1101 692 113 101 579 1093 556 535 38207 1750 1060 968 799 951 860 709
is_linear=0
shrinkage=0.05


Tree=144
num_leaves=20
num_cat=0
split_feature=1 2 0 0 3 4 0 0 2 0 2 0 0 4 3 1 0 0 1
split_gain=1.73929 7.82652e-13 1.96522e-12 5.25802e-13 5.25802e-13 4.90014e-13 2.28294e-14 2.26989e-14 1.06581e-14 1.77636e-15 5.32907e-15 8.88178e-16 8.88178e-16 1.11022e-16 3.1225e-17 3.46945e-18 1.73472e-18 1.73472e-18 1.73472e-18
threshold=0.14640000000000003 1.0000000180025095e-35 6850.0000000000009 10450.000000000002 3.5000000000000004 8.1350000000000033 2450.0000000000005 4850.0000000000009 2.5000000000000004 60500.000000000007 6.5000000000000009 33750.000000000007 26250.000000000004 9.7250000000000032 1.0000000180025095e-35 0.070150000000000004 5150.0000000000009 3750.0000000000005 0.068750000000000019
decision_type=2 2 2 2 2 2 2 2 2 2 2 2 2 2 2 2 2 2 2
left_child=1 13 5 -2 -5 7 -7 18 11 10 -10 12 -6 -1 15 -15 17 -16 -3
right_child=3 2 -4 4 8 6 -8 -9 9 -11 -12 -13 -14 14 16 -17 -18 -19 -20
leaf_value=-0.050000556722688605 0.050026721816645518 -0.050000560486806449 -0.050002459636963405 0.050026723676636867 0.050026679174912471 -0.050001234076067186 -0.050001546046156913 -0.050000802633896536 0.050026681680243323 0.050026681972357372 0.050026678565760763 0.05002667798309645 0.050026678660711338 -0.050000556725370085 -0.050000560473629642 -0.05000055680028942 -0.050000560295591356 -0.05000056059712113 -0.050000560459518228
leaf_weight=0.40687144822459487 0.87640836834907787 0.0092240023732301779 0.0018196276296293936 0.73624303191900509 3.535211548209193 0.0014067556148802405 0.0010056498867925256 0.0010632796684149079 11.235657379031176 0.8400481082499035 1.3650753200054175 0.84004804864525784 1.5750893577933309 0.0082278808577029849 0.0091905476820102194 0.0011866056620419849 0.0010074643550979099 0.0012201827112221517 0.0015447920914084543
leaf_count=36346 25 824 52 21 101 57 38 84 321 24 39 24 45 735 821 106 90 109 138
internal_value=0.047957 -0.0500006 -0.0500009 0.0500267 0.0500267 -0.0500007 -0.0500014 -0.0500006 0.0500267 0.0500267 0.0500267 0.0500267 0.0500267 -0.0500006 -0.0500006 -0.0500006 -0.0500006 -0.0500006 -0.0500006
internal_weight=21.4475 0.443768 0.0160641 21.0038 20.1274 0.0142445 0.00241241 0.0118321 19.3911 13.4408 12.6007 5.95035 5.1103 0.427704 0.0208327 0.00941449 0.0114182 0.0104107 0.0107688
internal_count=40000 39400 1193 600 575 1141 95 1046 554 384 360 170 146 38207 1861 841 1020 930 962
is_linear=0
shrinkage=0.05


Tree=145
num_leaves=20
num_cat=0
split_feature=1 2 7 7 3 4 2 2 2 7 7 4 4 4 7 7 4 7 4
split_gain=1.65442 6.67022e-13 2.45467e-12 5.61329e-13 4.22773e-13 3.05424e-13 7.10543e-15 8.88178e-15 8.88178e-16 2.22045e-16 1.11022e-16 5.55112e-17 1.38778e-17 1.38778e-17 1.38778e-17 1.38778e-17 3.46945e-18 3.46945e-18 1.73472e-18
threshold=0.14640000000000003 1.0000000180025095e-35 2.5950000000000002 3.2350000000000008 3.5000000000000004 8.1350000000000033 2.5000000000000004 6.5000000000000009 1.5000000000000002 1.0850000000000002 0.64500000000000013 8.6350000000000033 11.955000000000002 6.0550000000000006 2.4350000000000005 1.2050000000000003 7.8250000000000011 4.6450000000000005 15.900000000000002
decision_type=2 2 2 2 2 2 2 2 2 2 2 2 2 2 2 2 2 2 2
left_child=1 9 5 -2 -5 -3 8 -8 -6 10 11 -1 14 -12 15 -11 -15 -16 -13
right_child=3 2 -4 4 6 -7 7 -9 -10 12 13 18 -14 16 17 -17 -18 -19 -20
leaf_value=-0.050000530008987909 0.050025427505377876 -0.050000533586468845 -0.05000262267589857 0.05002541891001986 0.050025378733923931 -0.050001173911889678 0.050025380444952451 0.050025376502995392 0.05002537765392015 -0.050000533293942329 -0.050000532071941155 -0.050000533097362403 -0.050000533711875142 -0.050000532062972315 -0.050000533146873541 -0.050000533602959009 -0.050000533398799063 -0.05000053337943703 -0.050000532692746284
leaf_weight=0.17057747155104408 0.66718979179859417 0.011287071059996379 0.0017633823954383851 0.7003538310527827 1.8645729199051881 0.0022302111610770234 11.420471273362635 1.4317185953259457 3.8956149369478226 0.018709318274886755 0.098476838821625279 0.011628060652583372 0.0024491224503435651 0.0072515924794060984 0.012969693881132116 0.071983481522693182 0.010350257065510959 0.0011180701476405383 0.0013310525146152949
leaf_count=16019 20 1060 38 21 56 95 343 43 117 1757 9248 1092 230 681 1218 6760 972 105 125
internal_value=0.0479558 -0.0500005 -0.0500009 0.0500254 0.0500254 -0.0500006 0.0500254 0.0500254 0.0500254 -0.0500005 -0.0500005 -0.0500005 -0.0500005 -0.0500005 -0.0500005 -0.0500005 -0.0500005 -0.0500005 -0.0500005
internal_weight=20.402 0.422126 0.0152807 19.9799 19.3127 0.0135173 18.6124 12.8522 5.76019 0.406845 0.299615 0.183537 0.10723 0.116079 0.104781 0.0906928 0.0176018 0.0140878 0.0129591
internal_count=40000 39400 1193 600 580 1155 559 386 173 38207 28137 17236 10070 10901 9840 8517 1653 1323 1217
is_linear=0
shrinkage=0.05


Tree=146
num_leaves=11
num_cat=0
split_feature=1 2 7 7 3 4 7 1 1 3
split_gain=1.5737 5.66047e-13 2.11352e-12 4.9738e-13 3.87246e-13 2.63643e-13 1.11022e-16 3.46945e-18 8.67362e-19 8.67362e-19
threshold=0.14640000000000003 1.0000000180025095e-35 2.5950000000000002 3.2350000000000008 3.5000000000000004 8.1350000000000033 2.9350000000000005 0.064150000000000013 0.05315000000000001 1.0000000180025095e-35
decision_type=2 2 2 2 2 2 2 2 2 2
left_child=1 6 5 -2 -5 7 -1 -3 9 -8
right_child=3 2 -4 4 -6 -7 8 -9 -10 -11
leaf_value=-0.050000507289644919 0.050024186926527617 -0.050000506693064328 -0.050002494381647083 0.050024179235836463 0.050024140419004659 -0.050001116673284135 -0.050000507140795139 -0.050000506683554762 -0.050000506317090465 -0.050000505566374302
leaf_weight=0.3798419095919624 0.63466589897871273 0.0088323787504123175 0.0016773854076745929 0.66621327027678745 17.705068469047546 0.0021214448606770029 0.0023600841996085356 0.0019042208796236091 0.0020359203044790775 0.0027651844093270483
leaf_count=37500 20 872 38 21 559 95 233 188 201 273
internal_value=0.0479546 -0.0500005 -0.0500008 0.0500241 0.0500241 -0.0500006 -0.0500005 -0.0500005 -0.0500005 -0.0500005
internal_weight=19.4075 0.401539 0.0145354 19.0059 18.3713 0.012858 0.387003 0.0107366 0.00716119 0.00512527
internal_count=40000 39400 1193 600 580 1155 38207 1060 707 506
is_linear=0
shrinkage=0.05


Tree=147
num_leaves=12
num_cat=0
split_feature=1 2 7 7 3 4 1 7 1 1 1
split_gain=1.49691 4.92051e-13 1.81978e-12 4.47642e-13 3.55271e-13 2.26326e-13 5.55112e-17 5.20417e-18 2.60209e-18 1.73472e-18 8.67362e-19
threshold=0.14640000000000003 1.0000000180025095e-35 2.5950000000000002 3.2350000000000008 3.5000000000000004 8.1350000000000033 0.083750000000000005 0.74500000000000011 0.01685 0.088850000000000026 0.059750000000000004
decision_type=2 2 2 2 2 2 2 2 2 2 2
left_child=1 6 5 -2 -5 7 -1 10 -9 -8 -3
right_child=3 2 -4 4 -6 -7 9 8 -10 -11 -12
leaf_value=-0.050000481423691671 0.050023006365345048 -0.050000481592942549 -0.050002373399590599 0.050022999427759202 0.050022961390529225 -0.050001061927402092 -0.050000481408040393 -0.050000481669830101 -0.050000483877918306 -0.050000481407845736 -0.050000481639337284
leaf_weight=0.3578964179669154 0.60372676886618393 0.0039310348620347213 0.0015955821363604636 0.63373623788357036 16.841969041153789 0.0020179829261905988 0.0081994847905662027 0.0012429153748598765 0.0037961247144266963 0.0020330104862296148 0.0012428996478774934
leaf_count=37145 20 408 38 21 559 95 851 129 394 211 129
internal_value=0.0479535 -0.0500005 -0.0500008 0.050023 0.050023 -0.0500006 -0.0500005 -0.0500005 -0.0500005 -0.0500005 -0.0500005
internal_weight=18.4614 0.381955 0.0138265 18.0794 17.4757 0.012231 0.368129 0.010213 0.00503904 0.0102325 0.00517393
internal_count=40000 39400 1193 600 580 1155 38207 1060 523 1062 537
is_linear=0
shrinkage=0.05


Tree=148
num_leaves=21
num_cat=0
split_feature=1 7 3 7 4 3 3 7 4 3 0 3 1 0 4 0 0 0 1 1
split_gain=1.42388 3.6593e-13 2.8777e-13 2.41251e-13 4.8698e-13 5.425e-14 2.02199e-14 1.54377e-14 1.31006e-14 1.02938e-14 3.55271e-15 2.94556e-15 2.69186e-15 1.77636e-15 1.00094e-15 4.44089e-16 1.73472e-18 1.73472e-18 8.67362e-19 4.33681e-19
threshold=0.14640000000000003 3.2350000000000008 3.5000000000000004 2.5950000000000002 8.5050000000000008 1.0000000180025095e-35 1.5000000000000002 3.0350000000000006 8.1350000000000033 1.0000000180025095e-35 59500.000000000007 2.5000000000000004 0.038250000000000006 36750.000000000007 9.3750000000000018 46500.000000000007 4650.0000000000009 3550.0000000000005 0.020150000000000005 0.05655000000000001
decision_type=2 2 2 2 2 2 2 2 2 2 2 2 2 2 2 2 2 2 2 2
left_child=3 -2 -3 8 5 18 7 -7 -1 16 13 14 -8 -4 -11 -15 17 -10 -5 -20
right_child=1 2 10 4 -6 6 12 -9 9 11 -12 -13 -14 15 -16 -17 -18 -19 19 -21
leaf_value=-0.050000461312517591 0.05002188342462275 0.050021876840684702 0.050021841478282453 -0.050000461434844261 -0.050001741307627127 -0.050000487581596011 -0.050000752911993365 -0.050000697410144859 -0.050000461434856903 -0.050000532693246662 0.050021840903820225 -0.050000583985178919 -0.050000859786744956 0.050021842294742692 -0.0500005054988144 0.050021841869366396 -0.050000461434824311 -0.050000461434819649 -0.050000461434855141 -0.050000461434826941
leaf_weight=0.3224595656174668 0.57429522275924938 0.60284174047410743 12.123178485780953 0.0012831302365157171 0.0010171639860345758 0.0013907809588999953 0.0011728174922609469 0.0023709896959189791 0.009852607627180987 0.005040443492362102 0.80247773043811399 0.0016945218749242477 0.0011841701443700003 2.1781534049659981 0.010242949369057897 0.91711645759642113 0.0013289563776197619 0.0011823129152617193 0.002098834477692435 0.0010081737718792283
leaf_count=35183 20 21 423 140 74 149 106 223 1075 509 28 162 99 76 1067 32 145 129 229 110
internal_value=0.0479525 0.0500218 0.0500218 -0.0500005 -0.0500007 -0.0500006 -0.0500007 -0.0500006 -0.0500005 -0.0500005 0.0500218 -0.0500005 -0.0500008 0.0500218 -0.0500005 0.0500218 -0.0500005 -0.0500005 -0.0500005 -0.0500005
internal_weight=17.5614 17.1981 16.6238 0.363327 0.0115261 0.0105089 0.00611876 0.00376177 0.351801 0.0293418 16.0209 0.0169779 0.00235699 15.2184 0.0152834 3.09527 0.0123639 0.0110349 0.00439014 0.00310701
internal_count=40000 600 580 39400 1130 1056 577 372 38270 3087 559 1738 205 531 1576 108 1349 1204 479 339
is_linear=0
shrinkage=0.05


Tree=149
num_leaves=15
num_cat=0
split_feature=1 2 7 7 3 0 0 0 7 0 1 1 7 0
split_gain=1.35441 3.69871e-13 1.34736e-12 3.23297e-13 2.59348e-13 1.77636e-15 1.77636e-15 1.77636e-15 1.67574e-15 1.42854e-15 1.12497e-15 6.245e-16 3.747e-16 5.55112e-17
threshold=0.14640000000000003 1.0000000180025095e-35 2.5950000000000002 3.2350000000000008 3.5000000000000004 62500.000000000007 46500.000000000007 13300.000000000002 0.7350000000000001 2250.0000000000005 0.015250000000000001 0.058450000000000009 1.3250000000000004 12150.000000000002
decision_type=2 2 2 2 2 2 2 2 2 2 2 2 2 2
left_child=1 13 8 -2 -5 6 7 -6 9 11 -10 -3 -12 -1
right_child=3 2 -4 4 5 -7 -8 -9 10 -11 12 -13 -14 -15
leaf_value=-0.050000433101189172 0.050020816665754059 -0.050000539789219027 -0.050002146627069623 0.050020810563650576 0.050020776505667233 0.050020776289003255 0.050020775922065941 0.050020776211540233 -0.050000456138441701 -0.050000595083635295 -0.050000523689922818 -0.050000497264571113 -0.050000491369364242 -0.050000434510206394
leaf_weight=0.33182427200700004 0.54629788920283573 0.0036509409137579496 0.0014437505888054156 0.57345272041857143 1.1178064309060527 0.62704266235232431 1.0087199099361903 12.486323874443768 0.0010584620113149867 0.0010136765240531531 0.0029215712302175234 0.0011283987214483204 0.0012939913276568404 0.0012728439287457141
leaf_count=38061 20 373 38 21 41 23 37 458 119 97 305 121 140 146
internal_value=0.0479515 -0.0500004 -0.0500007 0.0500208 0.0500208 0.0500208 0.0500208 0.0500208 -0.0500005 -0.0500005 -0.0500005 -0.0500005 -0.0500005 -0.0500004
internal_weight=16.7053 0.345608 0.0125108 16.3596 15.8133 15.2399 14.6129 13.6041 0.011067 0.00579302 0.00527402 0.00477934 0.00421556 0.333097
internal_count=40000 39400 1193 600 580 559 536 499 1155 591 564 494 445 38207
is_linear=0
shrinkage=0.05


Tree=150
num_leaves=14
num_cat=0
split_feature=1 2 7 7 3 4 3 1 1 7 1 4 4
split_gain=1.28832 3.20077e-13 1.16132e-12 2.84217e-13 2.16716e-13 1.44334e-13 1.77636e-15 5.55112e-17 5.20417e-18 2.60209e-18 1.73472e-18 8.67362e-19 4.33681e-19
threshold=0.14640000000000003 1.0000000180025095e-35 2.5950000000000002 3.2350000000000008 3.5000000000000004 8.1350000000000033 18.500000000000004 0.084350000000000022 0.060950000000000011 0.55500000000000016 0.08815000000000002 4.4850000000000012 3.0150000000000001
decision_type=2 2 2 2 2 2 2 2 2 2 2 2 2
left_child=1 7 5 -2 -5 8 -6 -1 9 -3 11 -9 -12
right_child=3 2 -4 4 6 -7 -8 10 -10 -11 12 -13 -14
leaf_value=-0.050000411415936565 0.050019800856850961 -0.050000416560845654 -0.05000204304060607 0.050019794210483248 0.05001976219579584 -0.050000913631049027 0.050019762280983496 -0.050000411354311214 -0.050000413067976493 -0.050000414671684895 -0.050000411289223112 -0.0500004117132299 -0.050000411351304452
leaf_weight=0.30889059210767378 0.51966491527855296 0.002355170667215134 0.0013733408413827428 0.54549590684473415 13.978248953819271 0.0017369005872751595 0.51867171935737211 0.0039143126159615349 0.0018741754001894151 0.0045610533006765763 0.00162543532132986 0.0014098149549681693 0.0010117501051354338
leaf_count=37247 20 284 38 21 539 95 20 472 226 550 196 170 122
internal_value=0.0479505 -0.0500004 -0.0500007 0.0500198 0.0500198 -0.0500005 0.0500198 -0.0500004 -0.0500004 -0.0500004 -0.0500004 -0.0500004 -0.0500004
internal_weight=15.8908 0.328753 0.0119006 15.5621 15.0424 0.0105273 14.4969 0.316852 0.0087904 0.00691622 0.00796131 0.00532413 0.00263719
internal_count=40000 39400 1193 600 580 1155 559 38207 1060 834 960 642 318
is_linear=0
shrinkage=0.05


Tree=151
num_leaves=13
num_cat=0
split_feature=1 2 0 0 3 4 2 0 0 2 0 0
split_gain=1.22547 2.75502e-13 6.87334e-13 1.74083e-13 1.84741e-13 1.71129e-13 7.10543e-15 5.58234e-15 1.77636e-15 1.77636e-15 5.55112e-17 5.20417e-18
threshold=0.14640000000000003 1.0000000180025095e-35 6850.0000000000009 10450.000000000002 3.5000000000000004 8.1350000000000033 2.5000000000000004 4450.0000000000009 15300.000000000002 6.5000000000000009 11950.000000000002 1850.0000000000002
decision_type=2 2 2 2 2 2 2 2 2 2 2 2
left_child=1 10 5 -2 -5 7 -6 11 -8 -10 -1 -3
right_child=3 2 -4 4 6 -7 8 -9 9 -11 -12 -13
leaf_value=-0.05000039204291739 0.050018827296932335 -0.05000039423735874 -0.050001733395168835 0.050018829388488707 0.050018797451118605 -0.050000961277335443 0.050018798466433881 -0.050000520584093211 0.05001880031716463 0.050018797363381821 -0.0500003941891147 -0.050000396573438612
leaf_weight=0.30015259285392026 0.61768957227468391 0.0030528164370480226 0.0012822892849726495 0.51890151761472125 4.1937840804457656 0.0017000089046632647 1.0361214373260725 0.0010174910667046788 7.4007835537195188 1.0361079201102255 0.0012463788816603474 0.0042676412513174
leaf_count=38049 25 387 52 21 170 95 42 118 300 42 158 541
internal_value=0.0479496 -0.0500004 -0.0500006 0.0500188 0.0500188 -0.0500005 0.0500188 -0.0500004 0.0500188 0.0500188 -0.0500004 -0.0500004
internal_weight=15.1161 0.312719 0.0113202 14.8034 14.1857 0.010038 13.6668 0.00833795 9.47301 8.43689 0.301399 0.00732046
internal_count=40000 39400 1193 600 575 1141 554 1046 384 342 38207 928
is_linear=0
shrinkage=0.05


Tree=152
num_leaves=14
num_cat=0
split_feature=1 2 7 7 3 4 2 2 2 0 1 0 0
split_gain=1.16568 2.3076e-13 8.6068e-13 1.84741e-13 1.61648e-13 1.07057e-13 3.55271e-15 3.55271e-15 1.77636e-15 8.88178e-16 5.55112e-17 1.73472e-18 8.67362e-19
threshold=0.14640000000000003 1.0000000180025095e-35 2.5950000000000002 3.2350000000000008 3.5000000000000004 8.1350000000000033 2.5000000000000004 7.5000000000000009 6.5000000000000009 33750.000000000007 0.088850000000000026 4350.0000000000009 1850.0000000000002
decision_type=2 2 2 2 2 2 2 2 2 2 2 2 2
left_child=1 10 5 -2 -5 11 9 8 -8 -6 -1 12 -3
right_child=3 2 -4 4 6 -7 7 -9 -10 -11 -12 -13 -14
leaf_value=-0.050000375686600484 0.050017914652813071 -0.050000375645399435 -0.05000184906250639 0.050017910672463063 0.050017880434579311 -0.050000827078937306 0.050017882610172149 0.05001787947383747 0.050017880193664932 0.050017879419075734 -0.05000037571695426 -0.050000375443165462 -0.050000375359789434
leaf_weight=0.28511636232997339 0.47022954002022643 0.0029039298683528614 0.0012426553221303047 0.49360323138534923 3.4965312443673602 0.0015716151374363116 8.0490460526198095 0.5162637550383814 0.49279868975281793 0.56319760158658017 0.0015833134234526361 0.0010279692432959564 0.0040219889965555922
leaf_count=37996 20 387 38 21 149 95 343 22 21 24 211 137 536
internal_value=0.0479488 -0.0500004 -0.0500006 0.0500179 0.0500179 -0.0500004 0.0500179 0.0500179 0.0500179 0.0500179 -0.0500004 -0.0500004 -0.0500004
internal_weight=14.3791 0.297468 0.0107682 14.0817 13.6114 0.0095255 13.1178 9.05811 8.54184 4.05973 0.2867 0.00795389 0.00692592
internal_count=40000 39400 1193 600 580 1155 559 386 364 173 38207 1060 923
is_linear=0
shrinkage=0.05


Tree=153
num_leaves=17
num_cat=0
split_feature=1 7 3 7 4 3 3 7 4 3 6 3 4 1 0 0
split_gain=1.10881 1.81188e-13 1.35003e-13 1.15574e-13 1.74149e-13 2.56323e-14 8.14279e-15 7.54128e-15 6.60583e-15 5.26315e-15 3.55271e-15 1.39125e-15 5.6205e-16 1.73472e-18 4.33681e-19 4.33681e-19
threshold=0.14640000000000003 3.2350000000000008 3.5000000000000004 2.5950000000000002 7.495000000000001 1.0000000180025095e-35 1.5000000000000002 3.0350000000000006 8.1350000000000033 1.0000000180025095e-35 3.5000000000000004 2.5000000000000004 9.3750000000000018 0.072550000000000017 9350.0000000000018 7450.0000000000009
decision_type=2 2 2 2 2 2 2 2 2 2 2 2 2 2 2 2
left_child=3 -2 -3 8 5 14 7 -7 -1 13 -4 12 -11 -10 15 -5
right_child=1 2 10 4 -6 6 -8 -9 9 11 -12 -13 -14 -15 -16 -17
leaf_value=-0.050000356777332902 0.050017042247100109 0.050017036173785091 0.050017008774482945 -0.050000356769885734 -0.050001154460324486 -0.050000381307443442 -0.050000622735925586 -0.050000549536307448 -0.050000356830958714 -0.050000415480752972 0.050017009259727657 -0.050000454110387872 -0.050000392392591755 -0.050000356833999615 -0.050000356841060335 -0.050000356769870358
leaf_weight=0.25113227147676376 0.44730377942323585 0.46953791938722034 11.763960862532254 0.001056407980286167 0.0010259050595777816 0.0010688678394217277 0.0017732078067638213 0.0017680185810604598 0.0085654706599598285 0.0039255105070878935 0.7143242936581381 0.0013196983868510878 0.0079772348685764882 0.0010635459402692513 0.0012776826847584744 0.0010064427747238369
leaf_count=35183 20 21 527 148 104 147 199 212 1200 509 32 162 1067 149 179 141
internal_value=0.0479479 0.050017 0.050017 -0.0500004 -0.0500005 -0.0500005 -0.0500005 -0.0500005 -0.0500004 -0.0500004 0.050017 -0.0500004 -0.0500004 -0.0500004 -0.0500004 -0.0500004
internal_weight=13.6781 13.3951 12.9478 0.28296 0.00897653 0.00795063 0.00461009 0.00283689 0.273984 0.0228515 12.4783 0.0132224 0.0119027 0.00962902 0.00334053 0.00206285
internal_count=40000 600 580 39400 1130 1026 558 359 38270 3087 559 1738 1576 1349 468 289
is_linear=0
shrinkage=0.05


Tree=154
num_leaves=17
num_cat=0
split_feature=1 2 7 7 3 4 2 7 2 7 2 1 1 4 7 4
split_gain=1.05472 1.72862e-13 6.37268e-13 1.66978e-13 1.24345e-13 7.93358e-14 1.77636e-15 3.55271e-15 1.77636e-15 8.88178e-16 2.22045e-16 5.55112e-17 8.67362e-19 8.67362e-19 8.67362e-19 4.33681e-19
threshold=0.14640000000000003 1.0000000180025095e-35 2.5950000000000002 3.2350000000000008 3.5000000000000004 8.1350000000000033 6.5000000000000009 6.2150000000000007 2.5000000000000004 4.2700000000000005 7.5000000000000009 0.085650000000000018 0.067550000000000013 4.6650000000000009 0.91500000000000015 2.6850000000000005
decision_type=2 2 2 2 2 2 2 2 2 2 2 2 2 2 2 2
left_child=1 11 5 -2 -5 12 7 9 -9 -6 -8 -1 14 15 -3 -13
right_child=3 2 -4 4 6 -7 10 8 -10 -11 -12 13 -14 -15 -16 -17
leaf_value=-0.050000338379241976 0.050016210002378915 -0.050000339831815122 -0.050001672493817144 0.050016204320473483 0.050016180564184914 -0.050000748159480607 0.050016178771903869 0.050016178038850848 0.050016176335278384 0.050016178429197582 0.050016177671248968 -0.050000338233461006 -0.050000338721783499 -0.050000338682335548 -0.050000339176221646 -0.050000338225297439
leaf_weight=0.25434481604907055 0.42549542523920436 0.0039244045042323705 0.001124406036979054 0.44664551876485248 0.42470972798764428 0.0014220589055184973 0.4459174796938904 2.9303086604922992 6.1578974444419146 1.4439204111695287 0.46715025790035725 0.0028109666354794163 0.0010727559856604785 0.0011949991180699726 0.0021998200886628183 0.0010659947374733747
leaf_count=37460 20 578 38 21 20 95 21 138 290 68 22 414 158 176 324 157
internal_value=0.0479472 -0.0500003 -0.0500006 0.0500162 0.0500162 -0.0500004 0.0500162 0.0500162 0.0500162 0.0500162 0.0500162 -0.0500003 -0.0500003 -0.0500003 -0.0500003 -0.0500003
internal_weight=13.0112 0.26916 0.00974345 12.742 12.3165 0.00861904 11.8699 10.9568 9.08821 1.86863 0.913068 0.259417 0.00719698 0.00507196 0.00612422 0.00387696
internal_count=40000 39400 1193 600 580 1155 559 516 428 88 43 38207 1060 747 902 571
is_linear=0
shrinkage=0.05


Tree=155
num_leaves=17
num_cat=0
split_feature=1 2 7 7 4 2 0 0 4 0 2 0 4 4 0 1
split_gain=1.00326 1.46549e-13 5.48169e-13 1.45661e-13 6.82857e-14 2.84217e-14 1.28786e-14 1.02141e-14 5.32907e-15 3.55271e-15 3.55271e-15 8.88178e-16 4.44089e-16 1.11022e-16 8.67362e-19 8.67362e-19
threshold=0.14640000000000003 1.0000000180025095e-35 2.5950000000000002 3.2350000000000008 8.1350000000000033 2.5000000000000004 18050.000000000004 15300.000000000002 41.415000000000006 14950.000000000002 6.5000000000000009 59500.000000000007 107.37500000000001 24.535000000000004 2550.0000000000005 0.055450000000000006
decision_type=2 2 2 2 2 2 2 2 2 2 2 2 2 2 2 2
left_child=1 -1 4 -2 14 6 7 -5 -8 -7 11 -11 -10 -12 15 -3
right_child=3 2 -4 5 -6 9 8 -9 12 10 13 -13 -14 -15 -16 -17
leaf_value=-0.050000323839283593 0.050015419342375404 -0.05000032378680435 -0.050001590980338295 0.050015393104352449 -0.050000712088462108 0.050015390326679045 0.050015394896340194 0.050015403805740245 0.050015388997078462 0.050015386470889503 0.050015389280220451 0.050015386144741984 0.05001539050376045 0.050015390755513534 -0.050000323220672376 -0.050000322368179972
leaf_weight=0.2467649463701499 0.40475000068545242 0.0028869486172879988 0.0010695698092604298 0.50512396544217919 0.0013527052324207034 0.72717260755598534 0.64655818790197406 0.4043299313634634 0.86856482736766372 5.7768680956214666 0.42417403310537327 0.44437457621097554 1.494702626019716 0.42417573183774948 0.0029127573543519247 0.0010462759078109229
leaf_count=38207 20 447 38 25 95 36 32 20 43 286 21 22 74 21 451 162
internal_value=0.0479464 -0.0500003 -0.0500005 0.0500154 -0.0500004 0.0500154 0.0500154 0.0500154 0.0500154 0.0500154 0.0500154 0.0500154 0.0500154 0.0500154 -0.0500003 -0.0500003
internal_weight=12.3768 0.256033 0.00926826 12.1208 0.00819869 11.716 3.91928 0.909454 3.00983 7.79677 7.06959 6.22124 2.36327 0.84835 0.00684598 0.00393322
internal_count=40000 39400 1193 600 1155 580 194 45 149 386 350 308 117 42 1060 609
is_linear=0
shrinkage=0.05


Tree=156
num_leaves=19
num_cat=0
split_feature=1 7 3 7 4 3 7 4 3 1 0 3 3 4 3 0 1 1
split_gain=0.954319 1.06581e-13 8.34888e-14 7.36911e-14 9.80084e-14 1.34016e-14 5.07927e-15 4.2466e-15 3.35842e-15 1.97802e-15 1.77636e-15 1.77636e-15 8.91648e-16 3.55618e-16 2.22045e-16 2.77556e-17 2.77556e-17 1.38778e-17
threshold=0.14640000000000003 3.2350000000000008 3.5000000000000004 2.5950000000000002 6.3850000000000007 1.0000000180025095e-35 3.1350000000000002 8.1350000000000033 1.0000000180025095e-35 0.038250000000000006 53500.000000000007 14.500000000000002 2.5000000000000004 9.3750000000000018 16.500000000000004 8050.0000000000009 0.028550000000000002 0.021750000000000002
decision_type=2 2 2 2 2 2 2 2 2 2 2 2 2 2 2 2 2 2
left_child=3 -2 -3 7 5 -5 -7 15 -9 -8 11 -4 13 -10 -13 16 17 -1
right_child=1 2 10 4 -6 6 9 8 12 -11 -12 14 -14 -15 -16 -17 -18 -19
leaf_value=-0.050000307179180727 0.050014665915807902 0.050014661598598124 0.050014638341997091 -0.050000307179359139 -0.050000884725283683 -0.050000387644551919 -0.050000456053020108 -0.05000030717936052 -0.050000357643309047 -0.050000553850747302 0.050014638536388281 0.050014638527546645 -0.050000391041179607 -0.050000337841166968 0.050014638428190018 -0.050000307148648948 -0.050000307178383829 -0.05000030717846024
leaf_weight=0.064145779844694384 0.38501576334237952 0.4041537381708612 8.8384697400033421 0.0027830718663608414 0.0011839437815979181 0.0016908532338675286 0.0010442017810419202 0.0082877794184241793 0.003378722088655195 0.0010241140298603568 0.63406250439584333 0.69170381128788061 0.0011358763426869709 0.006866076950700517 0.57641951367259026 0.0013515892323994185 0.13050938638480147 0.020145002832123282
leaf_count=10441 20 21 460 453 142 256 148 1349 509 131 33 36 162 1067 30 220 21243 3279
internal_value=0.0479457 0.0500146 0.0500146 -0.0500003 -0.0500005 -0.0500004 -0.0500005 -0.0500003 -0.0500003 -0.0500005 0.0500146 0.0500146 -0.0500003 -0.0500003 0.0500146 -0.0500003 -0.0500003 -0.0500003
internal_weight=11.7734 11.5298 11.1448 0.243546 0.00772618 0.00654224 0.00375917 0.23582 0.0196685 0.00206832 10.7407 10.1066 0.0113807 0.0102448 1.26812 0.216152 0.2148 0.0842908
internal_count=40000 600 580 39400 1130 988 535 38270 3087 279 559 526 1738 1576 66 35183 34963 13720
is_linear=0
shrinkage=0.05


Tree=157
num_leaves=11
num_cat=0
split_feature=1 2 7 7 3 4 0 0 0 0
split_gain=0.907763 1.09329e-13 3.91232e-13 9.23706e-14 7.63833e-14 5.02376e-14 3.55271e-15 1.77636e-15 5.55112e-17 8.67362e-19
threshold=0.14640000000000003 1.0000000180025095e-35 2.4850000000000008 3.2350000000000008 3.5000000000000004 8.1350000000000033 15650.000000000002 60500.000000000007 6650.0000000000009 2950.0000000000005
decision_type=2 2 2 2 2 2 2 2 2 2
left_child=1 8 5 -2 -5 9 -6 -8 -1 -3
right_child=3 2 -4 4 6 -7 7 -9 -10 -11
leaf_value=-0.050000291823093117 0.050013951653245604 -0.050000291928015951 -0.050001401748839228 0.050013948462052149 0.050013924535262433 -0.050000644216158296 0.050013925593546775 0.050013925559884126 -0.050000291955724321 -0.050000292161027686
leaf_weight=0.21316636571100467 0.36624342761933704 0.0042134473392252403 0.0010040459633273713 0.38444828055798907 1.4439225550740946 0.001211099674947036 8.2795629128813708 0.49348414503038007 0.010115924604633619 0.0019576821559894597
leaf_count=36476 20 721 43 21 79 94 453 27 1731 335
internal_value=0.047945 -0.0500003 -0.0500005 0.0500139 0.0500139 -0.0500003 0.0500139 0.0500139 -0.0500003 -0.0500003
internal_weight=11.1993 0.231669 0.00838628 10.9677 10.6014 0.00738223 10.217 8.77305 0.223282 0.00617113
internal_count=40000 39400 1193 600 580 1150 559 480 38207 1056
is_linear=0
shrinkage=0.05


Tree=158
num_leaves=9
num_cat=0
split_feature=1 2 7 7 3 4 0 0
split_gain=0.86348 9.39526e-14 3.18894e-13 7.4607e-14 5.86198e-14 4.26976e-14 3.55271e-15 8.67362e-19
threshold=0.14640000000000003 1.0000000180025095e-35 2.2950000000000004 3.2350000000000008 3.5000000000000004 8.1350000000000033 58500.000000000007 3850.0000000000005
decision_type=2 2 2 2 2 2 2 2
left_child=1 -1 5 -2 -5 7 -6 -3
right_child=3 2 -4 4 6 -7 -8 -9
leaf_value=-0.050000278123693176 0.050013270537739719 -0.050000278100728358 -0.050001284965484109 0.050013266321985585 0.050013246038694004 -0.050000612671038808 0.050013246833067876 -0.050000277940419717
leaf_weight=0.21239274059553359 0.34838614799082179 0.0048251165717374533 0.0010062395517707046 0.36570337228476901 9.1972300242632592 0.001139779649747652 0.521580960601569 0.0010061394946205837
leaf_count=38207 20 868 51 21 529 93 30 181
internal_value=0.0479444 -0.0500003 -0.0500005 0.0500132 0.0500132 -0.0500003 0.0500132 -0.0500003
internal_weight=10.6533 0.22037 0.00797728 10.4329 10.0845 0.00697104 9.71881 0.00583126
internal_count=40000 39400 1193 600 580 1142 559 1049
is_linear=0
shrinkage=0.05


Tree=159
num_leaves=11
num_cat=0
split_feature=1 2 0 0 3 4 0 1 0 0
split_gain=0.821357 7.85205e-14 1.91041e-13 7.10543e-14 6.39488e-14 3.59573e-14 1.77636e-15 5.55112e-17 8.67362e-19 8.67362e-19
threshold=0.14640000000000003 1.0000000180025095e-35 5350.0000000000009 10450.000000000002 3.5000000000000004 8.1350000000000033 62500.000000000007 0.022950000000000002 3350.0000000000005 2350.0000000000005
decision_type=2 2 2 2 2 2 2 2 2 2
left_child=1 7 5 -2 -5 8 -6 -1 9 -3
right_child=3 2 -4 4 6 -7 -8 -9 -10 -11
leaf_value=-0.050000266414209182 0.050012620202855421 -0.050000263431739758 -0.050000988131305046 0.050012619773667367 0.050012598251044427 -0.05000058296643875 0.0500125974696526 -0.050000266425097473 -0.050000263949980632 -0.050000264634631864
leaf_weight=0.063877670512284435 0.4140998013317575 0.0029505816582968683 0.001276574904750305 0.34787219390272994 8.7818538621067965 0.0010608781331029604 0.3803812228143223 0.13815660667432894 0.0010734241627687879 0.0012267634115232795
leaf_count=12080 25 558 109 21 531 91 23 26127 203 232
internal_value=0.0479438 -0.0500003 -0.0500004 0.0500126 0.0500126 -0.0500003 0.0500126 -0.0500003 -0.0500003 -0.0500003
internal_weight=10.1338 0.209622 0.00758822 9.92421 9.51011 0.00631165 9.16224 0.202034 0.00525077 0.00417735
internal_count=40000 39400 1193 600 575 1084 554 38207 993 790
is_linear=0
shrinkage=0.05


Tree=160
num_leaves=12
num_cat=0
split_feature=1 2 7 7 3 2 7 7 1 1 0
split_gain=0.781289 6.84175e-14 2.08959e-13 6.57252e-14 5.32907e-14 5.32907e-15 3.48679e-16 1.92988e-16 1.52222e-16 4.85723e-17 2.77556e-17
threshold=0.14640000000000003 1.0000000180025095e-35 2.0850000000000004 3.2350000000000008 3.5000000000000004 6.5000000000000009 0.7350000000000001 0.51500000000000012 0.035850000000000007 0.037050000000000007 11150.000000000002
decision_type=2 2 2 2 2 2 2 2 2 2 2
left_child=1 10 6 -2 -5 -6 7 9 -8 -3 -1
right_child=3 2 -4 4 5 -7 8 -9 -10 -11 -12
leaf_value=-0.050000253102441855 0.050012007551179176 -0.050000295436098109 -0.0500010803349921 0.050012003810891228 0.050011983099821945 0.050011986670782306 -0.05000027695823997 -0.05000032781663153 -0.050000300022130795 -0.050000310946010734 -0.050000252464390396
leaf_weight=0.19100902312129697 0.31524058617651363 0.0010042776120826593 0.0010010178630182054 0.33091023750603099 8.1176875028759206 0.67647249810397703 0.0013532824177673319 0.0013185337943468767 0.0015215480170809315 0.0010194835031143157 0.0011719724648173715
leaf_count=37974 20 184 69 21 516 43 257 226 276 181 233
internal_value=0.0479432 -0.0500003 -0.0500004 0.050012 0.050012 0.050012 -0.0500003 -0.0500003 -0.0500003 -0.0500003 -0.0500003
internal_weight=9.63971 0.199399 0.00721814 9.44031 9.12507 8.79416 0.00621713 0.00334229 0.00287483 0.00202376 0.192181
internal_count=40000 39400 1193 600 580 559 1124 591 533 365 38207
is_linear=0
shrinkage=0.05


Tree=161
num_leaves=19
num_cat=0
split_feature=1 7 3 7 4 3 7 4 3 3 1 7 7 1 7 4 1 0
split_gain=0.743177 4.26326e-14 4.08562e-14 3.48888e-14 4.33108e-14 5.79571e-15 2.17621e-15 1.91513e-15 1.20216e-15 4.0766e-16 2.72785e-16 2.22045e-16 1.99493e-16 2.77556e-17 2.77556e-17 2.08167e-17 1.73472e-17 8.67362e-19
threshold=0.14640000000000003 3.2350000000000008 3.5000000000000004 2.5950000000000002 6.1250000000000009 1.0000000180025095e-35 3.1350000000000002 8.2550000000000008 1.0000000180025095e-35 1.5000000000000002 0.041350000000000005 0.64500000000000013 0.91500000000000015 0.016250000000000004 2.3550000000000004 7.035000000000001 0.0047500000000000007 3650.0000000000005
decision_type=2 2 2 2 2 2 2 2 2 2 2 2 2 2 2 2 2 2
left_child=3 -2 -3 7 5 -5 -7 11 17 12 -11 13 -10 16 -13 -15 -1 -9
right_child=1 2 -4 4 -6 6 -8 8 9 10 -12 14 -14 15 -16 -17 -18 -19
leaf_value=-0.050000238279511645 0.050011420497484166 0.050011418626302533 0.050011400535724684 -0.050000242060220801 -0.050000664437058723 -0.050000302929497822 -0.050000390309673994 -0.050000242357898732 -0.050000269353232762 -0.050000272599447185 -0.050000302108267863 -0.050000242147805823 -0.050000248679524295 -0.050000237853880837 -0.050000242300427357 -0.050000242099722196 -0.050000241432591186 -0.050000242357865467
leaf_weight=0.0049282205895914135 0.29986954387277265 0.31477514747530122 8.3653589608147723 0.0021387531992331779 0.0010021814514402649 0.0013024861950725608 0.0015737502171759843 0.0050430557921572481 0.003687908450501709 0.0017994750996876974 0.0013872348199583939 0.088704142956885335 0.0016996368176478427 0.058597976601049595 0.0019665017907755091 0.0024641096524646846 0.012221050644711795 0.0011578932653719676
leaf_count=1030 20 21 559 447 156 253 274 1054 725 352 255 18538 348 12247 411 515 2553 242
internal_value=0.0479427 0.0500114 0.0500114 -0.0500002 -0.0500004 -0.0500003 -0.0500004 -0.0500002 -0.0500003 -0.0500003 -0.0500003 -0.0500002 -0.0500003 -0.0500002 -0.0500002 -0.0500002 -0.0500002 -0.0500002
internal_weight=9.16968 8.98 8.68013 0.189674 0.00601717 0.00501499 0.00287624 0.183657 0.0147752 0.00857426 0.00318671 0.168882 0.00538755 0.0782114 0.0906706 0.0610621 0.0171493 0.00620095
internal_count=40000 600 580 39400 1130 974 527 38270 2976 1680 607 35294 1073 16345 18949 12762 3583 1296
is_linear=0
shrinkage=0.05


Tree=162
num_leaves=14
num_cat=0
split_feature=2 4 0 7 3 3 3 0 0 0 0 0 0
split_gain=0.680813 0.00108242 0.0204143 2.2489e-05 7.34933e-05 0.000169898 1.72645e-07 4.0053e-14 1.42109e-14 8.88178e-16 2.77556e-17 8.67362e-19 4.33681e-19
threshold=1.0000000180025095e-35 7.9350000000000014 21550.000000000004 2.8950000000000005 4.5000000000000009 3.5000000000000004 3.5000000000000004 4850.0000000000009 11450.000000000002 45500.000000000007 10550.000000000002 2450.0000000000005 1650.0000000000002
decision_type=2 2 2 2 2 2 2 2 2 2 2 2 2
left_child=10 2 7 4 5 -3 -5 11 -8 -10 -1 12 -2
right_child=1 3 -4 6 -6 -7 8 -9 9 -11 -12 -13 -14
leaf_value=-0.050000224883540036 -0.050000227910291933 0.043399911123620537 0.050010844147306881 0.049972177217223565 0.050003827787824223 0.049940389108611288 0.050010854750335579 -0.050000578063186918 0.050010843886535511 0.050010844009457267 -0.050000225828711248 -0.050000228613461407 -0.050000226784423424
leaf_weight=0.17255002108277118 0.001520112436991349 0.015241304362460961 0.099645180627703667 0.29954249493311902 0.14261986984820396 0.028487738645708305 0.31347811967134465 0.0010040714309980103 6.7332260617986321 0.91104893852025259 0.0013426226655610654 0.0017112688533416076 0.0011423602727518301
leaf_count=37912 334 97 7 24 11 4 22 130 473 64 295 376 251
internal_value=0.0479421 0.0499344 0.0448897 0.0499972 0.049454 0.0476608 0.0500094 -0.0500003 0.0500108 0.0500108 -0.0500002 -0.0500002 -0.0500002
internal_weight=8.72256 8.54867 0.105023 8.44364 0.186349 0.043729 8.2573 0.00537781 7.95775 7.64428 0.173893 0.00437374 0.00266247
internal_count=40000 1793 1098 695 112 101 583 1091 559 537 38207 961 585
is_linear=0
shrinkage=0.05


Tree=163
num_leaves=27
num_cat=0
split_feature=1 2 7 7 3 4 2 0 0 0 2 3 4 7 1 4 1 0 0 7 0 7 1 7 0 0
split_gain=0.672856 5.83145e-14 1.31934e-13 5.50671e-14 2.93099e-14 2.92492e-14 1.77636e-15 8.88178e-16 8.88178e-16 4.44089e-16 2.22045e-16 2.22045e-16 2.22045e-16 2.22045e-16 4.16334e-17 4.16334e-17 2.25514e-17 2.08167e-17 1.38778e-17 6.93889e-18 6.07153e-18 3.46945e-18 1.73472e-18 1.73472e-18 8.67362e-19 8.67362e-19
threshold=0.14640000000000003 1.0000000180025095e-35 1.8050000000000004 3.2350000000000008 3.5000000000000004 7.7150000000000007 2.5000000000000004 41500.000000000007 14950.000000000002 23750.000000000004 1.5000000000000002 13.500000000000002 324.17000000000002 0.67500000000000016 0.013650000000000001 8.3750000000000018 0.0044500000000000008 2550.0000000000005 2650.0000000000005 0.95500000000000007 2450.0000000000005 0.69500000000000006 0.012350000000000002 0.49500000000000005 1650.0000000000002 1850.0000000000002
decision_type=2 2 2 2 2 2 2 2 2 2 2 2 2 2 2 2 2 2 2 2 2 2 2 2 2 2
left_child=1 13 5 -2 -5 23 9 8 -8 12 -11 -9 -6 14 16 17 24 -16 19 21 -21 -15 -18 -3 -1 -17
right_child=3 2 -4 4 6 -7 7 11 -10 10 -12 -13 -14 18 15 25 22 -19 -20 20 -22 -23 -24 -25 -26 -27
leaf_value=-0.050000220126863386 0.050010338914684462 -0.050000217263736838 -0.050000897672020997 0.050010331975280348 0.050010314611943607 -0.050000516333436176 0.050010314466149342 0.050010316468611288 0.050010316321950646 0.050010315530332611 0.050010313850076732 0.05001031571351492 0.050010313590556965 -0.05000021550257934 -0.050000220181360577 -0.050000215328592792 -0.050000215457946279 -0.05000021532778566 -0.050000215403297632 -0.050000219290874608 -0.050000215327882486 -0.050000215743792445 -0.050000217072924562 -0.050000215875211765 -0.05000021933403901 -0.05000021532864677
leaf_weight=0.0031128105351861954 0.27143156062811424 0.0013420737195701795 0.0010041784362329054 0.28483738005161274 0.75830026250332616 0.0010006787356360292 0.48748659808188666 0.44685383979231097 3.5206659212708473 0.36560770124196984 0.83954343013465405 0.77183831669390202 0.37915381696075201 0.0022123033245406978 0.0577060658629307 0.0037015909451838516 0.0083903013337476295 0.0019828478543786323 0.063780083828987699 0.0025932873436431683 0.0020607754549928359 0.015689603651935613 0.0013680780689355751 0.0029742077817900281 0.0016061926562542794 0.0012078871122866985
leaf_count=719 20 310 97 21 56 99 36 33 260 27 62 57 28 511 13329 855 1938 458 14732 599 476 3624 316 687 371 279
internal_value=0.0479404 -0.0500002 -0.0500004 0.0500103 0.0500103 -0.0500003 0.0500103 0.0500103 0.0500103 0.0500103 0.0500103 0.0500103 0.0500103 -0.0500002 -0.0500002 -0.0500002 -0.0500002 -0.0500002 -0.0500002 -0.0500002 -0.0500002 -0.0500002 -0.0500002 -0.0500002 -0.0500002 -0.0500002
internal_weight=8.29745 0.171733 0.00632114 8.12572 7.85429 0.00531696 7.56945 5.22684 4.00815 2.34261 1.20515 1.21869 1.13745 0.165412 0.0790758 0.0645984 0.0144774 0.0596889 0.0863361 0.022556 0.00465406 0.0179019 0.00975838 0.00431628 0.004719 0.00490948
internal_count=40000 39400 1193 600 580 1096 559 386 296 173 89 90 84 38207 18265 14921 3344 13787 19942 5210 1075 4135 2254 997 1090 1134
is_linear=0
shrinkage=0.05


Tree=164
num_leaves=20
num_cat=0
split_feature=1 7 3 7 4 3 4 7 3 3 1 7 0 7 7 0 0 1 4
split_gain=0.640034 4.9738e-14 2.75335e-14 2.6118e-14 3.49451e-14 3.50848e-15 1.80411e-15 1.54174e-15 1.47278e-15 4.64039e-16 2.90566e-16 2.19443e-16 1.38778e-16 2.77556e-17 4.85723e-17 7.80626e-18 3.46945e-18 8.67362e-19 4.33681e-19
threshold=0.14640000000000003 3.2350000000000008 3.5000000000000004 2.5950000000000002 5.6250000000000009 1.0000000180025095e-35 8.2550000000000008 3.1850000000000005 1.0000000180025095e-35 1.5000000000000002 0.041350000000000005 0.91500000000000015 2450.0000000000005 1.2250000000000003 0.94500000000000006 2450.0000000000005 7850.0000000000009 0.028850000000000004 10.635000000000003
decision_type=2 2 2 2 2 2 2 2 2 2 2 2 2 2 2 2 2 2 2
left_child=3 -2 -3 6 5 -5 12 -7 15 11 -11 -10 -1 14 -14 17 -15 -8 -17
right_child=1 2 -4 4 -6 7 8 -9 9 10 -12 -13 13 16 -16 18 -18 -19 -20
leaf_value=-0.050000209689885 0.050009834397929422 0.05000982784142697 0.050009811537458419 -0.050000207380096633 -0.050000588368222181 -0.050000258227404108 -0.050000208615729562 -0.050000338466279486 -0.050000239841572897 -0.050000244054114545 -0.050000276577047503 -0.050000216513934541 -0.050000205621018992 -0.050000205505311382 -0.050000209386390299 -0.050000206456986135 -0.050000209096049957 -0.050000209635928265 -0.050000204704605866
leaf_weight=0.083121394159206718 0.25819622632116068 0.27094835881143797 7.200354197062552 0.0017914245599968117 0.0010068899696307199 0.0011540056721059955 0.001186046632938087 0.0012443985469872132 0.0032079915131362213 0.0015666669801248645 0.001219912317537819 0.0014682246032862167 0.019343253243278014 0.025916720231634827 0.01582630133452767 0.0011819284154626075 0.0011530920623954435 0.0018902618212450761 0.0010789729785756208
leaf_count=20181 20 21 559 435 184 261 288 250 725 352 255 348 4697 6293 3843 287 280 459 262
internal_value=0.0479399 0.0500098 0.0500098 -0.0500002 -0.0500003 -0.0500003 -0.0500002 -0.0500003 -0.0500002 -0.0500002 -0.0500003 -0.0500002 -0.0500002 -0.0500002 -0.0500002 -0.0500002 -0.0500002 -0.0500002 -0.0500002
internal_weight=7.89286 7.7295 7.4713 0.163357 0.00519672 0.00418983 0.158161 0.0023984 0.0128 0.0074628 0.00278658 0.00467622 0.145361 0.0622394 0.0351696 0.00533721 0.0270698 0.00307631 0.0022609
internal_count=40000 600 580 39400 1130 946 38270 511 2976 1680 607 1073 35294 15113 8540 1296 6573 747 549
is_linear=0
shrinkage=0.05


Tree=165
num_leaves=16
num_cat=0
split_feature=1 2 7 7 4 0 0 7 0 2 4 4 4 0 1
split_gain=0.608814 4.30489e-14 8.52296e-14 3.90799e-14 1.81157e-14 8.88178e-16 8.88178e-16 1.11022e-15 1.33227e-15 2.22045e-16 2.77556e-17 1.73472e-18 1.73472e-18 8.67362e-19 4.33681e-19
threshold=0.14640000000000003 1.0000000180025095e-35 1.7150000000000001 3.2350000000000008 6.6950000000000012 41500.000000000007 19200.000000000004 6.2150000000000007 11950.000000000002 5.5000000000000009 8.5050000000000008 13.945000000000002 9.0550000000000015 2650.0000000000005 0.044650000000000002
decision_type=2 2 2 2 2 2 2 2 2 2 2 2 2 2 2
left_child=1 10 4 -2 13 6 7 8 -5 -7 -1 12 -12 14 -3
right_child=3 2 -4 5 -6 9 -8 -9 -10 -11 11 -13 -14 -15 -16
leaf_value=-0.050000197325158403 0.050009354135196665 -0.050000195725099887 -0.050000755217633655 0.050009336795119624 -0.050000434764545625 0.050009333815032808 0.050009333772491227 0.050009336976827135 0.050009332883170721 0.050009332571750123 -0.05000019532600776 -0.050000196023157195 -0.05000019608635408 -0.050000197101995471 -0.050000196835118062
leaf_weight=0.13898042692790102 0.24560614582151163 0.001386719979109329 0.0010042804688055185 0.26965756621211745 0.0010174074741371442 0.73515973985195138 4.3130645602941513 0.52708081062883128 0.80867812316864729 0.45334827713668346 0.0017001279388750845 0.0018920820102721345 0.0070982395013743371 0.0012927057896376937 0.0010184936591031146
leaf_count=35478 20 354 120 22 129 60 352 43 66 37 434 483 1812 330 260
internal_value=0.0479395 -0.0500002 -0.0500003 0.0500093 -0.0500002 0.0500093 0.0500093 0.0500093 0.0500093 0.0500093 -0.0500002 -0.0500002 -0.0500002 -0.0500002 -0.0500002
internal_weight=7.50799 0.15539 0.00571961 7.3526 0.00471533 7.10699 5.91848 1.60542 1.07834 1.18851 0.149671 0.0106904 0.00879837 0.00369792 0.00240521
internal_count=40000 39400 1193 600 1073 580 483 131 88 97 38207 2729 2246 944 614
is_linear=0
shrinkage=0.05


Tree=166
num_leaves=11
num_cat=0
split_feature=1 2 7 7 3 4 0 0 7 1
split_gain=0.579116 3.7581e-14 6.87202e-14 3.73035e-14 2.13163e-14 1.48891e-14 8.88178e-16 2.77556e-17 2.77556e-17 4.33681e-19
threshold=0.14640000000000003 1.0000000180025095e-35 1.655 3.2350000000000008 3.5000000000000004 6.455000000000001 62500.000000000007 10550.000000000002 2.2650000000000001 0.050450000000000009
decision_type=2 2 2 2 2 2 2 2 2 2
left_child=1 7 5 -2 -5 9 -6 8 -1 -3
right_child=3 2 -4 4 6 -7 -8 -9 -10 -11
leaf_value=-0.050000186164736074 0.050008898454736952 -0.050000186448654095 -0.050000694535327232 0.050008892759478209 0.050008877687248723 -0.050000405427236487 0.050008877578679702 -0.050000186325836318 -0.050000186350886912 -0.050000186150408465
leaf_weight=0.13604785395409624 0.23362986929714669 0.0023139963186622472 0.0010000167312682606 0.24516868498176325 6.2471989449113607 0.001001324633080003 0.26806955598294724 0.0010992472161888136 0.0052242617800857252 0.0011253228983605368
leaf_count=36510 20 621 132 21 536 138 23 295 1402 302
internal_value=0.047939 -0.0500002 -0.0500003 0.0500089 0.0500089 -0.0500002 0.0500089 -0.0500002 -0.0500002 -0.0500002
internal_weight=7.14188 0.147812 0.00544066 6.99407 6.76044 0.00444064 6.51527 0.142371 0.141272 0.00343932
internal_count=40000 39400 1193 600 580 1061 559 38207 37912 923
is_linear=0
shrinkage=0.05


Tree=167
num_leaves=9
num_cat=0
split_feature=1 2 0 7 3 0 7 3
split_gain=0.550868 3.12528e-14 5.68911e-14 2.84217e-14 1.59872e-14 8.88178e-16 1.76074e-16 7.37257e-17
threshold=0.14640000000000003 1.0000000180025095e-35 4850.0000000000009 3.2350000000000008 3.5000000000000004 48500.000000000007 0.7350000000000001 1.5000000000000002
decision_type=2 2 2 2 2 2 2 2
left_child=1 -1 6 -2 -5 -6 7 -3
right_child=3 2 -4 4 5 -7 -8 -9
leaf_value=-0.050000179422382031 0.050008463883401993 -0.050000241695001661 -0.050000643038377757 0.050008459284848442 0.050008445542222502 0.05000844572639962 -0.050000211433721645 -0.050000224100838889
leaf_weight=0.13542785314575656 0.22223749011754979 0.0011089985539456384 0.0010014451638653554 0.23321363981813181 5.6764849927276373 0.52108226716518391 0.0017718120589051978 0.0012930622308431339
leaf_count=38207 20 266 142 21 512 47 460 325
internal_value=0.0479386 -0.0500002 -0.0500003 0.0500084 0.0500084 0.0500084 -0.0500002 -0.0500002
internal_weight=6.79362 0.140603 0.00517532 6.65302 6.43078 6.19757 0.00417387 0.00240206
internal_count=40000 39400 1193 600 580 559 1051 591
is_linear=0
shrinkage=0.05


Tree=168
num_leaves=11
num_cat=0
split_feature=1 2 0 7 3 4 0 2 0 0
split_gain=0.523997 2.78111e-14 4.5612e-14 2.75335e-14 1.5099e-14 8.5331e-15 8.88178e-16 1.11022e-16 2.77556e-17 4.33681e-19
threshold=0.14640000000000003 1.0000000180025095e-35 4650.0000000000009 3.2350000000000008 3.5000000000000004 5.5750000000000011 46500.000000000007 4.5000000000000009 9950.0000000000018 2550.0000000000005
decision_type=2 2 2 2 2 2 2 2 2 2
left_child=1 8 5 -2 -5 9 -6 -8 -1 -3
right_child=3 2 -4 4 6 -7 7 -9 -10 -11
leaf_value=-0.050000168589012378 0.050008051029650495 -0.050000168580540905 -0.050000588030130348 0.050008045954268936 0.050008032352556048 -0.05000033772827539 0.05000803276668208 0.050008031670065636 -0.050000168582448302 -0.050000168592090659
leaf_weight=0.12755186278513964 0.21140053868293751 0.0018678890901355763 0.0010164589677970071 0.22184146475046862 5.2625821996480227 0.0010034706535861915 0.25310959387570608 0.37966404855251312 0.0012711185097487024 0.0010350974664561363
leaf_count=37830 20 554 158 21 499 174 24 36 377 307
internal_value=0.0479382 -0.0500002 -0.0500003 0.050008 0.050008 -0.0500002 0.050008 0.050008 -0.0500002 -0.0500002
internal_weight=6.46234 0.133746 0.00492292 6.3286 6.1172 0.00390646 5.89536 0.632774 0.128823 0.00290299
internal_count=40000 39400 1193 600 580 1035 559 60 38207 861
is_linear=0
shrinkage=0.05


Tree=169
num_leaves=9
num_cat=0
split_feature=1 2 0 7 3 4 0 0
split_gain=0.498438 2.42861e-14 3.77164e-14 2.04281e-14 1.59872e-14 6.6531e-15 8.88178e-16 2.77556e-17
threshold=0.14640000000000003 1.0000000180025095e-35 4550.0000000000009 3.2350000000000008 3.5000000000000004 5.2150000000000007 44500.000000000007 3350.0000000000005
decision_type=2 2 2 2 2 2 2 2
left_child=1 7 5 -2 -5 -3 -6 -1
right_child=3 2 -4 4 6 -7 -8 -9
leaf_value=-0.050000159564435868 0.050007657667397835 -0.050000160287243092 -0.050000547847954963 0.05000765430141068 0.05000764061258587 -0.050000310883310951 0.050007640495915606 -0.050000159606692976
leaf_weight=0.090156442398665493 0.20109195541590441 0.0026716047605077611 0.0010003067047819059 0.21102373953908671 4.8855776097625494 0.0010109125614690129 0.72230104450136412 0.032383790508220045
leaf_count=28110 20 833 167 21 487 193 72 10097
internal_value=0.0479379 -0.0500002 -0.0500003 0.0500076 0.0500076 -0.0500002 0.0500076 -0.0500002
internal_weight=6.14722 0.127223 0.00468282 6.01999 5.8189 0.00368252 5.60788 0.12254
internal_count=40000 39400 1193 600 580 1026 559 38207
is_linear=0
shrinkage=0.05


Tree=170
num_leaves=20
num_cat=0
split_feature=1 7 2 0 4 2 0 2 0 0 0 0 4 4 0 0 1 0 1
split_gain=0.474125 2.66454e-14 2.05252e-14 2.98086e-14 5.23106e-15 3.55271e-15 2.88658e-15 1.77636e-15 1.22125e-15 4.44089e-16 4.44089e-16 8.88178e-16 2.22045e-16 1.66533e-16 1.38778e-17 1.38778e-17 8.67362e-19 4.33681e-19 4.33681e-19
threshold=0.14640000000000003 3.2350000000000008 1.0000000180025095e-35 4350.0000000000009 4.9150000000000009 2.5000000000000004 18050.000000000004 6.5000000000000009 15300.000000000002 14950.000000000002 29250.000000000004 33250.000000000007 107.37500000000001 24.535000000000004 6950.0000000000009 5750.0000000000009 0.053950000000000005 6050.0000000000009 0.034650000000000007
decision_type=2 2 2 2 2 2 2 2 2 2 2 2 2 2 2 2 2 2 2
left_child=2 -2 14 4 18 6 8 9 -3 -7 12 -12 -8 -9 15 -1 -16 -17 -4
right_child=1 5 3 -5 -6 7 10 13 -10 -11 11 -13 -14 -15 16 17 -18 -19 -20
leaf_value=-0.050000152781368504 0.05000728680686798 0.050007270731073521 -0.050000152372031925 -0.050000500842178899 -0.050000288150466858 0.050007268436533164 0.0500072672220091 0.050007268966849316 0.050007276105082946 0.050007266187906255 0.050007272041271172 0.050007267821293923 0.050007268329016766 0.050007270769806558 -0.050000152633937492 -0.050000152701169212 -0.050000152631209618 -0.050000152702709702 -0.05000015264385315
leaf_weight=0.108262563521066 0.19128597155213345 0.23864182364195574 0.0011562518411665215 0.0010107696416525869 0.0010030384496531042 0.33400285523384887 0.41988972481340148 0.20039734244346608 0.19102332834154367 2.9391721393913031 0.20049191638827324 0.29582520574331284 0.50576547812670469 0.20994168985635042 0.0033498129080271602 0.0012600005304648212 0.0012691437962075724 0.0024223722984970664 0.0012843812417031586
leaf_count=35486 20 25 379 185 208 35 44 21 20 308 21 31 53 22 1098 413 416 794 421
internal_value=0.0479375 0.0500073 -0.0500002 -0.0500003 -0.0500002 0.0500073 0.0500073 0.0500073 0.0500073 0.0500073 0.0500073 0.0500073 0.0500073 0.0500073 -0.0500002 -0.0500002 -0.0500002 -0.0500002 -0.0500002
internal_weight=5.84746 5.72644 0.121018 0.00445444 0.00344367 5.53515 1.85164 3.68351 0.429665 3.27317 1.42197 0.496317 0.925655 0.410339 0.116564 0.111945 0.00461896 0.00368237 0.00244063
internal_count=40000 600 39400 1193 1008 580 194 386 45 343 149 52 97 43 38207 36693 1514 1207 800
is_linear=0
shrinkage=0.05


Tree=171
num_leaves=12
num_cat=0
split_feature=2 4 0 7 3 3 3 7 0 2 4
split_gain=0.434061 0.000689712 0.0130157 1.72695e-05 5.61746e-05 0.000128316 1.34465e-07 5.78834e-15 3.55271e-15 1.77636e-15 4.33681e-19
threshold=1.0000000180025095e-35 7.9350000000000014 21550.000000000004 2.8950000000000005 4.5000000000000009 3.5000000000000004 3.5000000000000004 1.1650000000000003 11450.000000000002 2.5000000000000004 2.3250000000000006
decision_type=2 2 2 2 2 2 2 2 2 2 2
left_child=-1 2 7 4 5 -3 -5 10 -8 -10 -2
right_child=1 3 -4 6 -6 -7 8 -9 9 -11 -12
leaf_value=-0.050000144959279048 -0.050000145084831804 0.042840355985683198 0.050006915140757072 0.049964182589894185 0.049999150256941578 0.049929073377823915 0.050006921400706596 -0.050000288003712673 0.050006912838165413 0.050006914845016619 -0.050000145095011994
leaf_weight=0.11087901968267022 0.0014190788667746137 0.0098420584581616621 0.063541438430547714 0.1910265339865872 0.090946734673707397 0.018168595695897238 0.19989780616015185 0.0010000758347814553 1.5159303685650227 3.358648051507771 0.0010098962957272306
leaf_count=38207 489 97 7 24 11 4 22 254 167 370 348
internal_value=0.0479372 0.0499292 0.0448863 0.0499919 0.0493962 0.0474383 0.0500054 -0.0500002 0.0500069 0.0500069 -0.0500001
internal_weight=5.56231 5.45143 0.0669705 5.38446 0.118957 0.0280107 5.2655 0.00342905 5.07448 4.87458 0.00242898
internal_count=40000 1793 1098 695 112 101 583 1091 559 537 837
is_linear=0
shrinkage=0.05


Tree=172
num_leaves=10
num_cat=0
split_feature=1 2 4 7 3 7 2 1 1
split_gain=0.429291 1.98591e-14 3.00497e-14 1.5099e-14 7.10543e-15 3.49373e-15 1.77636e-15 1.38778e-17 4.33681e-19
threshold=0.14640000000000003 1.0000000180025095e-35 6.535000000000001 3.2350000000000008 3.5000000000000004 1.0750000000000004 6.5000000000000009 0.050150000000000007 0.036450000000000003
decision_type=2 2 2 2 2 2 2 2 2
left_child=1 7 5 -2 -5 8 -6 -1 -3
right_child=3 2 -4 4 6 -7 -8 -9 -10
leaf_value=-0.050000139906513454 0.050006592694167233 -0.050000138544092937 -0.050000488793751942 0.050006588017222436 0.050006578233189693 -0.050000251544042307 0.050006574902573001 -0.050000139891102448 -0.050000137421389881
leaf_weight=0.071947578687968305 0.1731495577841996 0.0010517400407934465 0.0010098673085394694 0.18164135515689839 4.4555508904159069 0.0010010371327098255 0.37129512894898642 0.033523821331982617 0.0010434558880660916
leaf_count=26063 20 381 151 21 516 283 43 12144 378
internal_value=0.0479355 -0.0500001 -0.0500003 0.0500066 0.0500066 -0.0500002 0.0500066 -0.0500001 -0.0500001
internal_weight=5.29121 0.109578 0.0041061 5.18164 5.00849 0.00309623 4.82685 0.105471 0.0020952
internal_count=40000 39400 1193 600 580 1042 559 38207 759
is_linear=0
shrinkage=0.05


Tree=173
num_leaves=22
num_cat=0
split_feature=1 2 4 7 3 7 0 2 2 0 2 0 7 0 1 1 1 1 4 1 4
split_gain=0.408351 1.77358e-14 2.48577e-14 1.42109e-14 7.10543e-15 2.58994e-15 8.88178e-16 8.88178e-16 2.66454e-15 1.11022e-16 5.55112e-17 4.16334e-17 3.46945e-17 6.93889e-18 6.93889e-18 6.93889e-18 6.93889e-18 6.93889e-18 3.46945e-18 8.67362e-19 8.67362e-19
threshold=0.14640000000000003 1.0000000180025095e-35 6.3150000000000004 3.2350000000000008 3.5000000000000004 1.0250000000000001 14950.000000000002 6.5000000000000009 2.5000000000000004 11950.000000000002 7.5000000000000009 2450.0000000000005 1.2650000000000003 7850.0000000000009 0.041350000000000005 0.010450000000000003 0.0047500000000000007 0.0093500000000000024 9.3750000000000018 0.0053500000000000015 2.7750000000000004
decision_type=2 2 2 2 2 2 2 2 2 2 2 2 2 2 2 2 2 2 2 2 2
left_child=1 11 5 -2 -5 -3 9 8 -8 -6 -9 14 17 -14 15 16 -1 19 -19 -13 -15
right_child=3 2 -4 4 6 -7 7 10 -10 -11 -12 12 13 20 -16 -17 -18 18 -20 -21 -22
leaf_value=-0.050000130116978514 0.050006272486812657 -0.050000131054004693 -0.050000453970944249 0.050006267347116419 0.050006256161771505 -0.050000230384132663 0.050006255901239242 0.050006254414643049 0.050006258604891454 0.050006254861658786 0.050006254047549263 -0.050000130233707786 -0.050000130173247573 -0.050000132941378728 -0.050000130023133187 -0.050000129918088138 -0.050000133129978419 -0.050000133597676938 -0.050000131229535651 -0.050000131608960677 -0.050000132181079952
leaf_weight=0.003652619251397371 0.16470598708838213 0.0018984814312261724 0.0010045900630757387 0.17278368398547161 0.20535161532461632 0.0010027729351804737 1.2566949529573324 0.16427357681095589 2.5298187006264925 0.25462669227272272 0.18070111703127623 0.0017856082004072951 0.017194344579138487 0.0014652396391738867 0.024108338071755497 0.023701323899103954 0.0043353517712603207 0.020397951427185035 0.0011658937562515339 0.0014363643842898455 0.0010844795922366757
leaf_count=1391 20 723 165 21 25 305 153 20 308 31 22 680 6548 558 9181 9026 1651 7768 444 547 413
internal_value=0.0479352 -0.0500001 -0.0500002 0.0500063 0.0500063 -0.0500002 0.0500063 0.0500063 0.0500063 0.0500063 0.0500063 -0.0500001 -0.0500001 -0.0500001 -0.0500001 -0.0500001 -0.0500001 -0.0500001 -0.0500001 -0.0500001 -0.0500001
internal_weight=5.03319 0.104233 0.00390584 4.92896 4.76425 0.00290125 4.59147 4.13149 3.78651 0.459978 0.344975 0.100328 0.0445299 0.0197441 0.0557976 0.0316893 0.00798797 0.0247858 0.0215638 0.00322197 0.00254972
internal_count=40000 39400 1193 600 580 1028 559 503 461 56 42 38207 16958 7519 21249 12068 3042 9439 8212 1227 971
is_linear=0
shrinkage=0.05


Tree=174
num_leaves=12
num_cat=0
split_feature=1 2 4 7 3 7 2 2 2 0 4
split_gain=0.388433 1.57097e-14 2.0115e-14 1.06581e-14 2.66454e-15 1.81972e-15 1.77636e-15 1.77636e-15 4.44089e-16 1.38778e-17 1.38778e-17
threshold=0.14640000000000003 1.0000000180025095e-35 5.9350000000000014 3.2950000000000004 3.5000000000000004 0.96500000000000008 2.5000000000000004 6.5000000000000009 4.5000000000000009 9750.0000000000018 3.5850000000000004
decision_type=2 2 2 2 2 2 2 2 2 2 2
left_child=1 9 5 -2 -5 -3 -6 8 -8 10 -1
right_child=3 2 -4 4 6 -7 7 -9 -10 -11 -12
leaf_value=-0.050000122924372947 0.050005964490295485 -0.050000124537010721 -0.050000417888435025 0.050005959101135748 0.050005950816996936 -0.050000209109192909 0.05000595328434574 0.050005949150890461 0.050005953369410321 -0.050000124273392579 -0.050000123211576424
leaf_weight=0.063082666776608565 0.1723015927709638 0.0016785045454525962 0.0010124093237209308 0.16435790620744217 1.3360531320795415 0.0010244411321309599 1.7188987554982311 0.33596582338213909 0.96101895347237576 0.001019100586518106 0.031332728306551871
leaf_count=25255 22 672 185 21 171 336 220 43 123 408 12544
internal_value=0.0479349 -0.0500001 -0.0500002 0.050006 0.050006 -0.0500002 0.050006 0.050006 0.050006 -0.0500001 -0.0500001
internal_weight=4.78775 0.0991499 0.00371536 4.6886 4.51629 0.00270295 4.35194 3.01588 2.67992 0.0954345 0.0944154
internal_count=40000 39400 1193 600 578 1008 557 386 343 38207 37799
is_linear=0
shrinkage=0.05


Tree=175
num_leaves=19
num_cat=0
split_feature=2 4 0 7 3 3 3 7 0 0 0 0 4 7 7 7 7 7
split_gain=0.35536 0.000564336 0.0106561 1.70092e-05 5.50509e-05 0.000124137 1.34458e-07 2.33624e-15 1.77636e-15 4.44089e-16 2.77556e-17 6.93889e-18 6.93889e-18 6.93889e-18 6.93889e-18 2.42861e-17 5.20417e-18 8.67362e-19
threshold=1.0000000180025095e-35 7.9350000000000014 21550.000000000004 2.8950000000000005 4.5000000000000009 3.5000000000000004 3.5000000000000004 1.0150000000000003 11450.000000000002 58500.000000000007 2550.0000000000005 8950.0000000000018 8.5050000000000008 1.4350000000000003 1.2250000000000003 0.94500000000000006 2.6250000000000004 1.385
decision_type=2 2 2 2 2 2 2 2 2 2 2 2 2 2 2 2 2 2
left_child=10 2 7 4 5 -3 -5 -2 -8 -10 12 13 -1 14 15 -12 -15 -16
right_child=1 3 -4 6 -6 -7 8 -9 9 -11 11 -13 -14 16 17 -17 -18 -19
leaf_value=-0.050000115037137229 -0.050000119047672965 0.042248063872417474 0.050005660927341378 0.049958438520806878 0.049997077933374781 0.049919657867057272 0.050005665615148943 -0.050000214159111406 0.050005660525934109 0.050005660775284566 -0.050000115501896827 -0.050000118199823307 -0.050000117303214513 -0.05000011515161279 -0.050000115021506364 -0.050000118902175185 -0.050000117464938411 -0.050000115101191157
leaf_weight=0.048929150469575577 0.0018009756722675565 0.008168150236542604 0.052024600096046925 0.15641683346257185 0.074463896748056868 0.01487792343914407 0.16366648580878962 0.0010064955579309753 3.7681002169847493 0.22296444792300452 0.0099863629936862708 0.0013519323858872659 0.0038324881634252952 0.010836972776132825 0.0043837350824560408 0.0090169506165693747 0.0014184605345235477 0.0010240594572223927
leaf_count=20593 758 97 7 24 11 4 22 333 507 30 4203 569 1613 4561 1845 3795 597 431
internal_value=0.0479346 0.0499265 0.0448852 0.0499892 0.0493362 0.0472006 0.0500039 -0.0500002 0.0500057 0.0500057 -0.0500001 -0.0500001 -0.0500001 -0.0500001 -0.0500001 -0.0500001 -0.0500001 -0.0500001
internal_weight=4.55427 4.46349 0.0548321 4.40866 0.09751 0.0230461 4.31115 0.00280747 4.15473 3.99106 0.0907801 0.0380185 0.0527616 0.0366665 0.0244111 0.0190033 0.0122554 0.00540779
internal_count=40000 1793 1098 695 112 101 583 1091 559 537 38207 16001 22206 15432 10274 7998 5158 2276
is_linear=0
shrinkage=0.05


Tree=176
num_leaves=16
num_cat=0
split_feature=1 7 2 4 3 7 3 0 7 0 0 7 7 1 0
split_gain=0.351724 1.5099e-14 1.48492e-14 2.05075e-14 5.32907e-15 1.17614e-15 4.44089e-16 4.16334e-17 4.16334e-17 6.93889e-18 6.93889e-18 6.93889e-18 5.20417e-18 3.46945e-18 1.73472e-18
threshold=0.14640000000000003 3.2350000000000008 1.0000000180025095e-35 5.745000000000001 3.5000000000000004 0.91500000000000015 18.500000000000004 2450.0000000000005 1.2250000000000003 1250.0000000000002 8050.0000000000009 0.95500000000000007 0.64500000000000013 0.036450000000000003 3850.0000000000005
decision_type=2 2 2 2 2 2 2 2 2 2 2 2 2 2 2
left_child=2 -2 7 5 -3 -4 -6 9 11 13 -10 12 -9 -1 -13
right_child=1 4 3 -5 6 -7 -8 8 10 -11 -12 14 -14 -15 -16
leaf_value=-0.05000011521188874 0.050005401158451972 0.050005394094423145 -0.050000112683166058 -0.050000410905820393 0.050005384375020695 -0.050000183307541558 0.050005384472531181 -0.050000115369306576 -0.050000115328346022 -0.050000115380048393 -0.050000112070886976 -0.050000111049953923 -0.050000111652712113 -0.050000115628138803 -0.050000110979576351
leaf_weight=0.0079262726983414522 0.14182380028069008 0.14872584771364916 0.0014193299580256271 0.0010016970447850326 3.8105849456042056 0.0010083164565912739 0.14139415090903629 0.0012317704017732476 0.016141829942853292 0.031958225304833832 0.0019708127983903969 0.0058650347912134748 0.010215784026513575 0.0081409851977696235 0.0029020059650974872
leaf_count=3507 20 21 628 193 539 372 20 545 7142 14140 872 2595 4520 3602 1284
internal_value=0.0479329 0.0500054 -0.0500001 -0.0500002 0.0500054 -0.0500001 0.0500054 -0.0500001 -0.0500001 -0.0500001 -0.0500001 -0.0500001 -0.0500001 -0.0500001 -0.0500001
internal_weight=4.33231 4.24253 0.0897821 0.00342934 4.1007 0.00242765 3.95198 0.0863527 0.0383272 0.0480255 0.0181126 0.0202146 0.0114476 0.0160673 0.00876704
internal_count=40000 600 39400 1193 580 1000 559 38207 16958 21249 8014 8944 5065 7109 3879
is_linear=0
shrinkage=0.05


Tree=177
num_leaves=13
num_cat=0
split_feature=1 3 7 4 7 4 3 0 3 0 7 1
split_gain=0.334569 1.15463e-14 6.20337e-15 4.67942e-15 4.44089e-15 8.60423e-16 6.53991e-16 4.44089e-16 1.24033e-16 1.11022e-16 4.2067e-17 4.33681e-19
threshold=0.14640000000000003 3.5000000000000004 2.5950000000000002 3.3250000000000006 3.2950000000000004 8.1350000000000033 1.0000000180025095e-35 19200.000000000004 1.5000000000000002 16050.000000000002 0.63500000000000012 0.037350000000000008
decision_type=2 2 2 2 2 2 2 2 2 2 2 2
left_child=2 -2 5 -4 -3 -1 11 9 10 -6 -8 -7
right_child=1 4 3 -5 7 6 8 -9 -10 -11 -12 -13
leaf_value=-0.050000105820832932 0.050005136299834219 0.050005130940346545 -0.050000132854254434 -0.050000267696981397 0.050005121753230741 -0.050000105759973691 -0.050000136741788971 0.050005122037026173 -0.050000147937024245 0.05000512129287097 -0.050000123950352839 -0.05000010575997188
leaf_weight=0.075641331659653477 0.14834380894899357 0.14148789457976851 0.0016987868491469263 0.0010354662808822468 0.57835427252575788 0.0014877323428663649 0.0012199929292364686 2.9051799490116537 0.0015477210140488751 0.2622729716822505 0.0013598352222743415 0.0014124857648312172
leaf_count=35183 22 21 738 392 86 692 512 432 626 39 600 657
internal_value=0.0479326 0.0500051 -0.0500001 -0.0500002 0.0500051 -0.0500001 -0.0500001 0.0500051 -0.0500001 0.0500051 -0.0500001 -0.0500001
internal_weight=4.12104 4.03564 0.0854034 0.00273425 3.8873 0.0826691 0.00702777 3.74581 0.00412755 0.840627 0.00257983 0.00290022
internal_count=40000 600 39400 1130 578 38270 3087 557 1738 125 1112 1349
is_linear=0
shrinkage=0.05


Tree=178
num_leaves=17
num_cat=0
split_feature=1 7 3 7 3 4 3 0 3 7 7 1 1 4 1 0
split_gain=0.31825 1.15463e-14 5.32907e-15 5.20417e-15 3.9157e-15 5.96745e-16 5.92408e-16 4.44089e-16 1.27936e-16 1.249e-16 5.55112e-17 2.08167e-17 1.12757e-17 1.04083e-17 6.93889e-18 4.33681e-19
threshold=0.14640000000000003 3.2350000000000008 3.5000000000000004 2.5950000000000002 1.0000000180025095e-35 8.2550000000000008 1.0000000180025095e-35 51000.000000000007 1.5000000000000002 0.64500000000000013 0.7350000000000001 0.016250000000000004 0.0044500000000000008 6.455000000000001 0.065850000000000006 2050.0000000000005
decision_type=2 2 2 2 2 2 2 2 2 2 2 2 2 2 2 2
left_child=3 -2 -3 5 -5 9 15 -4 10 11 -8 12 -1 -13 -11 -7
right_child=1 2 7 4 -6 6 8 -9 -10 14 -12 13 -14 -15 -16 -17
leaf_value=-0.050000105291888489 0.050004886170195773 0.050004880697297062 0.050004870699587735 -0.050000100359707304 -0.050000225616984521 -0.050000100064145896 -0.050000130445397584 0.050004870467115693 -0.050000142677357098 -0.050000100462711576 -0.050000115036171272 -0.050000105346445348 -0.050000101050869855 -0.05000010170207795 -0.050000100700707963 -0.050000100064149712
leaf_weight=0.0019550669421736213 0.1283287690021101 0.13457405893132124 3.3328480701893572 0.0010388845455508991 0.0015620179437974002 0.0012577060272178633 0.0013337863172182551 0.24308629846200336 0.0014333823287415726 0.032705074931982381 0.0010326432584406575 0.024426065780289719 0.0053762549719067465 0.0016728498189877419 0.0060517771521517707 0.001392679356968074
leaf_count=956 20 21 521 508 622 615 591 38 607 15992 482 11944 2627 818 2957 681
internal_value=0.0479324 0.0500049 0.0500049 -0.0500001 -0.0500002 -0.0500001 -0.0500001 0.0500049 -0.0500001 -0.0500001 -0.0500001 -0.0500001 -0.0500001 -0.0500001 -0.0500001 -0.0500001
internal_weight=3.92008 3.83884 3.71051 0.0812382 0.0026009 0.0786373 0.0064502 3.57593 0.00379981 0.0721871 0.00236643 0.0334302 0.00733132 0.0260989 0.0387569 0.00265039
internal_count=40000 600 580 39400 1130 38270 2976 559 1680 35294 1073 16345 3583 12762 18949 1296
is_linear=0
shrinkage=0.05


Tree=179
num_leaves=9
num_cat=0
split_feature=1 7 2 4 0 0 0 7
split_gain=0.302728 1.06581e-14 9.36751e-15 1.04886e-14 4.44089e-16 1.38778e-17 1.38778e-17 1.73472e-18
threshold=0.14640000000000003 3.2350000000000008 1.0000000180025095e-35 4.7650000000000006 61500.000000000007 9150.0000000000018 5850.0000000000009 2.6250000000000004
decision_type=2 2 2 2 2 2 2 2
left_child=2 -2 5 -4 -3 6 -1 -8
right_child=1 4 3 -5 -6 -7 7 -9
leaf_value=-0.050000099268462384 0.050004648767362381 0.050004634138607056 -0.050000122562594451 -0.050000321641959 0.050004633616821503 -0.050000097362174784 -0.050000099247652099 -0.050000097181421246
leaf_weight=0.069317290474601001 0.1220706659369174 3.38351992238313 0.0019504259419136352 0.001001239565312062 0.14604120468720783 0.0010057131898975049 0.0028751704114711165 0.0011263226649589342
leaf_count=35633 20 556 934 259 24 517 1478 579
internal_value=0.0479322 0.0500046 -0.0500001 -0.0500002 0.0500046 -0.0500001 -0.0500001 -0.0500001
internal_weight=3.72891 3.65163 0.0772762 0.00295167 3.52956 0.0743245 0.0733188 0.00400149
internal_count=40000 600 39400 1193 580 38207 37690 2057
is_linear=0
shrinkage=0.05


Tree=180
num_leaves=7
num_cat=0
split_feature=1 2 4 7 0 0
split_gain=0.287962 8.09075e-15 8.24861e-15 6.21725e-15 8.88178e-16 1.38778e-17
threshold=0.14640000000000003 1.0000000180025095e-35 4.4450000000000012 3.2350000000000008 53500.000000000007 8950.0000000000018
decision_type=2 2 2 2 2 2
left_child=1 5 -3 -2 -5 -1
right_child=3 2 -4 4 -6 -7
leaf_value=-0.050000094068346025 0.050004420500247983 -0.050000116845230272 -0.050000295790446805 0.05000440869807813 0.050004408220512275 -0.050000092681456665
leaf_weight=0.069646769221435867 0.11611772608011994 0.0018071930016958495 0.0010005185928321225 3.1664231414906685 0.19101404305547465 0.0010528864210073144
leaf_count=37638 20 908 285 547 33 569
internal_value=0.047932 -0.0500001 -0.0500002 0.0500044 0.0500044 -0.0500001
internal_weight=3.54706 0.0735074 0.00280771 3.47355 3.35744 0.0706997
internal_count=40000 39400 1193 600 580 38207
is_linear=0
shrinkage=0.05


Tree=181
num_leaves=8
num_cat=0
split_feature=1 2 4 7 0 0 0
split_gain=0.273917 7.23033e-15 6.53644e-15 5.77316e-15 4.44089e-16 5.55112e-17 1.38778e-17
threshold=0.14640000000000003 1.0000000180025095e-35 4.1150000000000011 3.2350000000000008 48500.000000000007 63500.000000000007 7850.0000000000009
decision_type=2 2 2 2 2 2 2
left_child=1 6 -3 -2 -5 -6 -1
right_child=3 2 -4 4 5 -7 -8
leaf_value=-0.050000088068506823 0.050004205936583716 -0.050000111113289017 -0.050000272552881767 0.050004194210759779 0.05000419388314549 0.050004194608966074 -0.050000087430445476
leaf_weight=0.065542469580919138 0.11045506130903993 0.0016649390757947904 0.0010058392657583681 2.934923156164587 0.14866267750039686 0.11012056609615684 0.0017091292254463033
leaf_count=37236 20 880 313 533 27 20 971
internal_value=0.0479318 -0.0500001 -0.0500002 0.0500042 0.0500042 0.0500042 -0.0500001
internal_weight=3.37408 0.0699224 0.00267078 3.30416 3.19371 0.258783 0.0672516
internal_count=40000 39400 1193 600 580 47 38207
is_linear=0
shrinkage=0.05


Tree=182
num_leaves=12
num_cat=0
split_feature=1 2 3 7 0 0 7 1 1 1 1
split_gain=0.260557 6.25888e-15 5.77316e-15 3.10862e-15 2.79681e-15 2.77556e-17 1.04083e-17 3.46945e-18 1.73472e-18 1.73472e-18 1.30104e-18
threshold=0.14640000000000003 1.0000000180025095e-35 3.5000000000000004 3.2950000000000004 2850.0000000000005 2450.0000000000005 1.3050000000000004 0.010450000000000003 0.067150000000000015 0.071750000000000022 0.0044500000000000008
decision_type=2 2 2 2 2 2 2 2 2 2 2
left_child=1 5 -2 -4 -3 -1 7 10 -8 -9 -7
right_child=2 4 3 -5 -6 6 8 9 -10 -11 -12
leaf_value=-0.05000008446601735 0.050004000324410616 -0.05000011987927671 0.050003995971049757 0.050003988414147132 -0.050000226515183911 -0.050000084777831778 -0.050000083700508395 -0.050000081794510487 -0.05000008289749637 -0.050000081955794223 -0.050000083050591428
leaf_weight=0.035578173769068022 0.11553283687680993 0.0014970085961749638 0.11019331915304098 2.9173020422458649 0.0010435147638645503 0.0010046074868341739 0.010087913188385755 0.012435366535214598 0.001679365157997382 0.0017647604574904116 0.0014215196376881067
leaf_count=21249 22 762 21 557 431 600 6025 7427 1003 1054 849
internal_value=0.0479316 -0.0500001 0.050004 0.050004 -0.0500002 -0.0500001 -0.0500001 -0.0500001 -0.0500001 -0.0500001 -0.0500001
internal_weight=3.20954 0.0665122 3.14303 3.0275 0.00254052 0.0639717 0.0283935 0.0166263 0.0117673 0.0142001 0.00242613
internal_count=40000 39400 600 578 1193 38207 16958 9930 7028 8481 1449
is_linear=0
shrinkage=0.05


Tree=183
num_leaves=11
num_cat=0
split_feature=1 2 4 3 0 0 0 1 1 1
split_gain=0.247848 5.05151e-15 4.34071e-15 3.9968e-15 1.33227e-15 4.44089e-16 6.93889e-18 6.93889e-18 1.73472e-18 1.73472e-18
threshold=0.14640000000000003 1.0000000180025095e-35 3.6250000000000004 3.5000000000000004 10450.000000000002 61500.000000000007 8650.0000000000018 0.058450000000000009 0.084950000000000012 0.078050000000000022
decision_type=2 2 2 2 2 2 2 2 2 2
left_child=1 6 -3 -2 -5 -6 7 -1 9 -9
right_child=3 2 -4 4 5 -7 -8 8 -10 -11
leaf_value=-0.050000081845199752 0.050003803935788863 -0.050000099075670323 -0.05000023507081041 0.050003799582140664 0.050003794275253845 0.050003794755418642 -0.050000079786043497 -0.050000081899950415 -0.050000081902382448 -0.050000081921658258
leaf_weight=0.046264366023251902 0.10989865334704552 0.0014137458570075969 0.0010028750938317899 0.11976777343079481 2.6405154145322745 0.11957038287073363 0.0010591247894353719 0.0098141361179386877 0.0013505985999699996 0.0023635469756300162
leaf_count=29048 22 830 363 24 530 24 665 6162 848 1484
internal_value=0.0479314 -0.0500001 -0.0500002 0.0500038 0.0500038 0.0500038 -0.0500001 -0.0500001 -0.0500001 -0.0500001
internal_weight=3.05302 0.0632684 0.00241662 2.98975 2.87985 2.76009 0.0608518 0.0597926 0.0135283 0.0121777
internal_count=40000 39400 1193 600 578 554 38207 37542 8494 7646
is_linear=0
shrinkage=0.05


Tree=184
num_leaves=7
num_cat=0
split_feature=1 2 4 3 7 1
split_gain=0.23576 4.29518e-15 3.35712e-15 2.66454e-15 8.88178e-16 1.38778e-17
threshold=0.14640000000000003 1.0000000180025095e-35 3.3650000000000007 3.5000000000000004 3.2950000000000004 0.020750000000000001
decision_type=2 2 2 2 2 2
left_child=1 5 -3 -2 -5 -1
right_child=3 2 -4 4 -6 -7
leaf_value=-0.050000077973479828 0.050003618768751514 -0.050000094231937742 -0.05000021590208803 0.050003614548051092 0.050003610285870241 -0.050000078390209673
leaf_weight=0.016563608589877155 0.10453921090811524 0.0012830671304300259 0.0010156941661989549 0.09970777761191163 2.6397034889087081 0.04132039173305202
leaf_count=10933 22 792 401 21 557 27274
internal_value=0.0479312 -0.0500001 -0.0500001 0.0500036 0.0500036 -0.0500001
internal_weight=2.90413 0.0601828 0.00229876 2.84395 2.73941 0.057884
internal_count=40000 39400 1193 600 578 38207
is_linear=0
shrinkage=0.05


Tree=185
num_leaves=12
num_cat=0
split_feature=1 7 2 4 3 4 2 2 7 7 4
split_gain=0.224261 4.88498e-15 4.08701e-15 2.74867e-15 1.77636e-15 8.88178e-16 4.44089e-16 4.44089e-16 1.11022e-16 5.55112e-17 1.38778e-17
threshold=0.14640000000000003 3.2950000000000004 1.0000000180025095e-35 3.1950000000000007 3.5000000000000004 19.815000000000001 2.5000000000000004 6.5000000000000009 6.7300000000000013 11.290000000000001 11.365
decision_type=2 2 2 2 2 2 2 2 2 2 2
left_child=2 -2 10 -4 -3 9 8 -8 -7 -6 -1
right_child=1 4 3 -5 5 6 7 -9 -10 -11 -12
leaf_value=-0.050000071100980384 0.050003442908665222 0.050003438371164832 -0.050000089376123991 -0.050000201905190646 0.050003432241572443 0.050003432599141986 0.050003430350484747 0.050003434188900367 0.05000343215644959 0.050003434150671704 -0.050000072150055391
leaf_weight=0.053465653958255976 0.099451010115444993 0.09483540337532792 0.001186270898415386 0.0010003787896266658 0.108192149549723 0.16679892176762257 1.3839654852636156 0.1172089329920708 0.58153450721874833 0.15327231865376234 0.0015953167087445754
leaf_count=37100 22 21 771 422 24 37 307 26 129 34 1107
internal_value=0.0479311 0.0500034 -0.0500001 -0.0500001 0.0500034 0.0500034 0.0500034 0.0500034 0.0500034 0.0500034 -0.0500001
internal_weight=2.76251 2.70526 0.0572476 0.00218665 2.60581 2.51097 2.24951 1.50117 0.748333 0.261464 0.055061
internal_count=40000 600 39400 1193 578 557 499 333 166 58 38207
is_linear=0
shrinkage=0.05


Tree=186
num_leaves=8
num_cat=0
split_feature=1 7 2 4 3 0 1
split_gain=0.213323 4.44089e-15 3.20577e-15 2.13761e-15 1.33227e-15 4.44089e-16 1.38778e-17
threshold=0.14640000000000003 3.2350000000000008 1.0000000180025095e-35 2.8050000000000002 3.5000000000000004 48500.000000000007 0.044050000000000006
decision_type=2 2 2 2 2 2 2
left_child=2 -2 6 -4 -3 -6 -1
right_child=1 4 3 -5 5 -7 -8
leaf_value=-0.050000070340923131 0.050003276581139226 0.050003270088901292 -0.050000083845178039 -0.050000185233945817 0.050003264430962917 0.050003263765416195 -0.050000070362045838
leaf_weight=0.031765064908086393 0.086024049203843211 0.090210521593690252 0.0010564596764197623 0.0010235461347747332 2.1955513181164865 0.20154424430802453 0.020610552231346446
leaf_count=23172 20 21 724 469 512 47 15035
internal_value=0.0479309 0.0500033 -0.0500001 -0.0500001 0.0500033 0.0500033 -0.0500001
internal_weight=2.62779 2.57333 0.0544556 0.00208001 2.48731 2.3971 0.0523756
internal_count=40000 600 39400 1193 580 559 38207
is_linear=0
shrinkage=0.05


Tree=187
num_leaves=8
num_cat=0
split_feature=1 7 2 3 3 1 1
split_gain=0.202918 3.55271e-15 2.93515e-15 8.88178e-16 4.44089e-16 6.93889e-18 4.33681e-19
threshold=0.14640000000000003 3.2350000000000008 1.0000000180025095e-35 3.5000000000000004 16.500000000000004 0.079050000000000023 0.084950000000000012
decision_type=2 2 2 2 2 2 2
left_child=2 -2 5 -3 -5 -1 -7
right_child=1 3 -4 4 -6 6 -8
leaf_value=-0.050000065380547777 0.050003115643448053 0.050003112415773869 -0.050000127467679192 0.050003105808543759 0.050003106593337981 -0.050000065384823413 -0.050000065378034642
leaf_weight=0.047050271055241288 0.081828861031681632 0.085811167489737605 0.0019785629772286475 2.104795822873712 0.17539906129240979 0.0016547527064858505 0.0011162087012053235
leaf_count=36082 20 21 1193 516 43 1269 856
internal_value=0.0479307 0.0500031 -0.0500001 0.0500031 0.0500031 -0.0500001 -0.0500001
internal_weight=2.49963 2.44783 0.0517998 2.36601 2.28019 0.0498212 0.00277096
internal_count=40000 600 39400 580 559 38207 2125
is_linear=0
shrinkage=0.05


Tree=188
num_leaves=6
num_cat=0
split_feature=1 7 2 0 0
split_gain=0.193021 2.66454e-15 2.3731e-15 4.44089e-16 6.93889e-18
threshold=0.14640000000000003 3.2350000000000008 1.0000000180025095e-35 48500.000000000007 7850.0000000000009
decision_type=2 2 2 2 2
left_child=2 -2 4 -3 -1
right_child=1 3 -4 -5 -6
leaf_value=-0.05000006400496914 0.050002964290217881 0.050002955267003137 -0.050000121200169327 0.050002955038418978 -0.050000062775785094
leaf_weight=0.046187019767899407 0.077838251600042319 2.0682553446386014 0.001882067548763188 0.18236587475985278 0.0012044035986491499
leaf_count=37236 20 533 1193 47 971
internal_value=0.0479306 0.050003 -0.0500001 0.050003 -0.0500001
internal_weight=2.37773 2.32846 0.0492735 2.25062 0.0473914
internal_count=40000 600 39400 580 38207
is_linear=0
shrinkage=0.05


Tree=189
num_leaves=9
num_cat=0
split_feature=1 2 3 7 1 1 1 1
split_gain=0.183607 2.26902e-15 2.22045e-15 4.44089e-16 6.93889e-18 6.93889e-18 1.73472e-18 4.33681e-19
threshold=0.14640000000000003 1.0000000180025095e-35 3.5000000000000004 4.2700000000000005 0.077550000000000022 0.015850000000000006 0.013350000000000002 0.084950000000000012
decision_type=2 2 2 2 2 2 2 2
left_child=1 4 -2 -4 5 6 -1 -6
right_child=2 -3 3 -5 7 -7 -8 -9
leaf_value=-0.050000057853912587 0.050002818424598007 -0.050000115288450532 0.050002813624310506 0.050002810401578779 -0.050000057841781312 -0.050000057861502738 -0.050000057848088697 -0.050000057828994082
leaf_weight=0.0083052579715289232 0.081416490953415965 0.0017902782366263628 0.14778527640737626 1.9857036117464302 0.0019185037151601128 0.032265316938037358 0.0015810550177093327 0.0010099875297555627
leaf_count=7039 22 1193 40 538 1626 27346 1340 856
internal_value=0.0479305 -0.0500001 0.0500028 0.0500028 -0.0500001 -0.0500001 -0.0500001 -0.0500001
internal_weight=2.26178 0.0468704 2.21491 2.13349 0.0450801 0.0421516 0.00988631 0.00292849
internal_count=40000 39400 600 578 38207 35725 8379 2482
is_linear=0
shrinkage=0.05


Tree=190
num_leaves=9
num_cat=0
split_feature=1 0 7 3 3 4 3 7
split_gain=0.174652 1.77636e-15 9.22873e-16 4.44089e-16 2.22045e-16 1.17961e-16 8.71699e-17 3.46945e-18
threshold=0.14640000000000003 11450.000000000002 2.5950000000000002 3.5000000000000004 11.500000000000002 8.0350000000000019 1.0000000180025095e-35 0.63500000000000012
decision_type=2 2 2 2 2 2 2 2
left_child=2 -2 5 -3 -5 -1 -7 -8
right_child=1 3 -4 4 -6 6 7 -9
leaf_value=-0.050000055726447591 0.050002679037279056 0.050002678320098207 -0.050000097506124823 0.050002673110468576 0.050002673101659879 -0.050000055711504857 -0.050000073228189959 -0.050000069224990618
leaf_weight=0.039354717712854259 0.12663412094116244 0.070323315449058899 0.0014274083948748731 1.2920129538979379 0.61791843478567887 0.0015735326273897945 0.001054535617640795 0.0011743117995592911
leaf_count=35064 36 20 1130 368 176 1402 840 964
internal_value=0.0479303 0.0500027 -0.0500001 0.0500027 0.0500027 -0.0500001 -0.0500001 -0.0500001
internal_weight=2.15147 2.10689 0.0445845 1.98025 1.90993 0.0431571 0.00380238 0.00222885
internal_count=40000 600 39400 564 544 38270 3206 1804
is_linear=0
shrinkage=0.05


Tree=191
num_leaves=7
num_cat=0
split_feature=1 2 0 3 3 0
split_gain=0.166134 1.6237e-15 8.88178e-16 2.22045e-16 2.22045e-16 6.93889e-18
threshold=0.14640000000000003 1.0000000180025095e-35 10450.000000000002 7.5000000000000009 3.5000000000000004 7250.0000000000009
decision_type=2 2 2 2 2 2
left_child=1 5 -2 4 -4 -1
right_child=2 -3 3 -5 -6 -7
leaf_value=-0.050000053256575472 0.050002548996188903 -0.050000104239673486 0.050002547459725856 0.05000254412315263 0.050002543900798016 -0.050000053350475075
leaf_weight=0.039402300384040578 0.083696758607402777 0.001619911157263231 0.070257014827802666 1.1755685275420544 0.67461740295402706 0.0013878824388484636
leaf_count=36907 25 1193 21 352 202 1300
internal_value=0.0479302 -0.0500001 0.0500025 0.0500025 0.0500025 -0.0500001
internal_weight=2.04655 0.0424101 2.00414 1.92044 0.744874 0.0407902
internal_count=40000 39400 600 575 223 38207
is_linear=0
shrinkage=0.05


Tree=192
num_leaves=6
num_cat=0
split_feature=1 2 0 3 3
split_gain=0.158031 1.41553e-15 8.88178e-16 2.22045e-16 1.11022e-16
threshold=0.14640000000000003 1.0000000180025095e-35 10450.000000000002 4.5000000000000009 3.5000000000000004
decision_type=2 2 2 2 2
left_child=1 -1 -2 4 -4
right_child=2 -3 3 -5 -6
leaf_value=-0.050000050421381587 0.050002424959365736 -0.050000099251374469 0.050002422695307303 0.050002419867825401 0.050002420034265853
leaf_weight=0.03880082613659408 0.079615012276917585 0.001540907310527472 0.06683070259168733 1.6392365046776829 0.12071905517950654
leaf_count=38207 25 1193 21 516 38
internal_value=0.0479301 -0.0500001 0.0500024 0.0500024 0.0500024
internal_weight=1.94674 0.0403417 1.9064 1.82679 0.18755
internal_count=40000 39400 600 575 59
is_linear=0
shrinkage=0.05


Tree=193
num_leaves=7
num_cat=0
split_feature=1 3 0 7 4 3
split_gain=0.150323 1.11022e-15 6.66134e-16 6.31439e-16 8.32667e-17 6.02816e-17
threshold=0.14640000000000003 3.5000000000000004 10950.000000000002 2.5950000000000002 8.0350000000000019 1.0000000180025095e-35
decision_type=2 2 2 2 2 2
left_child=3 -2 -3 4 -1 -6
right_child=1 2 -4 -5 5 -7
leaf_value=-0.050000047112865487 0.050002307214767318 0.050002303767938586 0.050002300375916992 -0.050000084262319611 -0.050000047074553855 -0.050000060858752374
leaf_weight=0.033872923898002338 0.066658849362283834 0.081711170729249605 1.6650591609068213 0.0012285821818522882 0.0013543522647978526 0.0019183871413588349
leaf_count=35064 22 27 551 1130 1402 1804
internal_value=0.04793 0.0500023 0.0500023 -0.05 -0.05 -0.0500001
internal_weight=1.8518 1.81343 1.74677 0.0383742 0.0371457 0.00327274
internal_count=40000 600 578 39400 38270 3206
is_linear=0
shrinkage=0.05


Tree=194
num_leaves=8
num_cat=0
split_feature=1 2 7 7 3 3 0
split_gain=0.142992 1.11022e-15 1.11022e-15 4.02456e-16 2.22045e-16 2.22045e-16 6.93889e-18
threshold=0.14640000000000003 1.0000000180025095e-35 4.2700000000000005 3.2350000000000008 3.5000000000000004 18.500000000000004 7550.0000000000009
decision_type=2 2 2 2 2 2 2
left_child=1 6 3 -2 -4 -6 -1
right_child=2 -3 4 -5 5 -7 -8
leaf_value=-0.050000044070733524 0.050002195271467667 -0.05000008971887674 0.050002191971651226 0.050002189431988232 0.050002187745889715 0.05000218797039261 -0.050000045318609715
leaf_weight=0.034076525878049435 0.057664859574288019 0.0013942709082925822 0.057576406281441339 0.063263417454436421 1.488996136235073 0.057490154169499763 0.0010319167122361242
leaf_count=37084 20 1193 20 22 518 20 1123
internal_value=0.0479299 -0.05 0.0500022 0.0500022 0.0500022 0.0500022 -0.05
internal_weight=1.76149 0.0365027 1.72499 0.120928 1.60406 1.54649 0.0351084
internal_count=40000 39400 600 42 558 538 38207
is_linear=0
shrinkage=0.05


Tree=195
num_leaves=6
num_cat=0
split_feature=1 3 2 7 1
split_gain=0.136017 8.88178e-16 8.18789e-16 4.44089e-16 6.93889e-18
threshold=0.14640000000000003 3.5000000000000004 1.0000000180025095e-35 3.7350000000000008 0.081050000000000025
decision_type=2 2 2 2 2
left_child=2 -2 4 -3 -1
right_child=1 3 -4 -5 -6
leaf_value=-0.050000045354174717 0.050002088561741612 0.050002084689455897 -0.050000085425495201 0.050002082044780453 -0.05000004538323332
leaf_weight=0.031965306119957515 0.060315679060295113 0.090342812007292994 0.0013262716250892473 1.4902070807293055 0.0014308780359897346
leaf_count=36570 22 33 1193 545 1637
internal_value=0.0479298 0.0500021 -0.05 0.0500021 -0.05
internal_weight=1.67559 1.64087 0.0347225 1.58055 0.0333962
internal_count=40000 600 39400 578 38207
is_linear=0
shrinkage=0.05


Tree=196
num_leaves=5
num_cat=0
split_feature=1 2 3 0
split_gain=0.129384 7.56339e-16 6.66134e-16 6.93889e-18
threshold=0.14640000000000003 1.0000000180025095e-35 3.5000000000000004 3450.0000000000005
decision_type=2 2 2 2
left_child=1 3 -2 -1
right_child=2 -3 -4 -5
leaf_value=-0.050000041553552858 0.050001986647600895 -0.050000081154399946 0.050001981990102966 -0.050000041839965953
leaf_weight=0.02388108503635078 0.057374162133782991 0.001261588700003812 1.5034685113932935 0.0078863502961894483
leaf_count=28722 22 1193 578 9485
internal_value=0.0479297 -0.05 0.050002 -0.05
internal_weight=1.59387 0.033029 1.56084 0.0317674
internal_count=40000 39400 600 38207
is_linear=0
shrinkage=0.05


Tree=197
num_leaves=7
num_cat=0
split_feature=1 2 0 7 7 0
split_gain=0.123073 6.45317e-16 2.22045e-16 3.05311e-16 2.77556e-17 3.46945e-18
threshold=0.14640000000000003 1.0000000180025095e-35 13300.000000000002 3.2350000000000008 4.2700000000000005 4150.0000000000009
decision_type=2 2 2 2 2 2
left_child=1 5 3 -2 -5 -1
right_child=2 -3 -4 4 -6 -7
leaf_value=-0.050000039529555042 0.050001889322204875 -0.050000077104176061 0.050001884317579952 0.050001885571835651 0.05000188361867202 -0.050000039529295617
leaf_weight=0.025139725746839869 0.049632900860160478 0.0012000603858268724 1.3311553611420093 0.049503181595355272 0.054430854506790638 0.0050783937023766148
leaf_count=31786 20 1193 538 20 22 6421
internal_value=0.0479296 -0.05 0.0500019 0.0500019 0.0500019 -0.05
internal_weight=1.51614 0.0314182 1.48472 0.153567 0.103934 0.0302181
internal_count=40000 39400 600 62 42 38207
is_linear=0
shrinkage=0.05


Tree=198
num_leaves=11
num_cat=0
split_feature=1 7 2 7 7 4 1 1 1 1
split_gain=0.117071 6.66134e-16 6.03684e-16 2.22045e-16 2.08167e-17 6.93889e-18 3.46945e-18 1.73472e-18 1.73472e-18 4.33681e-19
threshold=0.14640000000000003 4.2700000000000005 1.0000000180025095e-35 3.2350000000000008 0.65500000000000014 6.7750000000000012 0.076550000000000021 0.01685 0.056950000000000008 0.066250000000000017
decision_type=2 2 2 2 2 2 2 2 2 2
left_child=2 3 4 -2 5 7 8 -1 -6 -10
right_child=1 -3 -4 -5 6 -7 -8 -9 9 -11
leaf_value=-0.050000035799890929 0.05000179780061649 0.050001792068540912 -0.050000073493420019 0.050001793110544673 -0.05000003749077974 -0.050000037501949958 -0.050000037615973283 -0.050000034259297887 -0.050000037676053294 -0.050000037689659473
leaf_weight=0.0026421934009591705 0.047212360659614094 1.3133055923972277 0.0011415328326620502 0.051796105923131108 0.011780017748606042 0.0016566329127840626 0.0011044234406085715 0.0089429822630791023 0.0013647306445818694 0.0012533855148149087
leaf_count=3512 20 558 1193 22 15658 2202 1468 11887 1814 1666
internal_value=0.0479295 0.0500018 -0.05 0.0500018 -0.05 -0.05 -0.05 -0.05 -0.05 -0.05
internal_weight=1.4422 1.41231 0.0298859 0.0990085 0.0287444 0.0132418 0.0155026 0.0115852 0.0143981 0.00261812
internal_count=40000 600 39400 42 38207 17601 20606 15399 19138 3480
is_linear=0
shrinkage=0.05


Tree=199
num_leaves=8
num_cat=0
split_feature=1 7 7 4 0 7 1
split_gain=0.111361 4.44089e-16 2.01228e-16 2.42861e-17 3.46945e-18 1.73472e-18 8.67362e-19
threshold=0.14640000000000003 3.2350000000000008 2.5150000000000001 8.2550000000000008 2950.0000000000005 0.9850000000000001 0.039450000000000006
decision_type=2 2 2 2 2 2 2
left_child=2 -2 3 4 -1 -6 -5
right_child=1 -3 -4 6 5 -7 -8
leaf_value=-0.050000035973407575 0.050001710333198668 0.050001705141779408 -0.050000059313268522 -0.050000041128660522 -0.050000037780267417 -0.050000036559749564 -0.050000042513745763
leaf_weight=0.017341998554457061 0.044909862801432499 1.2985271264333276 0.0010040721319910509 0.0012160287132019212 0.0017275569498451659 0.0061082203253590706 0.0010304707838031391
leaf_count=24229 20 580 1259 1615 2414 8535 1348
internal_value=0.0479294 0.0500017 -0.05 -0.05 -0.05 -0.05 -0.05
internal_weight=1.37187 1.34344 0.0284283 0.0274243 0.0251778 0.00783578 0.0022465
internal_count=40000 600 39400 38141 35178 10949 2963
is_linear=0
shrinkage=0.05


Tree=200
num_leaves=6
num_cat=0
split_feature=1 2 3 0 1
split_gain=0.10593 4.26742e-16 2.22045e-16 3.46945e-18 3.46945e-18
threshold=0.14640000000000003 1.0000000180025095e-35 3.5000000000000004 6950.0000000000009 0.013650000000000001
decision_type=2 2 2 2 2
left_child=1 3 -2 4 -1
right_child=2 -3 -4 -5 -6
leaf_value=-0.05000003378511754 0.050001626492362186 -0.050000066485008446 0.050001622662508738 -0.050000033721112697 -0.050000033475600447
leaf_weight=0.0047059474305229934 0.046974321827292331 0.0010329017919730168 1.2309445217251775 0.0010306307698328956 0.020272400834983273
leaf_count=6913 22 1193 578 1514 29780
internal_value=0.0479294 -0.05 0.0500016 -0.05 -0.05
internal_weight=1.30496 0.0270419 1.27792 0.026009 0.0249783
internal_count=40000 39400 600 38207 36693
is_linear=0
shrinkage=0.05


Tree=201
num_leaves=16
num_cat=0
split_feature=2 7 3 3 4 4 0 0 2 7 0 7 4 4 4
split_gain=0.0968361 0.00015368 0.000870209 1.16529e-06 2.10319e-06 3.25105e-06 6.31813e-06 4.44089e-16 8.32667e-17 4.16334e-17 6.93889e-18 5.20417e-18 3.46945e-18 1.73472e-18 1.73472e-18
threshold=1.0000000180025095e-35 2.5750000000000006 4.5000000000000009 3.5000000000000004 324.17000000000002 58.635000000000005 35750.000000000007 14950.000000000002 2.5000000000000004 4.6450000000000005 2550.0000000000005 2.2450000000000006 3.7450000000000006 2.9850000000000008 6.6950000000000012
decision_type=2 2 2 2 2 2 2 2 2 2 2 2 2 2 2
left_child=10 2 -2 4 5 6 -3 8 -5 -10 12 14 13 -1 -12
right_child=1 3 -4 7 -6 -7 -8 -9 9 -11 11 -13 -14 -15 -16
leaf_value=-0.050000033039832741 0.020179003236937207 0.047235581361851797 0.049969758706624332 0.050001545354060366 0.050001545196909636 0.050001544055887109 0.050001540083299267 0.05000154124550063 0.050001541888916826 0.050001544227472453 -0.050000035048681536 -0.050000032927930871 -0.050000033783284915 -0.050000032891424087 -0.05000003388957041
leaf_weight=0.0086375234135972478 0.0028868610858693291 0.004209819139987192 0.016248031124121098 0.052710121730342396 0.028433361556380987 0.0081050479784607887 0.0040516387671232224 1.0189061269629744 0.04051424260251224 0.040513198357075453 0.0080676887237700612 0.0011325362361844791 0.0045508998117043129 0.001190824320019602 0.0011610346195993779
leaf_count=13339 1150 40 14 26 14 4 2 503 20 20 12459 1749 7028 1839 1793
internal_value=0.0479293 0.0499208 0.0454753 0.0499918 0.0497416 0.0492901 0.0485921 0.0500015 0.0500015 0.0500015 -0.05 -0.05 -0.05 -0.05 -0.05
internal_weight=1.24132 1.21658 0.0191349 1.19744 0.0447999 0.0163665 0.00826146 1.15264 0.133738 0.0810274 0.0247405 0.0103613 0.0143792 0.00982835 0.00922872
internal_count=40000 1793 1164 629 60 46 42 569 66 40 38207 16001 22206 15178 14252
is_linear=0
shrinkage=0.05


Tree=202
num_leaves=12
num_cat=0
split_feature=1 0 2 0 1 1 4 4 1 1 4
split_gain=0.0961226 8.88178e-16 4.996e-16 2.08167e-17 3.46945e-18 3.46945e-18 3.46945e-18 1.73472e-18 8.67362e-19 8.67362e-19 8.67362e-19
threshold=0.14640000000000003 10450.000000000002 1.0000000180025095e-35 2950.0000000000005 0.019450000000000005 0.0090500000000000008 7.9350000000000014 5.5150000000000006 0.013950000000000002 0.0050500000000000015 6.0550000000000006
decision_type=2 2 2 2 2 2 2 2 2 2 2
left_child=2 -2 3 4 8 -5 7 -6 9 -1 -7
right_child=1 -3 -4 5 6 10 -8 -9 -10 -11 -12
leaf_value=-0.050000028388488355 0.05000147310969151 0.05000146770312848 -0.050000065662687811 -0.050000029089922016 -0.050000028011147071 -0.050000031860506604 -0.050000031306468608 -0.05000002842652658 -0.050000028249025663 -0.050000030025829159 -0.050000031196296993
leaf_weight=0.0011074925539561456 0.048348669661208876 1.1080332300625739 0.0010059722976620824 0.0010077064177380635 0.0093607173523082565 0.0057930821176910285 0.0010101677844431842 0.0011235078179083766 0.0011949585335742086 0.0019162454521506334 0.0010200215712075078
leaf_count=1798 25 575 1193 1636 15197 9405 1640 1824 1940 3111 1656
internal_value=0.0479234 0.0500015 -0.05 -0.05 -0.05 -0.05 -0.05 -0.05 -0.05 -0.05 -0.05
internal_weight=1.18092 1.15638 0.0245399 0.0235339 0.0157131 0.00782081 0.0114944 0.0104842 0.0042187 0.00302374 0.0068131
internal_count=40000 600 39400 38207 25510 12697 18661 17021 6849 4909 11061
is_linear=0
shrinkage=0.05


Tree=203
num_leaves=6
num_cat=0
split_feature=1 7 7 4 0
split_gain=0.0914345 8.88178e-16 1.35308e-16 2.08167e-17 3.46945e-18
threshold=0.14640000000000003 3.9550000000000005 2.3550000000000004 8.2550000000000008 1350.0000000000002
decision_type=2 2 2 2 2
left_child=2 -2 3 4 -1
right_child=1 -3 -4 -5 -6
leaf_value=-0.05000002937751901 0.050001399712470522 0.050001394913842673 -0.05000004854254031 -0.050000034835432174 -0.050000029319846512
leaf_weight=0.0046796243400991635 0.066154120140708872 1.0338319088332353 0.0010191221381319329 0.001837698124461439 0.015806603424266541
leaf_count=7969 36 564 1574 2943 26914
internal_value=0.0479233 0.0500014 -0.05 -0.05 -0.05
internal_weight=1.12333 1.09999 0.023343 0.0223239 0.0204862
internal_count=40000 600 39400 37826 34883
is_linear=0
shrinkage=0.05


Tree=204
num_leaves=14
num_cat=0
split_feature=2 4 0 7 3 3 3 4 2 0 4 7 0
split_gain=0.0833372 0.00015251 0.000663473 5.52377e-06 1.75599e-05 3.95326e-05 4.67739e-08 2.22045e-16 2.22045e-16 3.1225e-17 8.67362e-18 3.46945e-18 1.73472e-18
threshold=1.0000000180025095e-35 7.9350000000000014 27750.000000000004 2.8950000000000005 4.5000000000000009 3.5000000000000004 3.5000000000000004 15.900000000000002 2.5000000000000004 2450.0000000000005 7.1250000000000009 1.9750000000000003 1350.0000000000002
decision_type=2 2 2 2 2 2 2 2 2 2 2 2 2
left_child=9 2 -2 4 5 -3 -5 -8 -9 10 12 -11 -1
right_child=1 3 -4 6 -6 -7 7 8 -10 11 -12 -13 -14
leaf_value=-0.050000025926326346 0.021104789266707769 0.041046424671204423 0.050001328748574693 0.049943833734120549 0.049990839196342444 0.049900954316211055 0.050001328727896921 0.050001327277210461 0.05000132589914013 -0.05000003043349896 -0.050000029805982886 -0.050000028758945818 -0.050000026192741548
leaf_weight=0.0041360357250824764 0.0024520382194167531 0.0019564945388309543 0.01046096277423203 0.036709113025608309 0.017469421179953315 0.0035438524705568852 0.0610582783119753 0.29988445737399161 0.61371609091293067 0.0079933972021990485 0.0013292570505427656 0.0014579984311353664 0.0063776656178333724
leaf_count=7421 1092 97 6 24 11 4 35 172 352 14342 2385 2616 11443
internal_value=0.0479233 0.0499144 0.0445142 0.0499818 0.0492151 0.0467514 0.0499992 0.0500013 0.0500013 -0.05 -0.05 -0.05 -0.05
internal_weight=1.06855 1.04725 0.012913 1.03434 0.0229698 0.00550035 1.01137 0.974659 0.913601 0.0212944 0.011843 0.0094514 0.0105137
internal_count=40000 1793 1098 695 112 101 583 559 524 38207 21249 16958 18864
is_linear=0
shrinkage=0.05


Tree=205
num_leaves=6
num_cat=0
split_feature=1 0 3 4 0
split_gain=0.0829948 2.22045e-16 1.80411e-16 9.71445e-17 1.38778e-17
threshold=0.14640000000000003 12950.000000000002 6.5000000000000009 8.5050000000000008 6450.0000000000009
decision_type=2 2 2 2 2
left_child=3 2 -2 4 -1
right_child=1 -3 -4 -5 -6
leaf_value=-0.050000027003044789 0.050001268117959345 0.050001263353116381 0.050001263379623344 -0.05000003999063523 -0.050000032783465126
leaf_weight=0.018512022607353629 0.034976428840309381 0.90729732275940478 0.053103713784366846 0.0016337768909693287 0.001044069459283036
leaf_count=34724 21 547 32 2817 1859
internal_value=0.0479168 0.0500013 0.0500013 -0.05 -0.05
internal_weight=1.01657 0.995377 0.0880801 0.0211899 0.0195561
internal_count=40000 600 53 39400 36583
is_linear=0
shrinkage=0.05


Tree=206
num_leaves=6
num_cat=0
split_feature=1 0 7 0 1
split_gain=0.078947 3.33067e-16 1.49186e-16 1.11022e-16 3.46945e-18
threshold=0.14640000000000003 10450.000000000002 2.2450000000000006 59500.000000000007 0.010450000000000003
decision_type=2 2 2 2 2
left_child=2 -2 4 -3 -1
right_child=1 3 -4 -5 -6
leaf_value=-0.050000023524743822 0.050001205759208016 0.05000120167721081 -0.050000043731684776 0.050001202033308982 -0.050000024122141662
leaf_weight=0.002769710030463556 0.039599734242074192 0.86306106974370778 0.0010026817759012365 0.044172676280140877 0.016384035713940648
leaf_count=5448 25 547 1804 28 32148
internal_value=0.0479167 0.0500012 -0.05 0.0500012 -0.05
internal_weight=0.96699 0.946833 0.0201564 0.907234 0.0191537
internal_count=40000 600 39400 575 37596
is_linear=0
shrinkage=0.05


Tree=207
num_leaves=11
num_cat=0
split_feature=1 7 2 2 7 2 4 7 7 7
split_gain=0.0750967 3.33067e-16 2.22045e-16 2.22045e-16 7.63278e-17 5.55112e-17 1.38778e-17 6.93889e-18 6.93889e-18 1.73472e-18
threshold=0.14640000000000003 3.2350000000000008 2.5000000000000004 6.5000000000000009 2.2050000000000005 1.5000000000000002 8.5050000000000008 1.3750000000000002 0.85500000000000009 0.66500000000000015
decision_type=2 2 2 2 2 2 2 2 2 2
left_child=4 -2 5 -4 6 -3 7 8 9 -1
right_child=1 2 3 -5 -6 -7 -8 -9 -10 -11
leaf_value=-0.050000023942542583 0.050001148546677122 0.050001142793260817 0.05000114408194678 0.05000114145309164 -0.050000039740941242 0.050001141762015401 -0.050000029603337659 -0.050000028115507869 -0.050000026249972046 -0.050000025111742431
leaf_weight=0.0082434363930588006 0.030164381139911711 0.10356012778356671 0.51477019977755845 0.064528253162279725 0.0010119707191620355 0.1876339316368103 0.0013836722785640623 0.0020279463422525614 0.0039467762101708112 0.0025595852624178414
leaf_count=17098 20 69 343 43 1925 125 2688 4204 8178 5307
internal_value=0.0479167 0.0500011 0.0500011 0.0500011 -0.05 0.0500011 -0.05 -0.05 -0.05 -0.05
internal_weight=0.91983 0.900657 0.870493 0.579298 0.0191734 0.291194 0.0181614 0.0167777 0.0147498 0.010803
internal_count=40000 600 580 386 39400 194 37475 34787 30583 22405
is_linear=0
shrinkage=0.05


Tree=208
num_leaves=9
num_cat=0
split_feature=1 0 0 7 4 1 1 1
split_gain=0.0714341 3.33067e-16 1.11022e-16 6.93889e-17 1.04083e-17 3.46945e-18 8.67362e-19 8.67362e-19
threshold=0.14640000000000003 10950.000000000002 61500.000000000007 2.1650000000000005 8.3750000000000018 0.020750000000000001 0.015850000000000006 0.0090500000000000008
decision_type=2 2 2 2 2 2 2 2
left_child=3 -2 -3 4 5 6 7 -1
right_child=1 2 -4 -5 -6 -7 -8 -9
leaf_value=-0.050000024886540179 0.05000109104670436 0.050001087277139977 0.050001088400276922 -0.050000037568320346 -0.050000027566913074 -0.050000023215400292 -0.050000023208900582 -0.050000023859032988
leaf_weight=0.0020102940674746597 0.040114084957167506 0.78235888946801424 0.0342592962551862 0.0010103497477871306 0.0013676819228294326 0.011330349862760158 0.0010527897909184958 0.0014668248257692085
leaf_count=4380 28 548 24 2029 2796 24701 2297 3197
internal_value=0.0479166 0.0500011 0.0500011 -0.05 -0.05 -0.05 -0.05 -0.05
internal_weight=0.874971 0.856732 0.816618 0.0182383 0.0172279 0.0158603 0.00452991 0.00347712
internal_count=40000 600 572 39400 37371 34575 9874 7577
is_linear=0
shrinkage=0.05


Tree=209
num_leaves=10
num_cat=0
split_feature=1 0 7 4 0 0 0 0 1
split_gain=0.0679501 3.33067e-16 1.249e-16 7.28584e-17 1.38778e-17 6.93889e-18 1.73472e-18 1.73472e-18 8.67362e-19
threshold=0.14640000000000003 12950.000000000002 3.2950000000000004 8.2550000000000008 6050.0000000000009 3150.0000000000005 2650.0000000000005 2350.0000000000005 0.024950000000000003
decision_type=2 2 2 2 2 2 2 2 2
left_child=3 2 -2 4 5 6 7 -1 -7
right_child=1 -3 -4 -5 -6 8 -8 -9 -10
leaf_value=-0.050000019886021596 0.050001039054461495 0.050001033544017651 0.050001034771106116 -0.050000032849108811 -0.050000026655937405 -0.050000022051122396 -0.050000021317089118 -0.050000020153189495 -0.05000002287212281
leaf_weight=0.0084143064607928864 0.030009826296009123 0.74283553822897375 0.042104416992515326 0.001453178909542884 0.0010017868340810301 0.0012622182898098808 0.0016038702622722676 0.00114239761833801 0.0024710404351253601
leaf_count=19298 22 547 31 3059 2197 2890 3677 2617 5662
internal_value=0.0479166 0.050001 0.050001 -0.05 -0.05 -0.05 -0.05 -0.05 -0.05
internal_weight=0.832299 0.81495 0.0721142 0.0173488 0.0158956 0.0148938 0.0111606 0.0095567 0.00373326
internal_count=40000 600 53 39400 36341 34144 25592 21915 8552
is_linear=0
shrinkage=0.05


Tree=210
num_leaves=9
num_cat=0
split_feature=1 0 4 4 0 0 0 4
split_gain=0.0646361 4.44089e-16 1.11022e-16 4.51028e-17 6.93889e-18 1.73472e-18 1.73472e-18 1.73472e-18
threshold=0.14640000000000003 11450.000000000002 14.755000000000001 8.5050000000000008 5850.0000000000009 4250.0000000000009 3450.0000000000005 3.8850000000000002
decision_type=2 2 2 2 2 2 2 2
left_child=3 -2 -3 4 5 6 7 -1
right_child=1 2 -4 -5 -6 -7 -8 -9
leaf_value=-0.050000020761750336 0.050000986447742028 0.050000984934598508 0.050000982797561447 -0.050000031076751876 -0.050000024576946502 -0.050000020965571462 -0.050000020827994485 -0.050000020968607256
leaf_weight=0.008565148780206755 0.046639404376037419 0.047828008071519434 0.680737558985129 0.0012723869419914982 0.001069645087596883 0.0014129105266249562 0.0013616554739996909 0.0028209413675881487
leaf_count=20649 36 37 527 2817 2475 3397 3278 6784
internal_value=0.0479165 0.050001 0.050001 -0.05 -0.05 -0.05 -0.05 -0.05
internal_weight=0.791708 0.775205 0.728566 0.0165027 0.0152303 0.0141607 0.0127477 0.0113861
internal_count=40000 600 564 39400 36583 34108 30711 27433
is_linear=0
shrinkage=0.05


Tree=211
num_leaves=13
num_cat=0
split_feature=2 7 4 3 4 4 0 2 2 0 4 7
split_gain=0.0587184 0.000123428 0.00066834 1.00439e-06 1.8103e-06 2.78836e-06 5.38689e-06 1.11022e-16 1.11022e-16 1.38778e-17 1.73472e-18 8.67362e-19
threshold=1.0000000180025095e-35 2.5750000000000006 324.17000000000002 3.5000000000000004 324.17000000000002 58.635000000000005 35750.000000000007 2.5000000000000004 7.5000000000000009 2450.0000000000005 5.9350000000000014 1.6250000000000002
decision_type=2 2 2 2 2 2 2 2 2 2 2 2
left_child=9 2 -2 4 5 6 -3 -5 -9 -1 11 -11
right_child=1 3 -4 7 -6 -7 -8 8 -10 10 -12 -13
leaf_value=-0.050000021263848532 0.017324733550882265 0.04672805874052622 0.050000936859300127 0.050000935149464201 0.050000939653569436 0.050000937706378472 0.050000933174278617 0.050000936907919527 0.050000934164442394 -0.050000018134433388 -0.050000019384213779 -0.050000018730843157
leaf_weight=0.0083455927168643029 0.0018598358606425345 0.0025740542322409965 0.0098663443932309747 0.21995244524441659 0.017258120235055685 0.0049163008807227015 0.0024576135911047459 0.45217570348177105 0.027030019671656191 0.0041894896748431174 0.0010596416053090252 0.0014111558965623772
leaf_count=21249 1156 40 8 179 14 4 2 368 22 10667 2698 3593
internal_value=0.0479165 0.0499072 0.0448183 0.0499893 0.0496913 0.0491541 0.0483266 0.0500009 0.0500009 -0.05 -0.05 -0.05
internal_weight=0.753096 0.73809 0.0117262 0.726364 0.0272061 0.00994797 0.00503167 0.699158 0.479206 0.0150059 0.00666029 0.00560065
internal_count=40000 1793 1164 629 60 46 42 569 390 38207 16958 14260
is_linear=0
shrinkage=0.05


Tree=212
num_leaves=14
num_cat=0
split_feature=2 4 7 7 7 2 3 2 2 7 4 0 4
split_gain=0.0558471 0.000133997 0.000561347 5.08234e-06 2.11292e-05 2.37064e-05 4.64392e-08 2.22045e-16 2.22045e-16 5.55112e-17 3.46945e-18 1.73472e-18 1.73472e-18
threshold=1.0000000180025095e-35 7.9350000000000014 9.2200000000000024 2.8950000000000005 1.7650000000000003 2.5000000000000004 3.5000000000000004 2.5000000000000004 6.5000000000000009 4.8850000000000007 7.1250000000000009 5150.0000000000009 3.7450000000000006
decision_type=2 2 2 2 2 2 2 2 2 2 2 2 2
left_child=10 2 -2 4 5 -3 -5 9 -9 -8 11 12 -1
right_child=1 3 -4 6 -6 -7 7 8 -10 -11 -12 -13 -14
leaf_value=-0.050000019018602418 0.018110330000828494 0.040180333559403147 0.050000894610881697 0.049930935173259826 0.049886241835115246 0.050000891530921077 0.05000089087680986 0.050000887262552099 0.050000890736848283 0.05000088909886076 -0.05000001881229528 -0.050000018903366673 -0.05000001901675552
leaf_weight=0.0088142888656648211 0.0017159202975278731 0.0012959515014472353 0.0070465157041326165 0.024619317580345523 0.013004379847814107 0.001168683054856956 0.03508623584639281 0.4008710962953046 0.04558006499428302 0.17180152900982648 0.00158143245454312 0.0012418349211600352 0.0026364784693839747
leaf_count=23593 1092 94 6 24 17 1 30 343 39 147 4233 3324 7057
internal_value=0.04791 0.0499003 0.0437559 0.0499779 0.0490818 0.0448371 0.0499983 0.0500009 0.0500009 0.0500009 -0.05 -0.05 -0.05
internal_weight=0.716464 0.70219 0.00876244 0.693427 0.015469 0.00246463 0.677958 0.653339 0.446451 0.206888 0.014274 0.0126926 0.0114508
internal_count=40000 1793 1098 695 112 95 583 559 382 177 38207 33974 30650
is_linear=0
shrinkage=0.05


Tree=213
num_leaves=14
num_cat=0
split_feature=1 0 0 0 0 4 0 0 0 7 4 1 1
split_gain=0.0560062 2.22045e-16 1.11022e-16 1.11022e-16 1.11022e-16 8.1532e-17 5.55112e-17 8.67362e-18 6.93889e-18 5.20417e-18 2.60209e-18 3.46945e-18 8.67362e-19
threshold=0.14640000000000003 10950.000000000002 48500.000000000007 41500.000000000007 20100.000000000004 8.5050000000000008 12950.000000000002 5350.0000000000009 44500.000000000007 0.67500000000000016 3.7750000000000004 0.017450000000000004 0.060950000000000011
decision_type=2 2 2 2 2 2 2 2 2 2 2 2 2
left_child=5 -2 3 4 6 7 -3 9 -5 10 11 -1 -11
right_child=1 2 -4 8 -6 -7 -8 -9 -10 12 -12 -13 -14
leaf_value=-0.050000016539955089 0.050000850484252651 0.050000845224299588 0.050000846308993423 0.050000845060955562 0.050000847664385339 -0.050000031877565611 0.050000846456641962 -0.050000021108325202 0.050000845689880662 -0.050000016404157126 -0.050000016733575896 -0.05000001976080734 -0.050000016611022852
leaf_weight=0.0010842864176368039 0.031291046761907637 0.027801416348665953 0.052250844892114401 0.027793014189228415 0.37029373517725617 0.0011176952886557965 0.13009889482054859 0.0012077131646037751 0.027792993583716452 0.0045787175140787895 0.0016155949084861732 0.0035465251956452448 0.0011508256855279342
leaf_count=3022 28 25 47 25 333 2817 117 3234 25 12748 4494 9890 3195
internal_value=0.0479027 0.0500008 0.0500008 0.0500008 0.0500008 -0.05 0.0500008 -0.05 0.0500008 -0.05 -0.05 -0.05 -0.05
internal_weight=0.681623 0.667322 0.636031 0.58378 0.528194 0.0143014 0.1579 0.0131837 0.055586 0.0119759 0.00624641 0.00463081 0.00572954
internal_count=40000 600 572 525 475 39400 142 36583 50 33349 17406 12912 15943
is_linear=0
shrinkage=0.05


Tree=214
num_leaves=7
num_cat=0
split_feature=1 0 0 4 0 1
split_gain=0.0532747 4.44089e-16 9.02056e-17 5.55112e-17 6.93889e-18 1.73472e-18
threshold=0.14640000000000003 12950.000000000002 10450.000000000002 8.2550000000000008 5550.0000000000009 0.073750000000000024
decision_type=2 2 2 2 2 2
left_child=3 2 -2 4 5 -1
right_child=1 -3 -4 -5 -6 -7
leaf_value=-0.050000017245865849 0.050000810109343236 0.050000804501740909 0.050000806150922797 -0.050000028837411517 -0.050000021160859331 -0.05000001715135325
leaf_weight=0.0103842360127544 0.026592280948534608 0.57856625632848591 0.029618253582157195 0.001155152724805931 0.0010282952289628619 0.0010361890753074485
leaf_count=30423 25 547 28 3059 2884 3034
internal_value=0.0479027 0.0500008 0.0500008 -0.05 -0.05 -0.05
internal_weight=0.648381 0.634777 0.0562105 0.0136039 0.0124487 0.0114204
internal_count=40000 600 53 39400 36341 33457
is_linear=0
shrinkage=0.05


Tree=215
num_leaves=13
num_cat=0
split_feature=2 7 3 3 4 5 4 2 2 0 4 4
split_gain=0.0480607 0.00019156 0.000607525 1.22031e-06 2.6795e-06 5.16343e-06 2.22045e-16 2.22045e-16 1.11022e-16 5.20417e-18 1.73472e-18 1.73472e-18
threshold=1.0000000180025095e-35 2.5450000000000004 4.5000000000000009 3.5000000000000004 107.37500000000001 1.0000000180025095e-35 12.395000000000001 6.5000000000000009 2.5000000000000004 5250.0000000000009 5.9350000000000014 4.3550000000000013
decision_type=2 2 2 2 2 2 2 2 2 2 2 2
left_child=9 2 -2 4 5 -3 -5 8 -8 10 11 -1
right_child=1 3 -4 6 -6 -7 7 -9 -10 -11 -12 -13
leaf_value=-0.05000001765862927 0.014645652941215113 0.047291269520334037 0.049930813248276217 0.050000769159565597 0.05000076677222004 0.05000077161373493 0.050000765978937801 0.05000076905532419 0.050000764340599003 -0.050000015764564511 -0.050000017024107092 -0.050000017667369549
leaf_weight=0.0082219286223619292 0.0016037462740143829 0.0031024647551021181 0.0050966348244969595 0.025230699800886214 0.015136969275772572 0.0040584711823612452 0.17704430455341935 0.03218977537471801 0.34101038868539035 0.0011373473297169321 0.0017965436484814754 0.0011299564777118585
leaf_count=25569 1148 43 11 25 15 4 176 32 339 3537 5587 3514
internal_value=0.0479026 0.0498925 0.0414853 0.0499867 0.0496238 0.0488269 0.0500008 0.0500008 0.0500008 -0.05 -0.05 -0.05
internal_weight=0.616759 0.604473 0.00670038 0.597773 0.0222979 0.00716094 0.575475 0.550244 0.518055 0.0122858 0.0111484 0.00935189
internal_count=40000 1793 1159 634 62 47 572 547 515 38207 34670 29083
is_linear=0
shrinkage=0.05


Tree=216
num_leaves=10
num_cat=0
split_feature=1 7 3 4 7 0 1 4 1
split_gain=0.0483757 5.55112e-16 1.11022e-16 5.20417e-17 6.93889e-18 6.93889e-18 8.67362e-19 8.67362e-19 4.33681e-19
threshold=0.14640000000000003 3.2950000000000004 3.5000000000000004 8.2550000000000008 1.8050000000000004 2550.0000000000005 0.017150000000000002 2.6250000000000004 0.033950000000000008
decision_type=2 2 2 2 2 2 2 2 2
left_child=3 -2 -3 4 5 6 -1 -8 -7
right_child=1 2 -4 -5 -6 8 7 -9 -10
leaf_value=-0.050000016282590411 0.050000734911484657 0.050000730781944426 0.050000727732337796 -0.050000027812137374 -0.050000019047684321 -0.050000014298059406 -0.050000016788246726 -0.050000017681716739 -0.050000014266779094
leaf_weight=0.0015505490128191468 0.021226574084721506 0.020151754259131849 0.53303594421595335 0.0010555367691154069 0.0010193491464747248 0.0017590023899742846 0.0030009251690614747 0.0019758214517082706 0.001992654731481025
leaf_count=5003 22 21 557 3059 3151 5673 9690 6392 6432
internal_value=0.0478953 0.0500007 0.0500007 -0.05 -0.05 -0.05 -0.05 -0.05 -0.05
internal_weight=0.586768 0.574414 0.553188 0.0123538 0.0112983 0.010279 0.0065273 0.00497675 0.00375166
internal_count=40000 600 578 39400 36341 33190 21085 16082 12105
is_linear=0
shrinkage=0.05


Tree=217
num_leaves=6
num_cat=0
split_feature=1 7 4 7 0
split_gain=0.0460163 4.44089e-16 5.0307e-17 6.93889e-18 1.73472e-18
threshold=0.14640000000000003 3.2350000000000008 8.2550000000000008 1.7750000000000001 3850.0000000000005
decision_type=2 2 2 2 2
left_child=2 -2 3 4 -1
right_child=1 -3 -4 -5 -6
leaf_value=-0.050000014905226764 0.050000700235249079 0.050000693338209667 -0.05000002673293899 -0.050000018446431628 -0.050000014887716208
leaf_weight=0.0085586051577308808 0.018370816134847701 0.52802932093618438 0.0010040576668188814 0.0010061971698291936 0.0011824753057965163
leaf_count=29056 20 580 3059 3273 4012
internal_value=0.0478953 0.0500007 -0.05 -0.05 -0.05
internal_weight=0.558151 0.5464 0.0117513 0.0107473 0.00974108
internal_count=40000 600 39400 36341 33068
is_linear=0
shrinkage=0.05


Tree=218
num_leaves=10
num_cat=0
split_feature=1 0 0 0 4 0 0 0 1
split_gain=0.0437721 1.11022e-16 1.11022e-16 1.11022e-16 3.81639e-17 1.38778e-17 6.93889e-18 6.93889e-18 1.73472e-18
threshold=0.14640000000000003 19750.000000000004 10950.000000000002 39750.000000000007 8.0350000000000019 15650.000000000002 2950.0000000000005 5150.0000000000009 0.017750000000000005
decision_type=2 2 2 2 2 2 2 2 2
left_child=4 2 -2 -3 6 -4 8 -8 -1
right_child=1 3 5 -5 -6 -7 7 -9 -10
leaf_value=-0.050000014033492357 0.05000066384690155 0.050000659245220395 0.050000659632409683 0.050000660756350561 -0.050000024025845219 0.050000660666149249 -0.050000010903718466 -0.050000015838573414 -0.050000015195142258
leaf_weight=0.0016585970441553854 0.024401999835390598 0.28579572722082958 0.063225803314708173 0.094373466155957431 0.001021664756734709 0.051955223723780364 0.0023896024298721841 0.0010260699006607865 0.0050822819851816803
leaf_count=5918 28 330 73 109 3293 60 8526 3519 18144
internal_value=0.0478952 0.0500007 0.0500007 0.0500007 -0.05 0.0500007 -0.05 -0.05 -0.05
internal_weight=0.53093 0.519752 0.139583 0.380169 0.0111782 0.115181 0.0101566 0.00341567 0.00674088
internal_count=40000 600 161 439 39400 133 36107 12045 24062
is_linear=0
shrinkage=0.05


Tree=219
num_leaves=10
num_cat=0
split_feature=1 2 0 0 4 0 0 0 0
split_gain=0.0416373 2.77556e-16 8.32667e-17 5.55112e-17 5.20417e-17 2.77556e-17 1.38778e-17 1.73472e-18 4.33681e-19
threshold=0.14640000000000003 2.5000000000000004 12950.000000000002 16950.000000000004 7.9350000000000014 14950.000000000002 5050.0000000000009 2850.0000000000005 3650.0000000000005
decision_type=2 2 2 2 2 2 2 2 2
left_child=4 2 -2 5 6 -3 7 -1 -9
right_child=1 3 -4 -5 -6 -7 -8 8 -10
leaf_value=-0.0500000111199164 0.050000631080751395 0.050000627867583837 0.050000628152676918 0.050000626224416214 -0.050000023673966332 0.050000625595211193 -0.050000017265417453 -0.050000011116906252 -0.050000011811052729
leaf_weight=0.0061940322363511768 0.019055727287195623 0.037105938943568617 0.14993632782716304 0.26277475530514494 0.0010026347190432725 0.025531177059747279 0.001029425786697403 0.0012590032229979897 0.0011479524131345897
leaf_count=23245 23 45 182 319 3408 31 3720 4724 4303
internal_value=0.0478952 0.0500006 0.0500006 0.0500006 -0.05 0.0500006 -0.05 -0.05 -0.05
internal_weight=0.505037 0.494404 0.168992 0.325412 0.010633 0.0626371 0.00963041 0.00860099 0.00240696
internal_count=40000 600 205 395 39400 76 35992 32272 9027
is_linear=0
shrinkage=0.05


Tree=220
num_leaves=12
num_cat=0
split_feature=1 7 2 0 2 0 0 2 4 0 4
split_gain=0.0396066 2.77556e-16 1.11022e-16 5.55112e-17 5.55112e-17 3.29597e-17 2.77556e-17 2.77556e-17 8.67362e-18 6.93889e-18 1.73472e-18
threshold=0.14640000000000003 3.4350000000000005 2.5000000000000004 15300.000000000002 6.5000000000000009 5150.0000000000009 35750.000000000007 4.5000000000000009 7.2950000000000008 13300.000000000002 3.5550000000000002
decision_type=2 2 2 2 2 2 2 2 2 2 2
left_child=5 -2 6 9 7 8 -3 -5 10 -4 -1
right_child=1 2 3 4 -6 -7 -8 -9 -10 -11 -12
leaf_value=-0.05000001162036094 0.050000601125091818 0.050000597040095844 0.05000059759181319 0.050000594777405039 0.050000597580876452 -0.050000021380146267 0.0500005978425642 0.050000594623660168 -0.050000016211312316 0.050000595878762558 -0.050000011598232467
leaf_weight=0.0060051793966806599 0.019729355874005705 0.13400512031512335 0.017235586768947542 0.14576444862177595 0.032903576036915183 0.001032171902494384 0.015675420116167516 0.089309865958057344 0.0010119452587105124 0.015668470412492752 0.0020651720600710632
leaf_count=23676 25 171 22 186 42 3833 20 114 3734 20 8157
internal_value=0.0478952 0.0500006 0.0500006 0.0500006 0.0500006 -0.05 0.0500006 0.0500006 -0.05 0.0500006 -0.05
internal_weight=0.480406 0.470292 0.450562 0.300882 0.267978 0.0101145 0.149681 0.235074 0.0090823 0.0329041 0.00807035
internal_count=40000 600 575 384 342 39400 191 300 35567 42 31833
is_linear=0
shrinkage=0.05


Tree=221
num_leaves=8
num_cat=0
split_feature=1 0 7 4 4 0 7
split_gain=0.0376749 2.22045e-16 8.32667e-17 5.55112e-17 2.42861e-17 1.73472e-18 8.67362e-19
threshold=0.14640000000000003 11950.000000000002 3.2950000000000004 11.955000000000002 7.495000000000001 4850.0000000000009 0.96500000000000008
decision_type=2 2 2 2 2 2 2
left_child=4 2 -2 -3 5 6 -1
right_child=1 3 -4 -5 -6 -7 -8
leaf_value=-0.050000012130023253 0.050000572448926944 0.050000569640477804 0.050000567560693265 0.050000566598155417 -0.050000020120748369 -0.050000014491434312 -0.050000012144839102
leaf_weight=0.0058068703599047922 0.015786105766892433 0.015695332433097064 0.017891172727104276 0.39798307878663763 0.001021629559815552 0.0010220667608251688 0.001770613441436808
leaf_count=24086 21 21 24 534 3877 4099 7338
internal_value=0.0478952 0.0500006 0.0500006 0.0500006 -0.05 -0.05 -0.05
internal_weight=0.456977 0.447356 0.0336773 0.413678 0.00962118 0.00859955 0.00757748
internal_count=40000 600 45 555 39400 35523 31424
is_linear=0
shrinkage=0.05


Tree=222
num_leaves=6
num_cat=0
split_feature=1 7 7 2 4
split_gain=0.0358375 1.66533e-16 9.02056e-17 5.55112e-17 1.56125e-17
threshold=0.14640000000000003 4.4850000000000012 3.2350000000000008 2.5000000000000004 7.2950000000000008
decision_type=2 2 2 2 2
left_child=4 2 -2 -3 -1
right_child=1 3 -4 -5 -6
leaf_value=-0.050000012407920028 0.050000545166043346 0.050000539578791005 0.050000540012591292 0.050000538463830305 -0.050000019063952961
leaf_weight=0.008126165082899206 0.014307249337434769 0.12763361923862249 0.02127224812284112 0.26232501189224422 0.0010257844829908444
leaf_count=35286 20 180 30 370 4114
internal_value=0.0478951 0.0500005 0.0500005 0.0500005 -0.05
internal_weight=0.43469 0.425538 0.0355795 0.389959 0.00915195
internal_count=40000 600 50 550 39400
is_linear=0
shrinkage=0.05


Tree=223
num_leaves=9
num_cat=0
split_feature=2 7 4 3 4 5 0 7
split_gain=0.032211 0.000144516 0.000449079 9.92925e-07 2.17518e-06 4.17218e-06 5.55112e-17 1.73472e-18
threshold=1.0000000180025095e-35 2.5450000000000004 324.17000000000002 3.5000000000000004 107.37500000000001 1.0000000180025095e-35 53500.000000000007 0.68500000000000016
decision_type=2 2 2 2 2 2 2 2
left_child=7 2 -2 4 5 -3 -5 -1
right_child=1 3 -4 6 -6 -7 -8 -9
leaf_value=-0.050000010017921231 0.013505670746398565 0.047030242944438735 0.050000521886760789 0.050000513024337091 0.050000515436237791 0.050000518853847348 0.050000513363118372 -0.050000010181468046
leaf_weight=0.0040074506688370093 0.0011182346204634533 0.0020909014020844561 0.0034240668173879385 0.36350264598149806 0.010146663931664079 0.0027204881189391017 0.022251799935474992 0.0042279522334638386
leaf_count=18592 1154 43 5 539 15 4 33 19615
internal_value=0.0478951 0.0498845 0.0410161 0.049985 0.0495853 0.0487097 0.0500005 -0.05
internal_weight=0.41349 0.405255 0.0045423 0.400712 0.0149581 0.00481139 0.385754 0.0082354
internal_count=40000 1793 1159 634 62 47 572 38207
is_linear=0
shrinkage=0.05


Tree=224
num_leaves=7
num_cat=0
split_feature=1 7 7 4 7 7
split_gain=0.0325477 5.55112e-17 5.55112e-17 1.73472e-17 6.93889e-18 1.73472e-18
threshold=0.14640000000000003 3.5150000000000001 5.2350000000000012 7.035000000000001 4.6450000000000005 1.4150000000000003
decision_type=2 2 2 2 2 2
left_child=3 -2 4 5 -3 -1
right_child=1 2 -4 -5 -6 -7
leaf_value=-0.050000010352800529 0.050000492284154902 0.050000488411984068 0.050000489554329758 -0.050000017643407335 0.050000487984268566 -0.050000012121683035
leaf_weight=0.0061374237264573139 0.016819634824059904 0.021171861561015248 0.3329715090803802 0.0010142178273042646 0.014111041440628469 0.0011608568129730656
leaf_count=29487 26 33 519 4487 22 5426
internal_value=0.0478874 0.0500005 0.0500005 -0.05 0.0500005 -0.05
internal_weight=0.393387 0.385074 0.368254 0.0083125 0.0352829 0.00729828
internal_count=40000 600 574 39400 55 34913
is_linear=0
shrinkage=0.05


Tree=225
num_leaves=11
num_cat=0
split_feature=2 7 3 3 4 5 0 0 0 0
split_gain=0.029141 0.000146713 0.000437518 1.08993e-06 2.38162e-06 4.54504e-06 5.55112e-17 5.55112e-17 6.93889e-18 8.67362e-19
threshold=1.0000000180025095e-35 2.5450000000000004 4.5000000000000009 3.5000000000000004 107.37500000000001 1.0000000180025095e-35 58500.000000000007 13300.000000000002 11450.000000000002 3750.0000000000005
decision_type=2 2 2 2 2 2 2 2 2 2
left_child=9 2 -2 4 5 -3 7 8 -5 -1
right_child=1 3 -4 6 -6 -7 -8 -9 -10 -11
leaf_value=-0.050000010755580297 0.012497043628779955 0.046746785286924074 0.049918735083558152 0.050000464547954197 0.050000466937390665 0.05000047056042925 0.050000466675340652 0.050000466189717374 0.050000465080678826 -0.050000009900237299
leaf_weight=0.0058886928159154186 0.0010423748307459837 0.0019031141807772664 0.0031157667894206043 0.017097126808948815 0.0091810899320989847 0.0024616018054075539 0.018303890188690275 0.29778082971461117 0.01586352929007262 0.0015630079597315216
leaf_count=30193 1148 43 11 28 15 4 30 488 26 8014
internal_value=0.0478874 0.0498763 0.0405378 0.0499834 0.0495433 0.0485818 0.0500005 0.0500005 0.0500005 -0.05
internal_weight=0.374201 0.366749 0.00415814 0.362591 0.0135458 0.00436472 0.349045 0.330741 0.0329607 0.0074517
internal_count=40000 1793 1159 634 62 47 572 542 54 38207
is_linear=0
shrinkage=0.05


Tree=226
num_leaves=7
num_cat=0
split_feature=1 7 7 0 1 0
split_gain=0.0295662 2.77556e-16 1.56125e-17 4.33681e-18 8.67362e-19 4.33681e-19
threshold=0.14640000000000003 3.2350000000000008 1.5350000000000004 2450.0000000000005 0.024650000000000002 3350.0000000000005
decision_type=2 2 2 2 2 2
left_child=2 -2 3 4 -1 -5
right_child=1 -3 -4 5 -6 -7
leaf_value=-0.050000009425346881 0.050000448666930319 0.050000441580965373 -0.050000016412648299 -0.050000011705130146 -0.050000008791018097 -0.05000001163924328
leaf_weight=0.0014095691412876468 0.011760448687709868 0.3366989066125825 0.0010194028100016794 0.0013393584463585739 0.0027572112911258273 0.0010261374000606338
leaf_count=7407 20 580 5099 7029 14484 5381
internal_value=0.0478792 0.0500004 -0.05 -0.05 -0.05 -0.05
internal_weight=0.356011 0.348459 0.00755168 0.00653228 0.00416678 0.0023655
internal_count=40000 600 39400 34301 21891 12410
is_linear=0
shrinkage=0.05


Tree=227
num_leaves=7
num_cat=0
split_feature=1 7 4 0 0 1
split_gain=0.0281243 1.66533e-16 8.67362e-18 4.33681e-18 1.30104e-18 4.33681e-19
threshold=0.14640000000000003 3.5150000000000001 6.535000000000001 2450.0000000000005 4250.0000000000009 0.025650000000000003
decision_type=2 2 2 2 2 2
left_child=2 -2 3 5 -5 -1
right_child=1 -3 -4 4 -6 -7
leaf_value=-0.050000011276348066 0.050000424727813866 0.050000421344648507 -0.050000015448851812 -0.05000000845056405 -0.05000001061558329 -0.050000012090341987
leaf_weight=0.0012010000491500241 0.014499569544568658 0.31696535751689225 0.0010160794023903463 0.001749157860217565 0.001013174226159208 0.002203967737500534
leaf_count=6686 26 574 5231 9725 5485 12273
internal_value=0.0478792 0.0500004 -0.05 -0.05 -0.05 -0.05
internal_weight=0.338648 0.331465 0.00718338 0.0061673 0.00276233 0.00340497
internal_count=40000 600 39400 34169 15210 18959
is_linear=0
shrinkage=0.05


Tree=228
num_leaves=7
num_cat=0
split_feature=1 0 7 4 0 7
split_gain=0.0267526 1.11022e-16 7.63278e-17 1.04083e-17 6.93889e-18 1.73472e-18
threshold=0.14640000000000003 15300.000000000002 3.2350000000000008 6.3850000000000007 12350.000000000002 1.3450000000000004
decision_type=2 2 2 2 2 2
left_child=3 2 -2 5 -4 -1
right_child=1 -3 4 -5 -6 -7
leaf_value=-0.050000008693418307 0.050000404778143159 0.050000399553601575 0.05000040017310764 -0.050000014590338239 0.050000399609474611 -0.050000010266326445
leaf_weight=0.0047949665704720692 0.010641302971635014 0.2684185920516029 0.016283821838442236 0.0010103658937197224 0.019955606665462255 0.001027709292173995
leaf_count=28055 20 511 31 5482 38 5863
internal_value=0.0478792 0.0500004 0.0500004 -0.05 0.0500004 -0.05
internal_weight=0.322132 0.315299 0.0468807 0.00683304 0.0362394 0.00582268
internal_count=40000 600 89 39400 69 33918
is_linear=0
shrinkage=0.05


Tree=229
num_leaves=8
num_cat=0
split_feature=1 2 0 0 0 4 0
split_gain=0.0254479 1.11022e-16 4.16334e-17 2.77556e-17 2.77556e-17 8.67362e-18 8.67362e-19
threshold=0.14640000000000003 2.5000000000000004 13300.000000000002 42500.000000000007 13300.000000000002 6.1850000000000014 3650.0000000000005
decision_type=2 2 2 2 2 2 2
left_child=5 2 -2 4 -3 6 -1
right_child=1 3 -4 -5 -6 -7 -8
leaf_value=-0.050000009086119492 0.050000383372745087 0.050000380980754482 0.050000381097666836 0.050000378703814199 0.050000379269187802 -0.050000013937443272 -0.050000009678127948
leaf_weight=0.0042372321518371328 0.014575724198948592 0.016531199507880956 0.087953520589508116 0.041960737609770149 0.13890093145892024 0.0010194605147404445 0.0012430978040640639
leaf_count=26069 29 33 176 84 278 5835 7496
internal_value=0.0478792 0.0500004 0.0500004 0.0500004 0.0500004 -0.05 -0.05
internal_weight=0.306422 0.299922 0.102529 0.197393 0.155432 0.00649979 0.00548033
internal_count=40000 600 205 395 311 39400 33565
is_linear=0
shrinkage=0.05


Tree=230
num_leaves=5
num_cat=0
split_feature=1 7 7 1
split_gain=0.0242068 1.11022e-16 4.33681e-18 8.67362e-19
threshold=0.14640000000000003 3.5950000000000002 1.405 0.017150000000000002
decision_type=2 2 2 2
left_child=2 -2 3 -1
right_child=1 -3 -4 -5
leaf_value=-0.050000008342151708 0.05000036509440417 0.050000361603538095 -0.050000012499892235 -0.05000000949944261
leaf_weight=0.0012260028998412045 0.014380748936673626 0.27091408945852891 0.00100175620653431 0.0039550328600483908
leaf_count=7878 30 570 6175 25347
internal_value=0.0478792 0.0500004 -0.05 -0.05
internal_weight=0.291478 0.285295 0.00618279 0.00518104
internal_count=40000 600 39400 33225
is_linear=0
shrinkage=0.05


Tree=231
num_leaves=8
num_cat=0
split_feature=1 3 7 7 3 7 4
split_gain=0.0230262 1.11022e-16 5.55112e-17 9.54098e-18 3.46945e-18 2.60209e-18 1.30104e-18
threshold=0.14640000000000003 16.500000000000004 3.5150000000000001 1.3650000000000004 18.500000000000004 0.90500000000000014 4.4050000000000011
decision_type=2 2 2 2 2 2 2
left_child=3 2 -2 5 -3 6 -1
right_child=1 4 -4 -5 -6 -7 -8
leaf_value=-0.050000005590266607 0.050000347884979639 0.050000344838437051 0.050000344352812212 -0.050000011938109296 0.050000344484455062 -0.05000000866485324 -0.050000008094263353
leaf_weight=0.0027641119809373995 0.011871261289343238 0.010410548973595724 0.24005921211210079 0.0010119355832927113 0.0090399138862267137 0.0010996525651165712 0.0010055537705113693
leaf_count=18797 26 23 531 6572 20 7417 6614
internal_value=0.0478791 0.0500003 0.0500003 -0.05 0.0500003 -0.05 -0.05
internal_weight=0.277262 0.271381 0.25193 0.00588125 0.0194505 0.00486932 0.00376967
internal_count=40000 600 557 39400 43 32828 25411
is_linear=0
shrinkage=0.05


Tree=232
num_leaves=8
num_cat=0
split_feature=1 0 7 4 0 0 1
split_gain=0.0219032 5.55112e-17 5.55112e-17 6.07153e-18 8.67362e-19 8.67362e-19 8.67362e-19
threshold=0.14640000000000003 34250.000000000007 3.2350000000000008 5.6850000000000014 3650.0000000000005 2450.0000000000005 0.043450000000000009
decision_type=2 2 2 2 2 2 2
left_child=3 2 -2 4 5 6 -1
right_child=1 -3 -4 -5 -6 -7 -8
leaf_value=-0.050000007857777043 0.050000331880300945 0.050000327704626195 0.050000327724144727 -0.050000011015369827 -0.050000007157995685 -0.050000005617782964 -0.050000006461424329
leaf_weight=0.001511363997423131 0.0087123746052384377 0.0700942138209939 0.17933903043740429 0.0010147183391495673 0.0010391053142626561 0.0010125978839710115 0.0010166361552990111
leaf_count=10811 20 163 417 6820 7274 7234 7261
internal_value=0.0478791 0.0500003 0.0500003 -0.05 -0.05 -0.05 -0.05
internal_weight=0.26374 0.258146 0.188051 0.00559442 0.0045797 0.0035406 0.002528
internal_count=40000 600 437 39400 32580 25306 18072
is_linear=0
shrinkage=0.05


Tree=233
num_leaves=5
num_cat=0
split_feature=1 0 4 1
split_gain=0.0208349 5.55112e-17 3.46945e-18 8.67362e-19
threshold=0.14640000000000003 9950.0000000000018 5.5150000000000006 0.01685
decision_type=2 2 2 2
left_child=2 -2 3 -1
right_child=1 -3 -4 -5
leaf_value=-0.050000007385659941 0.050000315276417878 0.050000312233387939 -0.050000009663274739 -0.050000006099121391
leaf_weight=0.0010053430148957423 0.0082665490335784853 0.23728923301678151 0.0010150060091405066 0.0033012295084375864
leaf_count=7523 20 580 7187 24690
internal_value=0.0478791 0.0500003 -0.05 -0.05
internal_weight=0.250877 0.245556 0.00532158 0.00430657
internal_count=40000 600 39400 32213
is_linear=0
shrinkage=0.05


Tree=234
num_leaves=6
num_cat=0
split_feature=1 7 2 1 7
split_gain=0.0198188 5.55112e-17 2.77556e-17 1.73472e-18 1.30104e-18
threshold=0.14640000000000003 3.5150000000000001 2.5000000000000004 0.019850000000000003 0.65500000000000014
decision_type=2 2 2 2 2
left_child=3 -2 -3 -1 -5
right_child=1 2 -4 4 -6
leaf_value=-0.050000008162428972 0.050000299364126324 0.050000297245606409 0.050000295772717522 -0.05000001056165302 -0.050000008735448576
leaf_weight=0.0013794816257473022 0.01021769898943603 0.073947831115219742 0.14941442766576074 0.0016879429008014313 0.0019946175406602151
leaf_count=10772 26 190 384 13228 15400
internal_value=0.0478791 0.0500003 0.0500003 -0.05 -0.05
internal_weight=0.238642 0.23358 0.223362 0.00506204 0.00368256
internal_count=40000 600 574 39400 28628
is_linear=0
shrinkage=0.05


Tree=235
num_leaves=5
num_cat=0
split_feature=1 7 0 0
split_gain=0.0188522 5.55112e-17 2.60209e-18 4.33681e-19
threshold=0.14640000000000003 3.7350000000000008 3650.0000000000005 2150.0000000000005
decision_type=2 2 2 2
left_child=2 -2 3 -1
right_child=1 -3 -4 -5
leaf_value=-0.050000006332690722 0.050000284034561193 0.050000281914297839 -0.050000008586577466 -0.050000006276932255
leaf_weight=0.0022801681250470543 0.012680143408942968 0.20950804528547451 0.001090809973817386 0.0014441854489319894
leaf_count=18805 34 566 8727 11868
internal_value=0.0478791 0.0500003 -0.05 -0.05
internal_weight=0.227003 0.222188 0.00481516 0.00372435
internal_count=40000 600 39400 30673
is_linear=0
shrinkage=0.05


Tree=236
num_leaves=10
num_cat=0
split_feature=1 0 0 0 3 0 0 4 0
split_gain=0.0179328 8.32667e-17 2.77556e-17 2.77556e-17 1.38778e-17 6.93889e-18 6.93889e-18 1.73472e-18 4.33681e-19
threshold=0.14640000000000003 10450.000000000002 21250.000000000004 35250.000000000007 6.5000000000000009 61500.000000000007 42500.000000000007 5.0150000000000006 3250.0000000000005
decision_type=2 2 2 2 2 2 2 2 2
left_child=7 -2 4 -4 -3 6 -5 8 -1
right_child=1 2 3 5 -6 -7 -8 -9 -10
leaf_value=-0.0500000064498375 0.050000271129354991 0.050000268695643273 0.050000266664290138 0.050000266711395236 0.050000267827143174 0.050000265774289315 0.050000268147294039 -0.050000008802915989 -0.050000006796998619
leaf_weight=0.002554375122784335 0.0088933649531099945 0.020428252231795341 0.090144461049931124 0.023242785828188062 0.036609733855584636 0.0084483735263347626 0.023585031245602295 0.001010164399431801 0.0010157856639025908
leaf_count=22297 25 58 256 66 104 24 67 8374 8729
internal_value=0.0478791 0.0500003 0.0500003 0.0500003 0.0500003 0.0500003 0.0500003 -0.05 -0.05
internal_weight=0.215932 0.211352 0.202459 0.145421 0.057038 0.0552762 0.0468278 0.00458033 0.00357016
internal_count=40000 600 575 413 162 157 133 39400 31026
is_linear=0
shrinkage=0.05


Tree=237
num_leaves=10
num_cat=0
split_feature=1 0 0 3 0 3 0 4 0
split_gain=0.0170582 5.55112e-17 2.77556e-17 2.77556e-17 1.73472e-17 6.93889e-18 4.33681e-18 1.30104e-18 4.33681e-19
threshold=0.14640000000000003 14950.000000000002 63500.000000000007 6.5000000000000009 10950.000000000002 4.5000000000000009 3550.0000000000005 3.8450000000000002 1950.0000000000002
decision_type=2 2 2 2 2 2 2 2 2
left_child=6 4 3 5 -2 -3 7 8 -1
right_child=1 2 -4 -5 -6 -7 -8 -9 -10
leaf_value=-0.050000003580924504 0.050000257850219443 0.050000255991434664 0.050000252710105331 0.050000253452285738 0.05000025512174066 0.05000025449825804 -0.050000008035676308 -0.0500000056408373 -0.050000004211560457
leaf_weight=0.001239741594986298 0.0094642391195520759 0.01844062187592499 0.0066969529725611201 0.12122563295997679 0.016410149721195921 0.028806699498090893 0.0010463534293663201 0.0010330223459718013 0.0010378228411767054
leaf_count=11384 28 55 20 362 49 86 9258 9244 9514
internal_value=0.0478791 0.0500003 0.0500003 0.0500003 0.0500003 0.0500003 -0.05 -0.05 -0.05
internal_weight=0.205401 0.201044 0.17517 0.168473 0.0258744 0.0472473 0.00435694 0.00331059 0.00227756
internal_count=40000 600 523 503 77 141 39400 30142 20898
is_linear=0
shrinkage=0.05


Tree=238
num_leaves=4
num_cat=0
split_feature=1 7 1
split_gain=0.0162262 5.55112e-17 8.67362e-19
threshold=0.14640000000000003 3.5950000000000002 0.055750000000000008
decision_type=2 2 2
left_child=2 -2 -1
right_child=1 -3 -4
leaf_value=-0.0500000068886432 0.050000245004431343 0.050000242246696081 -0.050000007098083166
leaf_weight=0.0030899667973898195 0.0096397268353030086 0.18159956601448357 0.0010544828789704752
leaf_count=29388 30 570 10012
internal_value=0.0478791 0.0500002 -0.05
internal_weight=0.195384 0.191239 0.00414445
internal_count=40000 600 39400
is_linear=0
shrinkage=0.05


Tree=239
num_leaves=5
num_cat=0
split_feature=1 0 7 4
split_gain=0.0154349 2.77556e-17 2.08167e-17 2.60209e-18
threshold=0.14640000000000003 18050.000000000004 3.2350000000000008 4.5250000000000012
decision_type=2 2 2 2
left_child=3 2 -2 -1
right_child=1 -3 -4 -5
leaf_value=-0.050000004367841556 0.050000233702176301 0.050000230630493615 0.050000230673055771 -0.050000006893126128
leaf_weight=0.0029369399997491987 0.0061395183147396884 0.13879909185925499 0.036973878188291565 0.0010053825287243967
leaf_count=29644 20 458 122 9756
internal_value=0.047879 0.0500002 0.0500002 -0.05
internal_weight=0.185855 0.181912 0.0431134 0.00394232
internal_count=40000 600 142 39400
is_linear=0
shrinkage=0.05


Tree=240
num_leaves=9
num_cat=0
split_feature=1 0 0 7 3 0 0 4
split_gain=0.0146821 5.55112e-17 2.77556e-17 1.73472e-17 1.04083e-17 3.46945e-18 2.60209e-18 4.33681e-19
threshold=0.14640000000000003 40500.000000000007 13300.000000000002 3.5150000000000001 12.500000000000002 51000.000000000007 3250.0000000000005 2.8950000000000005
decision_type=2 2 2 2 2 2 2 2
left_child=6 2 3 -2 -3 -6 7 -1
right_child=1 4 -4 -5 5 -7 -8 -9
leaf_value=-0.050000004087237593 0.050000221850563589 0.050000219202055621 0.050000218959675935 0.050000218466875503 0.050000221644116175 0.050000221057334919 -0.050000006861299531 -0.050000005104001516
leaf_weight=0.0015744951069507343 0.007569469016743823 0.0083579785423353314 0.12627274298574775 0.01037772127892822 0.011240035964874551 0.0092225995322223753 0.001063326673666154 0.0011122314853508897
leaf_count=16777 26 29 438 36 39 32 10980 11643
internal_value=0.047879 0.0500002 0.0500002 0.0500002 0.0500002 0.0500002 -0.05 -0.05
internal_weight=0.176791 0.173041 0.14422 0.0179472 0.0288206 0.0204626 0.00375005 0.00268673
internal_count=40000 600 500 62 100 71 39400 28420
is_linear=0
shrinkage=0.05


Tree=241
num_leaves=7
num_cat=0
split_feature=2 7 3 4 0 4
split_gain=0.0130916 7.38139e-05 5.93722e-07 1.29376e-06 2.77556e-17 4.33681e-19
threshold=1.0000000180025095e-35 2.5450000000000004 3.5000000000000004 107.37500000000001 62500.000000000007 2.9250000000000003
decision_type=2 2 2 2 2 2
left_child=5 -2 3 -3 -4 -1
right_child=1 2 4 -5 -6 -7
leaf_value=-0.050000004248259823 0.04004602120569619 0.048441817472981048 0.050000207724961547 0.050000208824284659 0.050000207473799588 -0.050000004445880347
leaf_weight=0.0019858069664309133 0.0018911313100176122 0.0019667256023296878 0.15053152572363615 0.0041253503295592964 0.0063054570346139363 0.0013624583565317039
leaf_count=22660 1159 47 549 15 23 15547
internal_value=0.047879 0.0498674 0.0499814 0.0494971 0.0500002 -0.05
internal_weight=0.168168 0.16482 0.162929 0.00609208 0.156837 0.00334827
internal_count=40000 1793 634 62 572 38207
is_linear=0
shrinkage=0.05


Tree=242
num_leaves=5
num_cat=0
split_feature=1 0 0 4
split_gain=0.0133611 2.77556e-17 3.46945e-18 8.67362e-19
threshold=0.14640000000000003 39750.000000000007 63500.000000000007 3.8450000000000002
decision_type=2 2 2 2
left_child=3 -2 -3 -1
right_child=1 2 -4 -5
leaf_value=-0.05000000454280884 0.050000199418284756 0.050000200383987496 0.050000200606469286 -0.050000006023935388
leaf_weight=0.0023473187021636468 0.12816770482459106 0.023209399689221755 0.0052155977755319318 0.001065758259194638
leaf_count=27384 491 89 20 12016
internal_value=0.0478671 0.0500002 0.0500002 -0.05
internal_weight=0.160006 0.156593 0.028425 0.00341308
internal_count=40000 600 109 39400
is_linear=0
shrinkage=0.05


Tree=243
num_leaves=8
num_cat=0
split_feature=2 7 3 4 7 0 4
split_gain=0.0118428 9.29633e-05 6.65094e-07 1.44496e-06 1.56049e-11 2.77556e-17 8.67362e-19
threshold=1.0000000180025095e-35 2.4650000000000003 3.5000000000000004 107.37500000000001 3.4350000000000005 60500.000000000007 3.5250000000000004
decision_type=2 2 2 2 2 2 2
left_child=6 -2 3 -3 -4 -6 -1
right_child=1 2 4 -5 5 -7 -8
leaf_value=-0.050000004418126257 0.037336673964051589 0.048270735885086652 0.049997271470638344 0.050000189463189404 0.050000188143033392 0.050000187720051131 -0.050000004165932303
leaf_weight=0.0020046654898635543 0.001468524989377328 0.0017854456029340318 0.0047442723685122692 0.003732772747753188 0.13074391864938661 0.0066976618545595548 0.0010249702262754568
leaf_count=25281 1155 49 20 15 527 27 12926
internal_value=0.0478671 0.0498547 0.0499792 0.0494406 0.0500001 0.0500002 -0.05
internal_weight=0.152202 0.149173 0.147704 0.00551822 0.142186 0.137442 0.00302964
internal_count=40000 1793 638 64 574 554 38207
is_linear=0
shrinkage=0.05


Tree=244
num_leaves=6
num_cat=0
split_feature=1 0 0 4 3
split_gain=0.0121632 2.77556e-17 2.77556e-17 3.46945e-18 8.67362e-19
threshold=0.14640000000000003 47500.000000000007 10950.000000000002 41.415000000000006 1.0000000180025095e-35
decision_type=2 2 2 2 2
left_child=4 2 -2 -3 -1
right_child=1 3 -4 -5 -6
leaf_value=-0.050000003966622311 0.050000182779532942 0.050000179486215823 0.05000017921390431 0.050000178843562386 -0.050000005524538108
leaf_weight=0.0012993995019030527 0.0066995663946727282 0.0056631158222444355 0.12273977900622413 0.0066069779131794348 0.0018080714772210627
leaf_count=17227 28 24 520 28 22173
internal_value=0.0478544 0.0500002 0.0500002 0.0500002 -0.05
internal_weight=0.144817 0.141709 0.129439 0.0122701 0.00310747
internal_count=40000 600 548 52 39400
is_linear=0
shrinkage=0.05


Tree=245
num_leaves=6
num_cat=0
split_feature=1 0 2 2 3
split_gain=0.01157 5.55112e-17 2.77556e-17 1.38778e-17 4.33681e-19
threshold=0.14640000000000003 10950.000000000002 2.5000000000000004 6.5000000000000009 1.0000000180025095e-35
decision_type=2 2 2 2 2
left_child=4 -2 -3 -4 -1
right_child=1 2 3 -5 -6
leaf_value=-0.050000004205924153 0.050000173769177036 0.050000170945248147 0.050000169076014934 0.050000170647638058 -0.050000005565485034
leaf_weight=0.0012360270352900207 0.0063728258246555916 0.042669495276641101 0.076328780138283037 0.0094271107227541506 0.0017198907921240902
leaf_count=17227 28 190 340 42 22173
internal_value=0.0478544 0.0500002 0.0500002 0.0500002 -0.05
internal_weight=0.137754 0.134798 0.128425 0.0857559 0.00295592
internal_count=40000 600 572 382 39400
is_linear=0
shrinkage=0.05


Tree=246
num_leaves=5
num_cat=0
split_feature=1 0 0 0
split_gain=0.0110057 2.77556e-17 1.04083e-17 4.33681e-19
threshold=0.14640000000000003 17050.000000000004 9950.0000000000018 2850.0000000000005
decision_type=2 2 2 2
left_child=3 2 -2 -1
right_child=1 -3 -4 -5
leaf_value=-0.050000004671644054 0.050000165359897514 0.050000163107921741 0.050000162798137932 -0.05000000406723612
leaf_weight=0.0018051517637829298 0.0043428725912235669 0.10059158498188481 0.023289587406907231 0.0010066042700671574
leaf_count=25490 20 471 109 13910
internal_value=0.0478544 0.0500002 0.0500002 -0.05
internal_weight=0.131036 0.128224 0.0276325 0.00281176
internal_count=40000 600 129 39400
is_linear=0
shrinkage=0.05


Tree=247
num_leaves=7
num_cat=0
split_feature=2 7 3 4 0 0
split_gain=0.00969352 8.85979e-05 6.62024e-07 1.43335e-06 1.56117e-11 4.33681e-19
threshold=1.0000000180025095e-35 2.4650000000000003 3.5000000000000004 107.37500000000001 10450.000000000002 2550.0000000000005
decision_type=2 2 2 2 2 2
left_child=5 -2 3 -3 -4 -1
right_child=1 2 4 -5 -6 -7
leaf_value=-0.050000005222400751 0.036487495038050183 0.048098746998401033 0.049996930386822375 0.050000154988026679 0.050000154470964259 -0.050000004065293008
leaf_weight=0.0014416474776055557 0.001229604930145455 0.0014668972956854978 0.003884331777143756 0.0030561379535356537 0.1125277023675153 0.0010388084562222843
leaf_count=22206 1155 49 20 15 554 16001
internal_value=0.0478544 0.0498412 0.049977 0.0493835 0.05 -0.05
internal_weight=0.124645 0.122165 0.120935 0.00452304 0.116412 0.00248046
internal_count=40000 1793 638 64 574 38207
is_linear=0
shrinkage=0.05


Tree=248
num_leaves=4
num_cat=0
split_feature=1 0 7
split_gain=0.0100236 2.77556e-17 3.46945e-18
threshold=0.14640000000000003 10950.000000000002 0.84500000000000008
decision_type=2 2 2
left_child=2 -2 -1
right_child=1 -3 -4
leaf_value=-0.050000001665812532 0.05000014978188097 0.050000147047008094 -0.050000005326380707
leaf_weight=0.0015404345182616899 0.0054989184718579045 0.11053940825513564 0.0010207725120068289
leaf_count=23906 28 572 15494
internal_value=0.0478406 0.0500001 -0.05
internal_weight=0.1186 0.116038 0.00256121
internal_count=40000 600 39400
is_linear=0
shrinkage=0.05


Tree=249
num_leaves=8
num_cat=0
split_feature=1 7 7 2 2 3 4
split_gain=0.00953476 4.16334e-17 1.73472e-17 1.38778e-17 3.46945e-18 1.73472e-18 4.33681e-19
threshold=0.14640000000000003 5.7150000000000007 3.2350000000000008 2.5000000000000004 1.5000000000000002 7.5000000000000009 2.8650000000000007
decision_type=2 2 2 2 2 2 2
left_child=6 2 -2 4 -3 -4 -1
right_child=1 3 5 -5 -6 -7 -8
leaf_value=-0.050000003366087224 0.050000143953983847 0.050000139532548407 0.050000140438077767 0.050000138999561086 0.050000140858654667 0.050000139810914862 -0.050000004575341733
leaf_weight=0.0014113765018990412 0.0037604460958391419 0.010481192002771422 0.0080873859260464087 0.063227747508790344 0.018941637725220062 0.0058806793531402954 0.0010249189446227547
leaf_count=23107 20 57 44 344 103 32 16293
internal_value=0.0478406 0.0500001 0.0500001 0.0500001 0.0500001 0.0500001 -0.05
internal_weight=0.112815 0.110379 0.0177285 0.0926506 0.0294228 0.0139681 0.0024363
internal_count=40000 600 96 504 160 76 39400
is_linear=0
shrinkage=0.05


Tree=250
num_leaves=4
num_cat=0
split_feature=1 0 0
split_gain=0.00906974 1.38778e-17 4.33681e-19
threshold=0.14640000000000003 42500.000000000007 2450.0000000000005
decision_type=2 2 2
left_child=2 -2 -1
right_child=1 -3 -4
leaf_value=-0.050000003487390116 0.05000013331178299 0.050000133193617284 -0.050000004240378065
leaf_weight=0.0012754373393022425 0.089088490887661465 0.01590735990612302 0.001042038604925466
leaf_count=21891 509 91 17509
internal_value=0.0478406 0.0500001 -0.05
internal_weight=0.107313 0.104996 0.00231748
internal_count=40000 600 39400
is_linear=0
shrinkage=0.05


Tree=251
num_leaves=3
num_cat=0
split_feature=1 0
split_gain=0.0086274 2.77556e-17
threshold=0.14640000000000003 9950.0000000000018
decision_type=2 2
left_child=-1 -2
right_child=1 -3
leaf_value=-0.050000003715300251 0.05000012926599956 0.050000126739626331
leaf_weight=0.0022044513189065631 0.0033940881257876745 0.096481066502747126
leaf_count=39400 20 580
internal_value=0.0478406 0.0500001
internal_weight=0.10208 0.0998752
internal_count=40000 600
is_linear=0
shrinkage=0.05


Tree=252
num_leaves=3
num_cat=0
split_feature=1 0
split_gain=0.00820664 1.38778e-17
threshold=0.14640000000000003 60500.000000000007
decision_type=2 2
left_child=-1 -2
right_child=1 -3
leaf_value=-0.050000003679013999 0.050000119988829819 0.050000119771684982
leaf_weight=0.0020969389629392756 0.090733573655597866 0.0042706234817160285
leaf_count=39400 573 27
internal_value=0.0478406 0.0500001
internal_weight=0.0971011 0.0950042
internal_count=40000 600
is_linear=0
shrinkage=0.05


Tree=253
num_leaves=5
num_cat=0
split_feature=1 2 7 7
split_gain=0.0078064 1.38778e-17 1.38778e-17 1.73472e-18
threshold=0.14640000000000003 6.5000000000000009 3.7350000000000008 13.925000000000002
decision_type=2 2 2 2
left_child=-1 2 -2 -3
right_child=1 3 -4 -5
leaf_value=-0.050000002365725583 0.050000116764285334 0.050000114379398698 0.050000115524145232 0.050000112918382626
leaf_weight=0.0019946700624764438 0.0050349070661468423 0.0034605186665430656 0.078866232302971184 0.0030091395456111059
leaf_count=39400 33 23 524 20
internal_value=0.0478406 0.0500001 0.0500001 0.0500001
internal_weight=0.0923655 0.0903708 0.0839011 0.00646966
internal_count=40000 600 557 43
is_linear=0
shrinkage=0.05


Tree=254
num_leaves=6
num_cat=0
split_feature=1 7 2 2 7
split_gain=0.00742567 2.77556e-17 1.38778e-17 1.38778e-17 6.93889e-18
threshold=0.14640000000000003 4.2700000000000005 6.5000000000000009 2.5000000000000004 3.2950000000000004
decision_type=2 2 2 2 2
left_child=-1 4 3 -3 -2
right_child=1 2 -4 -5 -6
leaf_value=-0.050000003501871962 0.050000112480903948 0.05000010883535088 0.050000110271147813 0.050000107122496355 0.050000109002523212
leaf_weight=0.0018973888462951996 0.0032149016478797412 0.026206331967841834 0.0060109983605798325 0.047667550490587018 0.0028635899652726948
leaf_count=39400 22 183 42 333 20
internal_value=0.0478406 0.0500001 0.0500001 0.0500001 0.0500001
internal_weight=0.0878608 0.0859634 0.0798849 0.0738739 0.00607849
internal_count=40000 600 558 516 42
is_linear=0
shrinkage=0.05


Tree=255
num_leaves=8
num_cat=0
split_feature=2 4 7 3 2 0 0
split_gain=0.00649589 4.36207e-05 1.75295e-06 2.12421e-08 5.55112e-17 1.38778e-17 3.46945e-18
threshold=1.0000000180025095e-35 7.9350000000000014 2.8950000000000005 3.5000000000000004 2.5000000000000004 14950.000000000002 32750.000000000004
decision_type=2 2 2 2 2 2 2
left_child=-1 -2 -3 -4 6 -6 -5
right_child=1 2 3 4 5 -7 -8
leaf_value=-0.050000001519173866 0.039799999511566972 0.048441727662630746 0.04986173668120112 0.050000103180792989 0.050000103051068813 0.050000106173170591 0.050000101927150112
leaf_weight=0.0016626994011765808 0.0010705688042307307 0.0018590208965321145 0.0028786497039163797 0.02028762229019776 0.0053095224429853252 0.046695765428012237 0.0038118998345453283
leaf_count=38207 1098 112 24 149 39 343 28
internal_value=0.0478406 0.0498266 0.0499593 0.0499951 0.0500001 0.0500001 0.0500001
internal_weight=0.0835757 0.081913 0.0808425 0.0789835 0.0761048 0.0520053 0.0240995
internal_count=40000 1793 695 583 559 382 177
is_linear=0
shrinkage=0.05


Tree=256
num_leaves=8
num_cat=0
split_feature=1 2 2 0 0 0 7
split_gain=0.00676885 2.77556e-17 2.77556e-17 2.77556e-17 6.93889e-18 3.46945e-18 8.67362e-19
threshold=0.14640000000000003 2.5000000000000004 6.5000000000000009 14950.000000000002 21250.000000000004 19200.000000000004 4.4850000000000012
decision_type=2 2 2 2 2 2 2
left_child=-1 4 3 6 5 -2 -3
right_child=1 2 -4 -5 -6 -7 -8
leaf_value=-0.050000001919233795 0.050000099787943592 0.050000099430624473 0.050000100253622018 0.050000095850590176 0.050000098373635851 0.050000097653502863 0.050000098579311307
leaf_weight=0.0017298366588534 0.0079476467944914475 0.0028685074648819855 0.0055737985676387316 0.039897962706163526 0.015938912925776094 0.0027195379079785207 0.0028489944816101342
leaf_count=39400 61 22 43 308 123 21 22
internal_value=0.0478249 0.0500001 0.0500001 0.0500001 0.0500001 0.0500001 0.0500001
internal_weight=0.0795252 0.0777954 0.0511893 0.0456155 0.0266061 0.0106672 0.0057175
internal_count=40000 600 395 352 205 82 44
is_linear=0
shrinkage=0.05


Tree=257
num_leaves=3
num_cat=0
split_feature=1 0
split_gain=0.00643873 1.38778e-17
threshold=0.14640000000000003 56000.000000000007
decision_type=2 2
left_child=-1 -2
right_child=1 -3
leaf_value=-0.050000002202236819 0.05000009416459137 0.050000094136091057
leaf_weight=0.0016454715360190155 0.070059356949059293 0.003941886519896797
leaf_count=39400 568 32
internal_value=0.0478249 0.0500001
internal_weight=0.0756467 0.0740012
internal_count=40000 600
is_linear=0
shrinkage=0.05


Tree=258
num_leaves=4
num_cat=0
split_feature=1 0 0
split_gain=0.00612471 1.38778e-17 1.38778e-17
threshold=0.14640000000000003 62500.000000000007 45500.000000000007
decision_type=2 2 2
left_child=-1 2 -2
right_child=1 -3 -4
leaf_value=-0.050000004113611489 0.050000089554950736 0.050000090036505185 0.050000089940709383
leaf_weight=0.0015652209029752831 0.062774515026831068 0.0026950528117595232 0.0049225981638301155
leaf_count=39400 535 23 42
internal_value=0.0478249 0.0500001 0.0500001
internal_weight=0.0719574 0.0703922 0.0676971
internal_count=40000 600 577
is_linear=0
shrinkage=0.05


Tree=259
num_leaves=5
num_cat=0
split_feature=1 0 0 0
split_gain=0.005826 1.38778e-17 6.93889e-18 1.73472e-18
threshold=0.14640000000000003 37500.000000000007 9950.0000000000018 62500.000000000007
decision_type=2 2 2 2
left_child=-1 2 -2 -3
right_child=1 3 -4 -5
leaf_value=-0.050000003051505239 0.050000086911004882 0.050000084899491475 0.050000084924182786 0.050000084861099185
leaf_weight=0.0014888841957585433 0.0022771109070163211 0.011483911781397182 0.050634468992939219 0.0025636137725086891
leaf_count=39400 20 103 454 23
internal_value=0.0478249 0.0500001 0.0500001 0.0500001
internal_weight=0.068448 0.0669591 0.0529116 0.0140475
internal_count=40000 600 474 126
is_linear=0
shrinkage=0.05


Tree=260
num_leaves=3
num_cat=0
split_feature=1 0
split_gain=0.00554186 1.38778e-17
threshold=0.14640000000000003 52500.000000000007
decision_type=2 2
left_child=-1 -2
right_child=1 -3
leaf_value=-0.050000004178999462 0.050000081406878782 0.050000081643127164
leaf_weight=0.0014162704371578618 0.060088610778620932 0.0036048648034920907
leaf_count=39400 566 34
internal_value=0.0478249 0.0500001
internal_weight=0.0651097 0.0636935
internal_count=40000 600
is_linear=0
shrinkage=0.05


Tree=261
num_leaves=7
num_cat=0
split_feature=1 2 0 2 0 0
split_gain=0.00527158 2.08167e-17 1.38778e-17 1.38778e-17 6.93889e-18 8.67362e-19
threshold=0.14640000000000003 2.5000000000000004 14950.000000000002 6.5000000000000009 16050.000000000002 12350.000000000002
decision_type=2 2 2 2 2 2
left_child=-1 4 -3 -4 5 -2
right_child=1 2 3 -5 -6 -7
leaf_value=-0.050000001232153937 0.05000007814376857 0.050000076615760086 0.050000079005615365 0.050000076105502493 0.050000075952539941 0.050000076744157844
leaf_weight=0.0013471981498227583 0.0022532586735906071 0.0045536599427578031 0.031072576777660288 0.0042400176025694227 0.016448190850496758 0.0020194090539007448
leaf_count=39400 22 45 308 42 163 20
internal_value=0.0478249 0.0500001 0.0500001 0.0500001 0.0500001 0.0500001
internal_weight=0.0619343 0.0605871 0.0398663 0.0353126 0.0207209 0.00427267
internal_count=40000 600 395 350 205 42
is_linear=0
shrinkage=0.05


Tree=262
num_leaves=6
num_cat=0
split_feature=2 7 3 0 3
split_gain=0.00457608 2.98012e-05 3.78864e-07 1.38778e-17 8.67362e-19
threshold=1.0000000180025095e-35 2.6250000000000004 3.5000000000000004 14250.000000000002 7.5000000000000009
decision_type=2 2 2 2 2
left_child=-1 -2 -3 4 -4
right_child=1 2 3 -5 -6
leaf_value=-0.050000001751170954 0.041996434896040317 0.049306077868954454 0.05000007400372624 0.050000072820408553 0.050000073527455884
leaf_weight=0.0011716844756577407 0.0011950982939481483 0.0020401836193002501 0.0034559051709948099 0.048844161967281252 0.0022067104437155649
leaf_count=38207 1168 57 36 509 23
internal_value=0.0478249 0.0498099 0.049975 0.0500001 0.0500001
internal_weight=0.0589137 0.0577421 0.056547 0.0545068 0.00566262
internal_count=40000 1793 625 568 59
is_linear=0
shrinkage=0.05


Tree=263
num_leaves=3
num_cat=0
split_feature=1 0
split_gain=0.00480888 6.93889e-18
threshold=0.14640000000000003 63500.000000000007
decision_type=2 2
left_child=-1 -2
right_child=1 -3
leaf_value=-0.050000001428870171 0.050000069889200249 0.050000070362088728
leaf_weight=0.001229168965108939 0.053006097594334278 0.0018251391375088124
leaf_count=39400 580 20
internal_value=0.0478075 0.0500001
internal_weight=0.0560604 0.0548312
internal_count=40000 600
is_linear=0
shrinkage=0.05


Tree=264
num_leaves=7
num_cat=0
split_feature=1 2 0 2 4 0
split_gain=0.00457435 2.08167e-17 2.08167e-17 1.04083e-17 6.93889e-18 3.46945e-18
threshold=0.14640000000000003 2.5000000000000004 14250.000000000002 6.5000000000000009 17.345000000000002 35750.000000000007
decision_type=2 2 2 2 2 2
left_child=-1 5 -3 4 -4 -2
right_child=1 2 3 -5 -6 -7
leaf_value=-0.050000001213241788 0.050000066456732231 0.050000066734057796 0.050000064968816996 0.05000006669029225 0.050000063096551209 0.050000067298487716
leaf_weight=0.0011692216907306366 0.016099640793981962 0.0034889320595539166 0.0021782346084364681 0.0036494176893029353 0.025000218403874896 0.0017406463593943036
leaf_count=39400 185 40 25 42 288 20
internal_value=0.0478075 0.0500001 0.0500001 0.0500001 0.0500001 0.0500001
internal_weight=0.0533263 0.0521571 0.0343168 0.0308279 0.0271785 0.0178403
internal_count=40000 600 395 355 313 205
is_linear=0
shrinkage=0.05


Tree=265
num_leaves=2
num_cat=0
split_feature=1
split_gain=0.00435125
threshold=0.14640000000000003
decision_type=2
left_child=-1
right_child=-2
leaf_value=-0.050000001777832287 0.050000062488921915
leaf_weight=0.0011121980809836165 0.049613361770752817
leaf_count=39400 600
internal_value=0.0478075
internal_weight=0.0507256
internal_count=40000
is_linear=0
shrinkage=0.05


Tree=266
num_leaves=3
num_cat=0
split_feature=1 4
split_gain=0.00413904 6.93889e-18
threshold=0.14640000000000003 13.275
decision_type=2 2
left_child=-1 -2
right_child=1 -3
leaf_value=-0.050000001214827075 0.050000059922610654 0.050000060081730573
leaf_weight=0.001057955543805277 0.0025255887012463054 0.044668102775176521
leaf_count=39400 32 568
internal_value=0.0478075 0.0500001
internal_weight=0.0482516 0.0471937
internal_count=40000 600
is_linear=0
shrinkage=0.05


Tree=267
num_leaves=3
num_cat=0
split_feature=1 0
split_gain=0.00393718 6.93889e-18
threshold=0.14640000000000003 63500.000000000007
decision_type=2 2
left_child=-1 -2
right_child=1 -3
leaf_value=-0.050000001863136856 0.050000057867003601 0.050000057942828635
leaf_weight=0.0010063584423587449 0.043397732115408871 0.0014942978741601101
leaf_count=39400 580 20
internal_value=0.0478075 0.0500001
internal_weight=0.0458984 0.044892
internal_count=40000 600
is_linear=0
shrinkage=0.05


Tree=268
num_leaves=8
num_cat=0
split_feature=0 4 3 0 2 2 0
split_gain=0.00288162 2.49031e-05 6.63734e-08 1.46653e-10 2.77556e-17 1.38778e-17 3.46945e-18
threshold=5450.0000000000009 9.7250000000000032 3.5000000000000004 9950.0000000000018 2.5000000000000004 6.5000000000000009 18550.000000000004
decision_type=2 2 2 2 2 2 2
left_child=-1 -2 -3 -4 6 -6 -5
right_child=1 2 3 4 5 -7 -8
leaf_value=-0.03536822318738958 0.042329306926781114 0.049669200682473685 0.049983034631736596 0.050000053137364886 0.050000051807300785 0.05000005585508116 0.050000055282994331
leaf_weight=0.0010170611032869195 0.0010895500067249477 0.0015811669136969178 0.0013087429068949765 0.0029850149003323176 0.024022724232054316 0.0024164133501471943 0.0092392277365433984
leaf_count=36092 3177 167 20 42 338 34 130
internal_value=0.0478075 0.0497913 0.0499869 0.0499995 0.0500001 0.0500001 0.0500001
internal_weight=0.0436599 0.0426428 0.0415533 0.0399721 0.0386634 0.0264391 0.0122242
internal_count=40000 3908 731 564 544 372 172
is_linear=0
shrinkage=0.05


Tree=269
num_leaves=7
num_cat=0
split_feature=7 4 3 4 2 2
split_gain=0.0025559 2.81036e-05 9.70553e-08 1.26127e-10 6.93889e-18 1.38778e-17
threshold=1.8050000000000004 9.7250000000000032 3.5000000000000004 13.945000000000002 6.5000000000000009 2.5000000000000004
decision_type=2 2 2 2 2 2
left_child=-1 -2 -3 -4 5 -5
right_child=1 2 3 4 -6 -7
leaf_value=-0.028772767409460293 0.041701615342417724 0.049590185131299716 0.049984500246408763 0.05000005060583889 0.050000053632817835 0.050000048943073853
leaf_weight=0.0010629995697382091 0.0010515414611447218 0.0015057439596368729 0.0013523031026352319 0.012048514785419684 0.002028152179263997 0.022522237406519707
leaf_count=35995 3269 174 21 178 30 333
internal_value=0.0477605 0.0497689 0.0499839 0.0499995 0.05 0.05
internal_weight=0.0415715 0.0405085 0.039457 0.0379512 0.0365989 0.0345708
internal_count=40000 4005 736 562 541 511
is_linear=0
shrinkage=0.05


Tree=270
num_leaves=8
num_cat=0
split_feature=7 4 3 4 2 7 3
split_gain=0.00244886 3.16049e-05 1.12572e-07 1.46532e-10 3.46945e-17 1.04083e-17 3.46945e-18
threshold=1.8050000000000004 9.7250000000000032 3.5000000000000004 13.945000000000002 2.5000000000000004 6.7300000000000013 8.5000000000000018
decision_type=2 2 2 2 2 2 2
left_child=-1 -2 -3 -4 6 -6 -5
right_child=1 2 3 4 5 -7 -8
leaf_value=-0.027794607581744814 0.041044456178940932 0.049547639336591072 0.049982863105868525 0.050000049785518669 0.050000047879712767 0.050000045708914947 0.050000049127835323
leaf_weight=0.0010458366055008375 0.0010158723175539555 0.0014335075780209641 0.0012863916096108588 0.0090172111667925492 0.0048324308736482626 0.018520623809308745 0.0024436910316580915
leaf_count=35995 3269 174 21 140 75 288 38
internal_value=0.0476986 0.0497467 0.0499822 0.0499994 0.05 0.05 0.05
internal_weight=0.0395956 0.0385497 0.0375339 0.0361003 0.034814 0.0233531 0.0114609
internal_count=40000 4005 736 562 541 363 178
is_linear=0
shrinkage=0.05


Tree=271
num_leaves=7
num_cat=0
split_feature=7 4 3 7 1 2
split_gain=0.00234803 3.17251e-05 1.12522e-07 1.6706e-10 6.93889e-18 3.46945e-18
threshold=1.8050000000000004 10.145000000000001 3.5000000000000004 3.4350000000000005 0.5384500000000001 2.5000000000000004
decision_type=2 2 2 2 2 2
left_child=-1 -2 -3 -4 5 -5
right_child=1 2 3 4 -6 -7
leaf_value=-0.026819512451665486 0.041380208850061183 0.049536333726864154 0.049981395575613985 0.050000046294648139 0.05000004693272482 0.050000047577308554
leaf_weight=0.0010300794970117258 0.0011053245627135047 0.0013643666093852138 0.0012459395862975944 0.0031197495700325817 0.022572296467842534 0.0072794267471181229
leaf_count=35995 3290 155 21 51 369 119
internal_value=0.0476321 0.0497225 0.0499816 0.0499994 0.05 0.05
internal_weight=0.0377172 0.0366871 0.0355818 0.0342174 0.0329715 0.0103992
internal_count=40000 4005 715 560 539 170
is_linear=0
shrinkage=0.05


Tree=272
num_leaves=8
num_cat=0
split_feature=0 3 0 0 1 0 0
split_gain=0.00230134 8.02755e-06 1.13063e-10 3.52669e-12 5.11506e-12 3.46945e-18 8.67362e-19
threshold=6950.0000000000009 3.5000000000000004 10450.000000000002 14950.000000000002 0.66095000000000004 43500.000000000007 63500.000000000007
decision_type=2 2 2 2 2 2 2
left_child=-1 -2 -3 4 -4 -5 -7
right_child=1 2 3 5 -6 6 -8
leaf_value=-0.022468099308543012 0.04606022755377269 0.049984114999197825 0.049995852948898613 0.050000044793255996 0.050000044195610271 0.050000045572572316 0.050000046109179852
leaf_weight=0.0011360974220746547 0.0013454135149508764 0.0011790524624952772 0.0012802329885541744 0.024523505300749093 0.0016874643224582542 0.0036162187388981684 0.001163762564829085
leaf_count=37842 1575 27 24 421 29 62 20
internal_value=0.0475605 0.049847 0.0499993 0.0499999 0.0499982 0.05 0.05
internal_weight=0.0359317 0.0347956 0.0334502 0.0322712 0.0029677 0.0293035 0.00477998
internal_count=40000 2158 583 556 53 503 82
is_linear=0
shrinkage=0.05


Tree=273
num_leaves=5
num_cat=0
split_feature=0 4 7 4
split_gain=0.00221816 1.0151e-05 2.92654e-08 1.00236e-10
threshold=6950.0000000000009 10.635000000000003 3.7350000000000008 14.755000000000001
decision_type=2 2 2 2
left_child=-1 -2 -3 -4
right_child=1 2 3 -5
leaf_value=-0.021562548767508766 0.044943866518968249 0.049781546795546361 0.049985072169413079 0.050000042335596809
leaf_weight=0.0011249128389358978 0.0010292329969399097 0.0016226541497683647 0.0011625564512947042 0.029294187846971909
leaf_count=37842 1529 73 27 529
internal_value=0.0474856 0.0498316 0.0499884 0.0499995
internal_weight=0.0342335 0.0331086 0.0320794 0.0304567
internal_count=40000 2158 629 556
is_linear=0
shrinkage=0.05


Tree=274
num_leaves=8
num_cat=0
split_feature=3 0 4 2 2 0 0
split_gain=0.0021725 9.76027e-06 4.3449e-09 1.04083e-17 6.93889e-18 3.46945e-18 1.73472e-18
threshold=2.5000000000000004 9450.0000000000018 11.635000000000003 2.5000000000000004 6.5000000000000009 14950.000000000002 32250.000000000004
decision_type=2 2 2 2 2 2 2
left_child=-1 -2 -3 6 5 -5 -4
right_child=1 2 3 4 -6 -7 -8
leaf_value=-0.021130740763998859 0.045023634418241636 0.049900798636546298 0.050000040359951863 0.050000040004805783 0.050000041349685512 0.050000038279377573 0.050000040933089386
leaf_weight=0.0011166744224233574 0.0010197961565090443 0.0011459951672634352 0.0080628727082512341 0.0018960674024128812 0.0016848312952788538 0.015795241881278343 0.0018975063612742824
leaf_count=37357 2047 39 153 36 32 300 36
internal_value=0.0474059 0.0498353 0.0499963 0.05 0.05 0.05 0.05
internal_weight=0.032619 0.0315023 0.0304825 0.0293365 0.0193761 0.0176913 0.00996038
internal_count=40000 2643 596 557 368 336 189
is_linear=0
shrinkage=0.05


Tree=275
num_leaves=8
num_cat=0
split_feature=0 3 4 2 0 0 0
split_gain=0.00211908 1.04643e-05 2.73155e-10 1.04083e-17 6.93889e-18 3.46945e-18 4.33681e-19
threshold=6950.0000000000009 3.5000000000000004 11.635000000000003 2.5000000000000004 14950.000000000002 19750.000000000004 16950.000000000004
decision_type=2 2 2 2 2 2 2
left_child=-1 -2 -3 5 -5 6 -4
right_child=1 2 3 4 -6 -7 -8
leaf_value=-0.021254787092022685 0.045227000715548277 0.049974514413934475 0.050000038099480483 0.050000037807213994 0.050000039601367098 0.050000036627355353 0.05000003731011881
leaf_weight=0.0010870637245048434 0.0011965040900605564 0.0010894086743142841 0.0018572074186522514 0.0022131612931843838 0.016627560165943578 0.0059097820994793437 0.0011018220211553853
leaf_count=37842 1575 30 37 44 332 118 22
internal_value=0.0473234 0.0498087 0.0499991 0.05 0.05 0.05 0.05
internal_weight=0.0310825 0.0299954 0.0287989 0.0277095 0.0188407 0.00886881 0.00295903
internal_count=40000 2158 583 553 376 177 59
is_linear=0
shrinkage=0.05


Tree=276
num_leaves=6
num_cat=0
split_feature=0 4 0 4 2
split_gain=0.00204471 1.17416e-05 1.43388e-08 5.22246e-11 3.46945e-18
threshold=6950.0000000000009 11.635000000000003 10950.000000000002 17.345000000000002 2.5000000000000004
decision_type=2 2 2 2 2
left_child=-1 -2 -3 -4 -5
right_child=1 2 3 4 -6
leaf_value=-0.020376287293851447 0.044709746895416735 0.049816644841771805 0.049989112027152852 0.050000036253419138 0.050000037612151854
leaf_weight=0.0010774865498124333 0.0010939105832186149 0.0011168116198536629 0.0011435253605647224 0.0088958994492713828 0.016293071519612567
leaf_count=37842 1550 52 28 186 342
internal_value=0.0472373 0.0497897 0.0499921 0.0499996 0.05
internal_weight=0.0296207 0.0285432 0.0274493 0.0263325 0.025189
internal_count=40000 2158 608 556 528
is_linear=0
shrinkage=0.05


Tree=277
num_leaves=8
num_cat=0
split_feature=0 4 0 4 2 0 0
split_gain=0.00197471 1.3355e-05 1.66465e-08 6.0657e-11 1.38778e-17 3.46945e-18 1.73472e-18
threshold=6950.0000000000009 11.635000000000003 10950.000000000002 17.345000000000002 2.5000000000000004 51000.000000000007 30250.000000000004
decision_type=2 2 2 2 2 2 2
left_child=-1 -2 -3 -4 6 -6 -5
right_child=1 2 3 4 5 -7 -8
leaf_value=-0.019519679994046479 0.04424338305390127 0.049797468181806977 0.049987961504032466 0.05000003505028993 0.050000032692080136 0.05000003211141938 0.050000035815578797
leaf_weight=0.0010687623041327745 0.0010512559265727353 0.0010627431003928925 0.0010877793970855967 0.0064559303864371032 0.014093626472458709 0.0014048238299437807 0.0020061111354152672
leaf_count=37842 1550 52 28 142 311 31 44
internal_value=0.0471457 0.0497688 0.0499913 0.0499995 0.05 0.05 0.05
internal_weight=0.028231 0.0271623 0.026111 0.0250483 0.0239605 0.0154985 0.00846204
internal_count=40000 2158 608 556 528 342 186
is_linear=0
shrinkage=0.05


Tree=278
num_leaves=5
num_cat=0
split_feature=3 4 7 0
split_gain=0.00205296 9.19999e-06 1.28911e-08 3.46945e-18
threshold=2.5000000000000004 11.955000000000002 3.2950000000000004 17050.000000000004
decision_type=2 2 2 2
left_child=-1 -2 -3 -4
right_child=1 2 3 -5
leaf_value=-0.022276227287497823 0.045194597962458234 0.049819790176108603 0.050000033141148141 0.050000033448869476
leaf_weight=0.0010271745613152907 0.001040994904311531 0.0010351382988300619 0.0045720132184214881 0.01923462623017258
leaf_count=37357 2015 76 106 446
internal_value=0.0470484 0.0497996 0.0499925 0.05
internal_weight=0.0269099 0.0258828 0.0248418 0.0238066
internal_count=40000 2643 628 552
is_linear=0
shrinkage=0.05


Tree=279
num_leaves=5
num_cat=0
split_feature=3 0 4 0
split_gain=0.00197837 1.03427e-05 6.55977e-09 3.46945e-18
threshold=2.5000000000000004 9950.0000000000018 12.395000000000001 20100.000000000004
decision_type=2 2 2 2
left_child=-1 -2 -3 -4
right_child=1 2 3 -5
leaf_value=-0.021374700098064206 0.044890010428611543 0.049873412024440858 0.050000031128617443 0.050000031125202626
leaf_weight=0.0010172342564302985 0.0010360290097377592 0.0010715599036394954 0.0059486442551133214 0.016573879085626686
leaf_count=37357 2053 41 145 404
internal_value=0.0469574 0.0497796 0.0499943 0.05
internal_weight=0.0256473 0.0246301 0.0235941 0.0225225
internal_count=40000 2643 590 549
is_linear=0
shrinkage=0.05


Tree=280
num_leaves=8
num_cat=0
split_feature=0 4 7 4 2 0 4
split_gain=0.00187461 1.32778e-05 1.35545e-08 1.23453e-11 1.04083e-17 5.20417e-18 1.73472e-18
threshold=6950.0000000000009 12.395000000000001 3.7350000000000008 19.815000000000001 2.5000000000000004 14950.000000000002 324.17000000000002
decision_type=2 2 2 2 2 2 2
left_child=-1 -2 -3 -4 6 -6 -5
right_child=1 2 3 4 5 -7 -8
leaf_value=-0.019968405179022777 0.044313160855117752 0.049824141492509161 0.049995047102265967 0.050000030459059312 0.050000031435063402 0.05000002827847299 0.050000032283145361
leaf_weight=0.0010061614183545222 0.0010795290090452872 0.0011593447984736818 0.0013262600723962228 0.0050582111216499462 0.001053141095326283 0.011623376391071361 0.002141103246685816
leaf_count=37842 1560 54 36 129 27 298 54
internal_value=0.0468606 0.0497292 0.0499906 0.0499997 0.05 0.05 0.05
internal_weight=0.0244471 0.023441 0.0223614 0.0212021 0.0198758 0.0126765 0.00719931
internal_count=40000 2158 598 544 508 325 183
is_linear=0
shrinkage=0.05


Tree=281
num_leaves=6
num_cat=0
split_feature=7 4 7 4 0
split_gain=0.00177038 1.13311e-05 1.23521e-08 1.43496e-11 3.46945e-18
threshold=2.4650000000000003 12.395000000000001 3.7350000000000008 19.815000000000001 43500.000000000007
decision_type=2 2 2 2 2
left_child=-1 -2 -3 -4 -5
right_child=1 2 3 4 -6
leaf_value=-0.016796013570641519 0.044619417026213838 0.049824859410983954 0.04999452137938918 0.050000028876527373 0.050000029202584922
leaf_weight=0.0010466827523103453 0.001029393452103732 0.0010636403748343062 0.0012615905359574233 0.016346415006410098 0.0025600615408620788
leaf_count=38067 1343 46 36 439 69
internal_value=0.0467545 0.0497425 0.0499909 0.0499997 0.05
internal_weight=0.0233078 0.0222611 0.0212317 0.0201681 0.0189065
internal_count=40000 1933 590 544 508
is_linear=0
shrinkage=0.05


Tree=282
num_leaves=5
num_cat=0
split_feature=7 4 7 0
split_gain=0.00171642 1.12182e-05 1.38331e-08 4.87969e-12
threshold=2.4650000000000003 12.855000000000002 3.7350000000000008 13300.000000000002
decision_type=2 2 2 2
left_child=-1 -2 -3 -4
right_child=1 2 3 -5
leaf_value=-0.016046823042367039 0.044871398898413364 0.049810136025992338 0.049996492484467386 0.050000026430777125
leaf_weight=0.001040924593775471 0.0011306723965898149 0.0010120925594847554 0.0010328305867624002 0.018010423031228129
leaf_count=38067 1349 45 30 509
internal_value=0.0466372 0.0497171 0.0499903 0.0499998
internal_weight=0.0222269 0.021186 0.0200553 0.0190433
internal_count=40000 1933 584 539
is_linear=0
shrinkage=0.05


Tree=283
num_leaves=6
num_cat=0
split_feature=4 7 0 4 0
split_gain=0.0017049 1.45794e-05 4.89004e-08 4.25325e-11 3.46945e-18
threshold=8.3750000000000018 3.2950000000000004 12950.000000000002 15.900000000000002 56000.000000000007
decision_type=2 2 2 2 2
left_child=-1 -2 -3 -4 -5
right_child=1 2 3 4 -6
leaf_value=-0.017148037099805395 0.043832601516033402 0.049649153937690052 0.049989865509940223 0.050000026208722917 0.050000026741562099
leaf_weight=0.0010019948708599449 0.0010154981692238598 0.0010544631767537274 0.001096230524900931 0.015990672647603787 0.0010407203517388544
leaf_count=36470 2932 57 35 475 31
internal_value=0.0465129 0.0496711 0.0499802 0.0499994 0.05
internal_weight=0.0211996 0.0201976 0.0191821 0.0181276 0.0170314
internal_count=40000 3530 598 541 506
is_linear=0
shrinkage=0.05


Tree=284
num_leaves=8
num_cat=0
split_feature=0 4 7 0 2 3 3
split_gain=0.00166228 6.95258e-06 1.54044e-08 5.92992e-12 3.46945e-18 1.73472e-18 8.67362e-19
threshold=7950.0000000000009 12.855000000000002 4.1050000000000013 14250.000000000002 2.5000000000000004 16.500000000000004 7.5000000000000009
decision_type=2 2 2 2 2 2 2
left_child=-1 -2 -3 -4 6 -6 -5
right_child=1 2 3 4 5 -7 -8
leaf_value=-0.014522297007730479 0.045787280345198918 0.049802170403337537 0.049996110828598644 0.050000024971995086 0.050000022880960407 0.050000023923188558 0.050000024179043229
leaf_weight=0.0010613975668594114 0.0010414390841688706 0.0010465923240339228 0.0010305315604242074 0.0039698419059277503 0.0093887054899823852 0.0011177061169291855 0.0015647819163859822
leaf_count=38459 960 47 33 123 294 35 49
internal_value=0.0463858 0.04976 0.0499884 0.0499998 0.05 0.05 0.05
internal_weight=0.020221 0.0191596 0.0181182 0.0170716 0.016041 0.0105064 0.00553462
internal_count=40000 1541 581 534 501 329 172
is_linear=0
shrinkage=0.05


Tree=285
num_leaves=7
num_cat=0
split_feature=4 0 4 7 0 0
split_gain=0.00162443 1.19052e-05 1.99601e-08 6.5752e-12 1.73472e-18 1.73472e-18
threshold=8.7850000000000019 10450.000000000002 17.345000000000002 4.6450000000000005 47500.000000000007 36750.000000000007
decision_type=2 2 2 2 2 2
left_child=-1 -2 -3 -4 5 -5
right_child=1 2 3 4 -6 -7
leaf_value=-0.015287995000291255 0.044479423487218561 0.049775311072049175 0.049995860340432859 0.050000023433607869 0.050000023271820009 0.050000023651922382
leaf_weight=0.0010158671938640387 0.0010408235962380266 0.0010550976041940876 0.0010117112597853853 0.011565840510229464 0.0013365808408707389 0.0022648978392680883
leaf_count=36824 2594 50 34 380 44 74
internal_value=0.0462515 0.0496724 0.049986 0.0499998 0.05 0.05
internal_weight=0.0192908 0.018275 0.0172341 0.016179 0.0151673 0.0138307
internal_count=40000 3176 582 532 498 454
is_linear=0
shrinkage=0.05


Tree=286
num_leaves=7
num_cat=0
split_feature=0 4 7 0 0 0
split_gain=0.00161633 7.32026e-06 1.58367e-08 7.03963e-12 1.73472e-18 4.33681e-19
threshold=7950.0000000000009 13.275 4.2700000000000005 14950.000000000002 36250.000000000007 48500.000000000007
decision_type=2 2 2 2 2 2
left_child=-1 -2 -3 -4 -5 -6
right_child=1 2 3 4 5 -7
leaf_value=-0.014638279411310705 0.04570212537861143 0.049798507027422112 0.049995761581402523 0.050000022047623327 0.050000022258830448 0.050000022032661608
leaf_weight=0.0010334512548553212 0.0010617190477830709 0.0010446918378157468 0.0010404581165204272 0.010539723165493342 0.002443422768919846 0.0012425071927282261
leaf_count=38459 967 46 37 364 84 43
internal_value=0.0461111 0.049725 0.0499868 0.0499997 0.05 0.05
internal_weight=0.018406 0.0173725 0.0163108 0.0152661 0.0142257 0.00368593
internal_count=40000 1541 574 528 491 127
is_linear=0
shrinkage=0.05


Tree=287
num_leaves=7
num_cat=0
split_feature=4 7 7 7 2 3
split_gain=0.0015371 1.19897e-05 1.90045e-08 2.53819e-11 5.20417e-18 8.67362e-19
threshold=8.9150000000000009 3.5150000000000001 4.8850000000000007 6.2150000000000007 2.5000000000000004 7.5000000000000009
decision_type=2 2 2 2 2 2
left_child=-1 -2 -3 -4 5 -5
right_child=1 2 3 4 -6 -7
leaf_value=-0.013576633711886228 0.044338518910878352 0.049793922016741134 0.049992374346278297 0.050000020609821276 0.050000022504595537 0.050000020251588707
leaf_weight=0.0010208529331396923 0.0010013414029916836 0.0012213931591915647 0.0011826648583088692 0.0030051953544898433 0.0088384810569550609 0.0012933996331412345
leaf_count=36936 2481 62 45 108 321 47
internal_value=0.0459671 0.0496416 0.0499832 0.0499994 0.05 0.05
internal_weight=0.0175633 0.0165425 0.0155411 0.0143197 0.0131371 0.00429859
internal_count=40000 3064 583 521 476 155
is_linear=0
shrinkage=0.05


Tree=288
num_leaves=7
num_cat=0
split_feature=0 4 0 0 0 0
split_gain=0.00157386 7.96293e-06 1.96666e-08 1.73472e-18 1.73472e-18 1.73472e-18
threshold=7950.0000000000009 13.945000000000002 11950.000000000002 46500.000000000007 39250.000000000007 33750.000000000007
decision_type=2 2 2 2 2 2
left_child=-1 -2 -3 4 5 -4
right_child=1 2 3 -5 -6 -7
leaf_value=-0.014781649632723321 0.045470091487795031 0.049773138238594056 0.050000020455487265 0.05000002074238559 0.050000020673354774 0.050000020756746234
leaf_weight=0.0010072928643864989 0.0010464478320635342 0.001026818331808955 0.0095104489191726316 0.0014118761428107982 0.0012098207826056759 0.0015511131678067622
leaf_count=38459 970 49 363 54 46 59
internal_value=0.0458108 0.0496844 0.0499842 0.05 0.05 0.05
internal_weight=0.0167638 0.0157565 0.0147101 0.0136833 0.0122714 0.0110616
internal_count=40000 1541 571 522 468 422
is_linear=0
shrinkage=0.05


Tree=289
num_leaves=7
num_cat=0
split_feature=0 4 0 0 0 0
split_gain=0.00152864 9.08136e-06 1.95685e-08 1.73472e-18 1.73472e-18 1.73472e-18
threshold=7950.0000000000009 13.945000000000002 12350.000000000002 48500.000000000007 40500.000000000007 33750.000000000007
decision_type=2 2 2 2 2 2
left_child=-1 -2 -3 4 5 -4
right_child=1 2 3 -5 -6 -7
leaf_value=-0.014104251175978003 0.045060129889903072 0.049782723102860325 0.050000018461838741 0.050000018709707876 0.050000018893655053 0.050000018818337377
leaf_weight=0.0010030009176658075 0.0010042437075519226 0.0011268279765381814 0.0088969845073734177 0.0010694359061744771 0.0011938091647607516 0.0017060546997527135
leaf_count=38459 970 55 357 43 48 68
internal_value=0.0456562 0.0496529 0.0499825 0.05 0.05 0.05
internal_weight=0.0160004 0.0149974 0.0139931 0.0128663 0.0117968 0.010603
internal_count=40000 1541 571 516 473 425
is_linear=0
shrinkage=0.05


Tree=290
num_leaves=6
num_cat=0
split_feature=4 0 4 0 0
split_gain=0.0014855 7.92081e-06 1.48308e-08 3.46945e-18 1.73472e-18
threshold=9.3750000000000018 11450.000000000002 19.815000000000001 40500.000000000007 35250.000000000007
decision_type=2 2 2 2 2
left_child=-1 -2 -3 4 -4
right_child=1 2 3 -5 -6
leaf_value=-0.013219082515966936 0.045666320763464018 0.049808928537442142 0.050000018138295604 0.050000018855960005 0.050000018419886529
leaf_weight=0.0010063670734759009 0.0011559239563911925 0.0011092161477712645 0.0088902157185657416 0.0019872301199939111 0.0011257631322223469
leaf_count=37271 2170 53 375 84 47
internal_value=0.045493 0.0496341 0.0499839 0.05 0.05
internal_weight=0.0152747 0.0142683 0.0131124 0.0120032 0.010016
internal_count=40000 2729 559 506 422
is_linear=0
shrinkage=0.05


Tree=291
num_leaves=6
num_cat=0
split_feature=4 7 4 0 0
split_gain=0.00144534 1.0112e-05 1.73006e-09 1.73472e-18 1.73472e-18
threshold=9.3750000000000018 3.7350000000000008 19.815000000000001 46500.000000000007 34250.000000000007
decision_type=2 2 2 2 2
left_child=-1 -2 -3 4 -4
right_child=1 2 3 -5 -6
leaf_value=-0.012602207417280598 0.044907170919244399 0.049933079319887441 0.050000017106896499 0.05000001624691347 0.050000016567960784
leaf_weight=0.0010029377613181021 0.0010594707776530052 0.0010540096199740398 0.0083948110295750666 0.0011251856230956045 0.001948761968378677
leaf_count=37271 2162 59 372 50 86
internal_value=0.0453204 0.0495976 0.0499944 0.05 0.05
internal_weight=0.0145852 0.0135822 0.0125228 0.0114688 0.0103436
internal_count=40000 2729 567 508 458
is_linear=0
shrinkage=0.05


Tree=292
num_leaves=6
num_cat=0
split_feature=0 4 4 7 0
split_gain=0.00145036 6.17513e-06 1.98049e-08 1.20754e-11 3.46945e-18
threshold=8450.0000000000018 15.900000000000002 24.535000000000004 4.6450000000000005 42500.000000000007
decision_type=2 2 2 2 2
left_child=-1 -2 -3 -4 -5
right_child=1 2 3 4 -6
leaf_value=-0.012576707557984131 0.046039091769138896 0.04976782776140154 0.049994341549998919 0.05000001639167817 0.050000016557577354
leaf_weight=0.0010096183113628152 0.0010853224738696108 0.0010086793511732148 0.0010366805667274557 0.0083338662952883169 0.0014556211353919943
leaf_count=38657 789 50 48 388 68
internal_value=0.0451387 0.0496487 0.0499797 0.0499995 0.05
internal_weight=0.0139298 0.0129202 0.0118348 0.0108262 0.00978949
internal_count=40000 1343 554 504 456
is_linear=0
shrinkage=0.05


Tree=293
num_leaves=7
num_cat=0
split_feature=0 4 7 2 0 0
split_gain=0.0014121 7.05731e-06 2.24789e-08 3.46945e-18 1.73472e-18 4.33681e-19
threshold=8450.0000000000018 15.900000000000002 4.6450000000000005 2.5000000000000004 45500.000000000007 28750.000000000004
decision_type=2 2 2 2 2 2
left_child=-1 -2 -3 5 -5 -4
right_child=1 2 3 4 -6 -7
leaf_value=-0.011985821151867899 0.045673586065380252 0.049754895478158624 0.050000016183559592 0.050000014422920791 0.050000013837000951 0.050000016947207272
leaf_weight=0.0010065041622366886 0.0010404477451935188 0.0010294495294154169 0.0023547216405859217 0.0056816108044586144 0.0010385174027760513 0.0011538235048647039
leaf_count=38657 789 53 115 279 51 56
internal_value=0.0449536 0.0496135 0.0499776 0.05 0.05 0.05
internal_weight=0.0133051 0.0122986 0.0112581 0.0102287 0.00672013 0.00350855
internal_count=40000 1343 554 501 330 171
is_linear=0
shrinkage=0.05


Tree=294
num_leaves=8
num_cat=0
split_feature=3 4 7 2 7 2 3
split_gain=0.00140399 2.49412e-07 3.13005e-11 6.93889e-18 3.46945e-18 8.67362e-19 4.33681e-19
threshold=3.5000000000000004 17.345000000000002 4.2700000000000005 2.5000000000000004 6.7300000000000013 5.5000000000000009 6.5000000000000009
decision_type=2 2 2 2 2 2 2
left_child=-1 -2 -3 6 -5 -6 -4
right_child=1 2 3 4 5 -7 -8
leaf_value=-0.0086679905570521878 0.049179509834604458 0.049990733416202485 0.050000014196616996 0.050000014832984191 0.050000018082829695 0.050000016506966241 0.050000014339437453
leaf_weight=0.0011211990554533821 0.0010174906221713806 0.0010032930137473537 0.0016464460404677084 0.0010852843915927224 0.0041645092387625482 0.001239693623574567 0.0014334265433717519
leaf_count=39050 413 43 85 56 215 64 74
internal_value=0.0447588 0.0499272 0.0499991 0.05 0.05 0.05 0.05
internal_weight=0.0127113 0.0115901 0.0105727 0.00956936 0.00648949 0.0054042 0.00307987
internal_count=40000 950 537 494 335 279 159
is_linear=0
shrinkage=0.05


Tree=295
num_leaves=5
num_cat=0
split_feature=3 0 0 0
split_gain=0.00137548 2.7019e-07 1.17477e-11 1.73472e-18
threshold=3.5000000000000004 11950.000000000002 15650.000000000002 46500.000000000007
decision_type=2 2 2 2
left_child=-1 -2 -3 -4
right_child=1 2 3 -5
leaf_value=-0.0082469944061903701 0.049152338269656821 0.049994338703351737 0.05000001482609634 0.05000001485306689
leaf_weight=0.001119556355115848 0.0010392830936538653 0.0010146508480630709 0.0078397826528089354 0.0011328032160236043
leaf_count=39050 414 56 420 60
internal_value=0.0445581 0.0499196 0.0499994 0.05
internal_weight=0.0121461 0.0110265 0.00998724 0.00897259
internal_count=40000 950 536 480
is_linear=0
shrinkage=0.05


Tree=296
num_leaves=5
num_cat=0
split_feature=3 0 0 2
split_gain=0.00134818 2.79472e-07 1.28588e-11 5.20417e-18
threshold=3.5000000000000004 12350.000000000002 16050.000000000002 2.5000000000000004
decision_type=2 2 2 2
left_child=-1 -2 -3 -4
right_child=1 2 3 -5
leaf_value=-0.0078453257337793604 0.049155616428698611 0.049994061803957608 0.050000013048114189 0.050000015342545029
leaf_weight=0.001118071522181908 0.0010958837402927921 0.001017345573622209 0.0025441612579015782 0.0058330758365627844
leaf_count=39050 420 59 145 326
internal_value=0.0443484 0.0499112 0.0499994 0.05
internal_weight=0.0116085 0.0104905 0.00939458 0.00837724
internal_count=40000 950 530 471
is_linear=0
shrinkage=0.05


Tree=297
num_leaves=5
num_cat=0
split_feature=4 0 3 0
split_gain=0.00134482 5.40996e-06 1.32097e-11 1.73472e-18
threshold=10.635000000000003 11950.000000000002 4.5000000000000009 38500.000000000007
decision_type=2 2 2 2
left_child=-1 -2 -3 -4
right_child=1 2 3 -5
leaf_value=-0.011105187974249864 0.046134085165273009 0.049994065663344384 0.05000001202183401 0.050000011792404764
leaf_weight=0.0010024518269613489 0.0010054130088263955 0.0010568720686450215 0.0061430660025507677 0.0018895696539402707
leaf_count=37952 1508 59 368 113
internal_value=0.0441294 0.0496144 0.0499993 0.05
internal_weight=0.0110974 0.0100949 0.00908951 0.00803264
internal_count=40000 2048 540 481
is_linear=0
shrinkage=0.05


Tree=298
num_leaves=6
num_cat=0
split_feature=3 0 0 2 5
split_gain=0.00133227 3.21897e-07 1.32742e-11 1.12757e-17 4.33681e-19
threshold=3.5000000000000004 12950.000000000002 16950.000000000004 2.5000000000000004 1.0000000180025095e-35
decision_type=2 2 2 2 2
left_child=-1 -2 -3 4 -4
right_child=1 2 3 -5 -6
leaf_value=-0.0084849940140676872 0.049063266859847021 0.049994002808863486 0.050000011559844029 0.050000015833200975 0.050000011792633928
leaf_weight=0.0010889014909274417 0.0010299611541775286 0.0010474146741472623 0.0010149299268960021 0.0051870320912712486 0.0012416916179063264
leaf_count=39050 422 67 64 319 78
internal_value=0.0439061 0.049898 0.0499993 0.05 0.05
internal_weight=0.0106099 0.00952103 0.00849107 0.00744365 0.00225662
internal_count=40000 950 528 461 142
is_linear=0
shrinkage=0.05


Tree=299
num_leaves=5
num_cat=0
split_feature=3 4 7 0
split_gain=0.00130455 3.55643e-07 2.907e-12 8.67362e-19
threshold=3.5000000000000004 19.815000000000001 4.6450000000000005 43500.000000000007
decision_type=2 2 2 2
left_child=-1 -2 -3 -4
right_child=1 2 3 -5
leaf_value=-0.0080723780050559087 0.049012887250247876 0.049997145868931912 0.050000011652653324 0.050000011708706396
leaf_weight=0.0010873727582758628 0.001030308788120494 0.0010126309579217008 0.0059747567811427871 0.0010408646858195425
leaf_count=39050 430 55 396 69
internal_value=0.0436757 0.0498874 0.0499997 0.05
internal_weight=0.0101459 0.00905856 0.00802825 0.00701562
internal_count=40000 950 520 465
is_linear=0
shrinkage=0.05


Tree=300
num_leaves=8
num_cat=0
split_feature=4 4 7 2 0 0 0
split_gain=0.00128041 2.50491e-06 5.07811e-10 2.60209e-18 8.67362e-19 4.33681e-19 4.33681e-19
threshold=11.635000000000003 24.535000000000004 4.6450000000000005 2.5000000000000004 39250.000000000007 27750.000000000004 21250.000000000004
decision_type=2 2 2 2 2 2 2
left_child=-1 -2 -3 5 6 -4 -5
right_child=1 2 3 4 -6 -7 -8
leaf_value=-0.0093283116662102022 0.047346961330663774 0.049961873788365439 0.050000011933215183 0.050000010774629136 0.050000009550354031 0.050000012643469961 0.050000009702911075
leaf_weight=0.0010280045780408651 0.001010812163547925 0.0010044907559478844 0.0014671421522507444 0.0010340272465327871 0.0010618261785566574 0.0010034746101155179 0.0020949544332324876
leaf_count=38391 1081 72 98 72 74 66 146
internal_value=0.0434352 0.0496865 0.049995 0.05 0.05 0.05 0.05
internal_weight=0.00970473 0.00867673 0.00766592 0.00666142 0.00419081 0.00247062 0.00312898
internal_count=40000 1609 528 456 292 164 218
is_linear=0
shrinkage=0.05


Tree=301
num_leaves=5
num_cat=0
split_feature=3 0 0 4
split_gain=0.00128905 3.84882e-07 1.54e-11 2.60209e-18
threshold=3.5000000000000004 13300.000000000002 18050.000000000004 24.535000000000004
decision_type=2 2 2 2
left_child=-1 -2 -3 -4
right_child=1 2 3 -5
leaf_value=-0.008729014281717214 0.048958618603564638 0.04999346397945368 0.050000012221878526 0.050000010152346265
leaf_weight=0.0010593206057398783 0.0010138193514652727 0.0010516814303187516 0.0012464521087167668 0.0049137148280351539
leaf_count=39050 431 78 81 360
internal_value=0.0431852 0.0498708 0.0499991 0.05
internal_weight=0.00928499 0.00822567 0.00721185 0.00616017
internal_count=40000 950 519 441
is_linear=0
shrinkage=0.05


Tree=302
num_leaves=4
num_cat=0
split_feature=3 7 1
split_gain=0.00126089 4.01661e-07 1.73944e-11
threshold=3.5000000000000004 4.8850000000000007 0.41925000000000007
decision_type=2 2 2
left_child=-1 -2 -3
right_child=1 2 -4
leaf_value=-0.0083052306009852948 0.048950866067835053 0.049992914960638422 0.050000010267401744
leaf_weight=0.0010577466381906939 0.0010568484567095027 0.0010163828706666322 0.0057533183507985086
leaf_count=39050 438 77 435
internal_value=0.0429327 0.0498574 0.0499989
internal_weight=0.0088843 0.00782655 0.0067697
internal_count=40000 950 512
is_linear=0
shrinkage=0.05


Tree=303
num_leaves=7
num_cat=0
split_feature=0 2 7 2 4 4
split_gain=0.00124567 1.97252e-06 7.20239e-10 1.73472e-18 3.46945e-18 4.33681e-19
threshold=9950.0000000000018 1.5000000000000002 6.2150000000000007 2.5000000000000004 24.535000000000004 58.635000000000005
decision_type=2 2 2 2 2 2
left_child=-1 -2 -3 -4 -5 -6
right_child=1 2 3 4 5 -7
leaf_value=-0.0096138535066675381 0.047610754751687329 0.049953927422259514 0.050000010631907565 0.050000011335029938 0.050000007962996057 0.050000007812752191
leaf_weight=0.0010046470809133012 0.0010032353796809446 0.0010027215847969728 0.0012703220227194834 0.0010109883523909957 0.0015932949117996031 0.00161811434008996
leaf_count=39027 462 80 99 72 129 131
internal_value=0.0426695 0.0496742 0.0499929 0.05 0.05 0.05
internal_weight=0.00850332 0.00749868 0.00649544 0.00549272 0.0042224 0.00321141
internal_count=40000 973 511 431 332 260
is_linear=0
shrinkage=0.05


Tree=304
num_leaves=5
num_cat=0
split_feature=3 0 0 2
split_gain=0.00124249 4.53049e-07 2.07964e-11 1.73472e-18
threshold=3.5000000000000004 14250.000000000002 19750.000000000004 2.5000000000000004
decision_type=2 2 2 2
left_child=-1 -2 -3 -4
right_child=1 2 3 -5
leaf_value=-0.0089016327834375401 0.048853760324353485 0.04999218252715279 0.050000008251896259 0.050000010710742671
leaf_weight=0.0010308480908642892 0.001006495659675366 0.0010185443102059821 0.001416275307747128 0.0036682910176750738
leaf_count=39050 440 87 120 303
internal_value=0.0423984 0.0498366 0.0499987 0.05
internal_weight=0.00814045 0.00710961 0.00610311 0.00508457
internal_count=40000 950 510 423
is_linear=0
shrinkage=0.05


Tree=305
num_leaves=4
num_cat=0
split_feature=3 0 4
split_gain=0.00121412 4.91648e-07 8.67362e-19
threshold=3.5000000000000004 14950.000000000002 24.535000000000004
decision_type=2 2 2
left_child=-1 -2 -3
right_child=1 2 -4
leaf_value=-0.0084699857089394932 0.048812085533330503 0.050000010008408785 0.050000008350775275
leaf_weight=0.0010292552453901038 0.0010268651484608426 0.0010768407300929539 0.0046614023240181268
leaf_count=39050 447 86 417
internal_value=0.0421225 0.0498197 0.05
internal_weight=0.00779436 0.00676511 0.00573824
internal_count=40000 950 503
is_linear=0
shrinkage=0.05


Tree=306
num_leaves=4
num_cat=0
split_feature=3 7 0
split_gain=0.00118683 5.47532e-07 8.67362e-19
threshold=3.5000000000000004 5.2350000000000012 39750.000000000007
decision_type=2 2 2
left_child=-1 -2 -3
right_child=1 2 -4
leaf_value=-0.0080580581570512642 0.04873235966506307 0.05000000862931854 0.050000008902390126
leaf_weight=0.0010278153611240626 0.0010104203407372836 0.0042369089587737108 0.0011901930975000141
leaf_count=39050 450 391 109
internal_value=0.0418351 0.049801 0.05
internal_weight=0.00746534 0.00643752 0.0054271
internal_count=40000 950 500
is_linear=0
shrinkage=0.05


Tree=307
num_leaves=4
num_cat=0
split_feature=3 4 0
split_gain=0.00116053 5.8998e-07 7.80626e-18
threshold=3.5000000000000004 24.535000000000004 16050.000000000002
decision_type=2 2 2
left_child=-1 -2 -3
right_child=1 2 -4
leaf_value=-0.0076651177699312237 0.048683722437168467 0.050000011236203602 0.05000000677256259
leaf_weight=0.0010265139370533305 0.0010216823929720675 0.0011696253386617173 0.0039347210786218056
leaf_count=39050 461 100 389
internal_value=0.041536 0.0497805 0.05
internal_weight=0.00715254 0.00612603 0.00510435
internal_count=40000 950 489
is_linear=0
shrinkage=0.05


Tree=308
num_leaves=5
num_cat=0
split_feature=4 1 3 0
split_gain=0.00114844 6.59794e-07 5.20417e-18 1.73472e-18
threshold=13.945000000000002 0.41925000000000007 6.5000000000000009 26250.000000000004
decision_type=2 2 2 2
left_child=-1 -2 -3 -4
right_child=1 2 3 -5
leaf_value=-0.0078643408783026902 0.048595380982692893 0.050000010007349764 0.050000007758018064 0.050000005632651827
leaf_weight=0.0010150254441017026 0.0010110830485476896 0.0015222797856040415 0.0015064358995005023 0.0018003626410063589
leaf_count=38937 589 135 152 187
internal_value=0.041225 0.0497568 0.05 0.05
internal_weight=0.00685519 0.00584016 0.00482908 0.0033068
internal_count=40000 1063 474 339
is_linear=0
shrinkage=0.05


Tree=309
num_leaves=5
num_cat=0
split_feature=3 7 2 2
split_gain=0.00114472 6.43104e-07 8.67362e-19 4.33681e-19
threshold=3.5000000000000004 5.7150000000000007 4.5000000000000009 2.5000000000000004
decision_type=2 2 2 2
left_child=-1 -2 3 -3
right_child=1 2 -4 -5
leaf_value=-0.0083416308578029875 0.048601984550547213 0.050000006857486623 0.050000007156041852 0.050000005661169633
leaf_weight=0.0010003492265715508 0.0010032684982981266 0.0013063784599580686 0.0015187741928457399 0.0017430969492124859
leaf_count=39050 464 142 157 187
internal_value=0.040906 0.0497483 0.05 0.05
internal_weight=0.00657187 0.00557152 0.00456825 0.00304948
internal_count=40000 950 486 329
is_linear=0
shrinkage=0.05


Tree=310
num_leaves=4
num_cat=0
split_feature=4 7 3
split_gain=0.00109269 4.79834e-07 3.46945e-18
threshold=14.755000000000001 5.7150000000000007 6.5000000000000009
decision_type=2 2 2
left_child=-1 -2 -3
right_child=1 2 -4
leaf_value=-0.0066123807818894353 0.048790345665345569 0.050000008883863224 0.050000006195609625
leaf_weight=0.0010266594410603957 0.0010151647961116339 0.0012796948221875937 0.0029799638059557765
leaf_count=39045 487 126 342
internal_value=0.0405816 0.0497672 0.05
internal_weight=0.00630148 0.00527482 0.00425966
internal_count=40000 955 468
is_linear=0
shrinkage=0.05


Tree=311
num_leaves=5
num_cat=0
split_feature=7 0 7 0
split_gain=0.00107192 5.38685e-07 4.95513e-10 4.33681e-19
threshold=3.9550000000000005 19200.000000000004 9.2200000000000024 35750.000000000007
decision_type=2 2 2 2
left_child=-1 -2 -3 -4
right_child=1 2 3 -5
leaf_value=-0.0064566486205002412 0.048699799446386582 0.049959729602758102 0.050000006555011745 0.05000000691481489
leaf_weight=0.0010214588873136421 0.001014075899885114 0.001026250341745083 0.0016094690527097555 0.0013744647949351929
leaf_count=39214 327 120 185 154
internal_value=0.0402364 0.0497294 0.0499897 0.05
internal_weight=0.00604572 0.00502426 0.00401018 0.00298393
internal_count=40000 786 459 339
is_linear=0
shrinkage=0.05


Tree=312
num_leaves=4
num_cat=0
split_feature=4 0 3
split_gain=0.00108013 4.79955e-07 1.30104e-18
threshold=14.755000000000001 16050.000000000002 6.5000000000000009
decision_type=2 2 2
left_child=-1 -2 -3
right_child=1 2 -4
leaf_value=-0.0073485927799478495 0.048796553216768512 0.050000007814466167 0.050000005820455967
leaf_weight=0.0010016576113089926 0.001064526954703382 0.0011580346108530648 0.0025782537804843741
leaf_count=39045 502 126 327
internal_value=0.0398794 0.0497332 0.05
internal_weight=0.00580247 0.00480082 0.00373629
internal_count=40000 955 453
is_linear=0
shrinkage=0.05


Tree=313
num_leaves=4
num_cat=0
split_feature=4 0 3
split_gain=0.00105536 5.54634e-07 8.67362e-19
threshold=14.755000000000001 16050.000000000002 7.5000000000000009
decision_type=2 2 2
left_child=-1 -2 -3
right_child=1 2 -4
leaf_value=-0.0069887178622455694 0.048674816825429748 0.050000006861079464 0.050000005910818268
leaf_weight=0.0010006028229323505 0.0010150795007959346 0.0014614506558245921 0.0020926168567712011
leaf_count=39045 502 174 279
internal_value=0.0395205 0.0497056 0.05
internal_weight=0.00556975 0.00456915 0.00355407
internal_count=40000 955 453
is_linear=0
shrinkage=0.05


Tree=314
num_leaves=5
num_cat=0
split_feature=7 0 0 0
split_gain=0.00101118 2.3148e-07 1.14239e-10 4.33681e-19
threshold=4.2700000000000005 20600.000000000004 27250.000000000004 36750.000000000007
decision_type=2 2 2 2
left_child=-1 -2 -3 -4
right_child=1 2 3 -5
leaf_value=-0.0052792151081121688 0.049137619781246991 0.049979968987425086 0.050000006616631731 0.050000006849396331
leaf_weight=0.0010332939063131263 0.0010408412214601981 0.0010444759116801094 0.001147748744187993 0.0010821876062436786
leaf_count=39282 293 139 147 139
internal_value=0.0391488 0.0497871 0.0499936 0.05
internal_weight=0.00534855 0.00431525 0.00327441 0.00222994
internal_count=40000 718 425 286
is_linear=0
shrinkage=0.05


Tree=315
num_leaves=3
num_cat=0
split_feature=4 3
split_gain=0.00101549 3.55084e-07
threshold=15.900000000000002 5.5000000000000009
decision_type=2 2
left_child=-1 -2
right_child=1 -3
leaf_value=-0.0062636921892781213 0.048936445741506171 0.050000006033311672
leaf_weight=0.0010071071412234289 0.0010532298738556989 0.0030789689458288194
leaf_count=39152 409 439
internal_value=0.0387565 0.0497289
internal_weight=0.00513931 0.0041322
internal_count=40000 848
is_linear=0
shrinkage=0.05


Tree=316
num_leaves=4
num_cat=0
split_feature=7 0 0
split_gain=0.00100043 2.34319e-07 7.81824e-11
threshold=4.2700000000000005 21550.000000000004 28750.000000000004
decision_type=2 2 2
left_child=-1 -2 -3
right_child=1 2 -4
leaf_value=-0.0060775528371363602 0.049129365296367633 0.049982694769914147 0.050000006550685427
leaf_weight=0.001008020357828876 0.0010811594236841415 0.0010103714823088694 0.0018396173845758312
leaf_count=39282 314 147 257
internal_value=0.0383612 0.0497561 0.0499939
internal_weight=0.00493917 0.00393115 0.00284999
internal_count=40000 718 404
is_linear=0
shrinkage=0.05


Tree=317
num_leaves=4
num_cat=0
split_feature=4 0 0
split_gain=0.000988806 2.0477e-07 4.33681e-19
threshold=17.345000000000002 17900.000000000004 32750.000000000004
decision_type=2 2 2
left_child=-1 -2 -3
right_child=1 2 -4
leaf_value=-0.0061006625650241687 0.049172124040750886 0.050000005360126512 0.050000006199099292
leaf_weight=0.0010042434256742894 0.0010305538545978266 0.0016501076902386558 0.0010636684910423355
leaf_count=39259 320 254 167
internal_value=0.037956 0.0497721 0.05
internal_weight=0.00474857 0.00374433 0.00271378
internal_count=40000 741 421
is_linear=0
shrinkage=0.05


Tree=318
num_leaves=4
num_cat=0
split_feature=4 7 3
split_gain=0.000966426 1.91493e-07 4.33681e-19
threshold=17.345000000000002 7.3350000000000009 9.5000000000000018
decision_type=2 2 2
left_child=-1 -2 -3
right_child=1 2 -4
leaf_value=-0.005799950663265583 0.049214313880514254 0.050000005211339141 0.050000004177097747
leaf_weight=0.0010035145937976608 0.0011406227159724835 0.0013830793418492249 0.0010396661668892193
leaf_count=39259 341 222 178
internal_value=0.0375424 0.0497485 0.05
internal_weight=0.00456688 0.00356337 0.00242275
internal_count=40000 741 400
is_linear=0
shrinkage=0.05


Tree=319
num_leaves=4
num_cat=0
split_feature=4 0 0
split_gain=0.000944573 2.47985e-07 4.33681e-19
threshold=17.345000000000002 18550.000000000004 29250.000000000004
decision_type=2 2 2
left_child=-1 -2 -3
right_child=1 2 -4
leaf_value=-0.0055136659293394076 0.049063852689512424 0.050000004687239613 0.050000004544054615
leaf_weight=0.0010028563105910493 0.0010055904208865485 0.0011448035911598708 0.0012409219575602037
leaf_count=39259 331 195 215
internal_value=0.0371162 0.0497224 0.05
internal_weight=0.00439417 0.00339132 0.00238573
internal_count=40000 741 410
is_linear=0
shrinkage=0.05


Tree=320
num_leaves=3
num_cat=0
split_feature=4 0
split_gain=0.000923199 2.57435e-07
threshold=17.345000000000002 19750.000000000004
decision_type=2 2
left_child=-1 -2
right_child=1 -3
leaf_value=-0.0052411717897609391 0.04904275574736492 0.050000004319840474
leaf_weight=0.0010022618040972375 0.0010328825666565677 0.0021948570379208832
leaf_count=39259 344 397
internal_value=0.0366774 0.0496937
internal_weight=0.00423 0.00322774
internal_count=40000 741
is_linear=0
shrinkage=0.05


Tree=321
num_leaves=3
num_cat=0
split_feature=3 7
split_gain=0.000908464 1.57413e-08
threshold=4.5000000000000009 7.8100000000000014
decision_type=2 2
left_child=-1 -2
right_child=1 -3
leaf_value=-0.0044825315310071372 0.04975821479960113 0.050000003691323569
leaf_weight=0.0010255120854560928 0.0010034450804710104 0.0020449998160074756
leaf_count=39406 224 370
internal_value=0.0362259 0.0499204
internal_weight=0.00407396 0.00304844
internal_count=40000 594
is_linear=0
shrinkage=0.05


Tree=322
num_leaves=3
num_cat=0
split_feature=3 1
split_gain=0.000889077 1.66111e-08
threshold=4.5000000000000009 0.5384500000000001
decision_type=2 2
left_child=-1 -2
right_child=1 -3
leaf_value=-0.0042601184328321271 0.049749226412386854 0.050000003923534743
leaf_weight=0.0010251102730656214 0.0010168405428636618 0.0018834023248928133
leaf_count=39406 235 359
internal_value=0.035765 0.0499121
internal_weight=0.00392535 0.00290024
internal_count=40000 594
is_linear=0
shrinkage=0.05


Tree=323
num_leaves=3
num_cat=0
split_feature=3 7
split_gain=0.000870012 1.76382e-08
threshold=4.5000000000000009 8.5250000000000004
decision_type=2 2
left_child=-1 -2
right_child=1 -3
leaf_value=-0.0040485831316307416 0.049738344986597481 0.050000004390110146
leaf_weight=0.0010247474845161975 0.0010242638276096727 0.0017350289344904013
leaf_count=39406 248 346
internal_value=0.0352924 0.0499029
internal_weight=0.00378404 0.00275929
internal_count=40000 594
is_linear=0
shrinkage=0.05


Tree=324
num_leaves=3
num_cat=0
split_feature=4 4
split_gain=0.000878583 2.15747e-08
threshold=19.815000000000001 58.635000000000005
decision_type=2 2
left_child=-1 -2
right_child=1 -3
leaf_value=-0.0051046782288623246 0.049706922687490794 0.050000004880352979
leaf_weight=0.0010007177460424899 0.0010229777097858772 0.0016259666672340245
leaf_count=39366 318 316
internal_value=0.0348084 0.0498868
internal_weight=0.00364966 0.00264894
internal_count=40000 634
is_linear=0
shrinkage=0.05


Tree=325
num_leaves=3
num_cat=0
split_feature=4 0
split_gain=0.000857832 2.35457e-08
threshold=19.815000000000001 22250.000000000004
decision_type=2 2
left_child=-1 -2
right_child=1 -3
leaf_value=-0.0048519751391896803 0.049688168999421793 0.050000004397193258
leaf_weight=0.0010002092418543995 0.0010104510709112446 0.0015098861781552841
leaf_count=39366 294 340
internal_value=0.0343267 0.049875
internal_weight=0.00352055 0.00252034
internal_count=40000 634
is_linear=0
shrinkage=0.05


Tree=326
num_leaves=3
num_cat=0
split_feature=7 0
split_gain=0.000822941 3.12776e-08
threshold=5.2350000000000012 27250.000000000004
decision_type=2 2
left_child=-1 -2
right_child=1 -3
leaf_value=-0.0039950914396673911 0.049635290347210044 0.050000004036437742
leaf_weight=0.0010102256672981369 0.0010469081161303961 0.0013406483190010476
leaf_count=39415 299 286
internal_value=0.0338339 0.0498401
internal_weight=0.00339778 0.00238756
internal_count=40000 585
is_linear=0
shrinkage=0.05


Tree=327
num_leaves=3
num_cat=0
split_feature=7 7
split_gain=0.000804024 3.51946e-08
threshold=5.2350000000000012 10.550000000000002
decision_type=2 2
left_child=-1 -2
right_child=1 -3
leaf_value=-0.0037965500336668758 0.049604105240422663 0.050000003857774838
leaf_weight=0.0010099112412937927 0.0010135201361478607 0.0012583362642999418
leaf_count=39415 299 286
internal_value=0.0333227 0.0498234
internal_weight=0.00328177 0.00227186
internal_count=40000 585
is_linear=0
shrinkage=0.05


Tree=328
num_leaves=3
num_cat=0
split_feature=7 0
split_gain=0.000785369 3.51751e-08
threshold=5.2350000000000012 28250.000000000004
decision_type=2 2
left_child=-1 -2
right_child=1 -3
leaf_value=-0.0036077636170363833 0.049596405519644282 0.050000003989354773
leaf_weight=0.0010096273888668961 0.0010447452287607462 0.0011170914328886283
leaf_count=39415 323 262
internal_value=0.0328012 0.049805
internal_weight=0.00317146 0.00216184
internal_count=40000 585
is_linear=0
shrinkage=0.05


Tree=329
num_leaves=2
num_cat=0
split_feature=1
split_gain=0.000772057
threshold=0.41925000000000007
decision_type=2
left_child=-1
right_child=-2
leaf_value=-0.0032292547030937976 0.05000000388010261
leaf_weight=0.0010214692889212174 0.0020451240820875682
leaf_count=39500 500
internal_value=0.0322696
internal_weight=0.00306659
internal_count=40000
is_linear=0
shrinkage=0.05


Tree=330
num_leaves=2
num_cat=0
split_feature=4
split_gain=0.000750745
threshold=24.535000000000004
decision_type=2
left_child=-1
right_child=-2
leaf_value=-0.0029600987073832193 0.049967957135336555
leaf_weight=0.0010221740458140616 0.0019444697512760456
leaf_count=39472 528
internal_value=0.0317313
internal_weight=0.00296664
internal_count=40000
is_linear=0
shrinkage=0.05


Tree=331
num_leaves=2
num_cat=0
split_feature=1
split_gain=0.000757656
threshold=0.41925000000000007
decision_type=2
left_child=-1
right_child=-2
leaf_value=-0.0038684377546243116 0.050000003522695617
leaf_weight=0.0010031836755812762 0.0018685741347326257
leaf_count=39500 500
internal_value=0.0311823
internal_weight=0.00287176
internal_count=40000
is_linear=0
shrinkage=0.05


Tree=332
num_leaves=2
num_cat=0
split_feature=1
split_gain=0.000738881
threshold=0.41925000000000007
decision_type=2
left_child=-1
right_child=-2
leaf_value=-0.0036761174725650821 0.050000003082887316
leaf_weight=0.0010028909392181262 0.0017774427074073174
leaf_count=39500 500
internal_value=0.0306386
internal_weight=0.00278033
internal_count=40000
is_linear=0
shrinkage=0.05


Tree=333
num_leaves=2
num_cat=0
split_feature=1
split_gain=0.000720411
threshold=0.41925000000000007
decision_type=2
left_child=-1
right_child=-2
leaf_value=-0.0034932564252817678 0.050000003133365924
leaf_weight=0.0010026266523022187 0.001690755807203459
leaf_count=39500 500
internal_value=0.0300868
internal_weight=0.00269338
internal_count=40000
is_linear=0
shrinkage=0.05


Tree=334
num_leaves=2
num_cat=0
split_feature=1
split_gain=0.000702228
threshold=0.41925000000000007
decision_type=2
left_child=-1
right_child=-2
leaf_value=-0.0033194044878802329 0.050000002968853478
leaf_weight=0.0010023880722407341 0.0016082966790236242
leaf_count=39500 500
internal_value=0.0295277
internal_weight=0.00261068
internal_count=40000
is_linear=0
shrinkage=0.05


Tree=335
num_leaves=2
num_cat=0
split_feature=1
split_gain=0.000684319
threshold=0.41925000000000007
decision_type=2
left_child=-1
right_child=-2
leaf_value=-0.0031541301346020242 0.050000002615748475
leaf_weight=0.0010021727031608307 0.001529859132006095
leaf_count=39500 500
internal_value=0.0289617
internal_weight=0.00253203
internal_count=40000
is_linear=0
shrinkage=0.05


Tree=336
num_leaves=2
num_cat=0
split_feature=1
split_gain=0.000666673
threshold=0.41925000000000007
decision_type=2
left_child=-1
right_child=-2
leaf_value=-0.0029970198339578247 0.050000002562367911
leaf_weight=0.0010019782726633508 0.0014552470231592451
leaf_count=39500 500
internal_value=0.0283895
internal_weight=0.00245723
internal_count=40000
is_linear=0
shrinkage=0.05


Tree=337
num_leaves=2
num_cat=0
split_feature=1
split_gain=0.00064928
threshold=0.41925000000000007
decision_type=2
left_child=-1
right_child=-2
leaf_value=-0.0028476811793366518 0.050000002981189312
leaf_weight=0.0010018027832945364 0.0013842737855611631
leaf_count=39500 500
internal_value=0.0278117
internal_weight=0.00238608
internal_count=40000
is_linear=0
shrinkage=0.05


Tree=338
num_leaves=2
num_cat=0
split_feature=1
split_gain=0.000632131
threshold=0.41925000000000007
decision_type=2
left_child=-1
right_child=-2
leaf_value=-0.0027057363117379382 0.050000002780051594
leaf_weight=0.0010016443596123636 0.0013167619586056389
leaf_count=39500 500
internal_value=0.027229
internal_weight=0.00231841
internal_count=40000
is_linear=0
shrinkage=0.05


Tree=339
num_leaves=2
num_cat=0
split_feature=1
split_gain=0.000615221
threshold=0.41925000000000007
decision_type=2
left_child=-1
right_child=-2
leaf_value=-0.0025708263583967801 0.050000002886281952
leaf_weight=0.0010015013715642951 0.0012525427202945139
leaf_count=39500 500
internal_value=0.0266421
internal_weight=0.00225404
internal_count=40000
is_linear=0
shrinkage=0.05


Tree=340
num_leaves=2
num_cat=0
split_feature=1
split_gain=0.000598546
threshold=0.41925000000000007
decision_type=2
left_child=-1
right_child=-2
leaf_value=-0.0024426083458034542 0.050000002108705789
leaf_weight=0.0010013723001316421 0.0011914555018393003
leaf_count=39500 500
internal_value=0.0260517
internal_weight=0.00219283
internal_count=40000
is_linear=0
shrinkage=0.05


Tree=341
num_leaves=2
num_cat=0
split_feature=1
split_gain=0.000582102
threshold=0.41925000000000007
decision_type=2
left_child=-1
right_child=-2
leaf_value=-0.0023207551846395071 0.050000001971060332
leaf_weight=0.0010012557996015303 0.0011333475354149414
leaf_count=39500 500
internal_value=0.0254585
internal_weight=0.0021346
internal_count=40000
is_linear=0
shrinkage=0.05


Tree=342
num_leaves=2
num_cat=0
split_feature=1
split_gain=0.000565887
threshold=0.41925000000000007
decision_type=2
left_child=-1
right_child=-2
leaf_value=-0.0022049549406351794 0.050000002077391442
leaf_weight=0.0010011506371441214 0.0010780735217394977
leaf_count=39500 500
internal_value=0.0248632
internal_weight=0.00207922
internal_count=40000
is_linear=0
shrinkage=0.05


Tree=343
num_leaves=2
num_cat=0
split_feature=1
split_gain=0.000549902
threshold=0.41925000000000007
decision_type=2
left_child=-1
right_child=-2
leaf_value=-0.0020949105727122107 0.050000001779261019
leaf_weight=0.0010010557200867964 0.001025495260137177
leaf_count=39500 500
internal_value=0.0242667
internal_weight=0.00202655
internal_count=40000
is_linear=0
shrinkage=0.05


end of trees

feature_importances:
withdrawal_amount=980
amount_to_avg_ratio=699
distance_from_last_terminal_km=607
channel_deviation_score=592
velocity_24h=354
velocity_10m=343
is_off_hours=9
failed_auth_attempts=8

parameters:
[boosting: gbdt]
[objective: binary]
[metric: binary_logloss]
[tree_learner: serial]
[device_type: cpu]
[data_sample_strategy: bagging]
[data: ]
[valid: ]
[num_iterations: 1000]
[learning_rate: 0.05]
[num_leaves: 31]
[num_threads: 12]
[seed: 42]
[deterministic: 0]
[force_col_wise: 0]
[force_row_wise: 0]
[histogram_pool_size: -1]
[max_depth: 6]
[min_data_in_leaf: 20]
[min_sum_hessian_in_leaf: 0.001]
[bagging_fraction: 0.85]
[pos_bagging_fraction: 1]
[neg_bagging_fraction: 1]
[bagging_freq: 0]
[bagging_seed: 400]
[bagging_by_query: 0]
[feature_fraction: 0.85]
[feature_fraction_bynode: 1]
[feature_fraction_seed: 30056]
[extra_trees: 0]
[extra_seed: 12879]
[early_stopping_round: 0]
[early_stopping_min_delta: 0]
[first_metric_only: 0]
[max_delta_step: 0]
[lambda_l1: 0]
[lambda_l2: 0]
[linear_lambda: 0]
[min_gain_to_split: 0]
[drop_rate: 0.1]
[max_drop: 50]
[skip_drop: 0.5]
[xgboost_dart_mode: 0]
[uniform_drop: 0]
[drop_seed: 17869]
[top_rate: 0.2]
[other_rate: 0.1]
[min_data_per_group: 100]
[max_cat_threshold: 32]
[cat_l2: 10]
[cat_smooth: 10]
[max_cat_to_onehot: 4]
[top_k: 20]
[monotone_constraints: ]
[monotone_constraints_method: basic]
[monotone_penalty: 0]
[feature_contri: ]
[forcedsplits_filename: ]
[refit_decay_rate: 0.9]
[cegb_tradeoff: 1]
[cegb_penalty_split: 0]
[cegb_penalty_feature_lazy: ]
[cegb_penalty_feature_coupled: ]
[path_smooth: 0]
[interaction_constraints: ]
[verbosity: -1]
[saved_feature_importance_type: 0]
[use_quantized_grad: 0]
[num_grad_quant_bins: 4]
[quant_train_renew_leaf: 0]
[stochastic_rounding: 1]
[linear_tree: 0]
[max_bin: 255]
[max_bin_by_feature: ]
[min_data_in_bin: 3]
[bin_construct_sample_cnt: 200000]
[data_random_seed: 175]
[is_enable_sparse: 1]
[enable_bundle: 1]
[use_missing: 1]
[zero_as_missing: 0]
[feature_pre_filter: 1]
[pre_partition: 0]
[two_round: 0]
[header: 0]
[label_column: ]
[weight_column: ]
[group_column: ]
[ignore_column: ]
[categorical_feature: ]
[forcedbins_filename: ]
[precise_float_parser: 0]
[parser_config_file: ]
[objective_seed: 16083]
[num_class: 1]
[is_unbalance: 0]
[scale_pos_weight: 65.6667]
[sigmoid: 1]
[boost_from_average: 1]
[reg_sqrt: 0]
[alpha: 0.9]
[fair_c: 1]
[poisson_max_delta_step: 0.7]
[tweedie_variance_power: 1.5]
[lambdarank_truncation_level: 30]
[lambdarank_norm: 1]
[label_gain: ]
[lambdarank_position_bias_regularization: 0]
[eval_at: ]
[multi_error_top_k: 1]
[auc_mu_weights: ]
[num_machines: 1]
[local_listen_port: 12400]
[time_out: 120]
[machine_list_filename: ]
[machines: ]
[gpu_platform_id: -1]
[gpu_device_id: -1]
[gpu_device_id_list: ]
[gpu_use_dp: 0]
[num_gpu: 1]

end of parameters

pandas_categorical:[]
